sample_id,building_id,record_index,event,orthomosaic,label,class_id,legacy_split,polygon_min_x,polygon_min_y,polygon_max_x,polygon_max_y,in_train_10pct,in_train_20pct,in_train_30pct,ian_to_ida_role,ida_to_ian_role,orthomosaic_group,flight_group,sequence_group,exact_duplicate_group,perceptual_duplicate_group,exact_hash_sha256,phash64,polygon_alpha_invalid_fraction
0171c79aee4d8db8b4ecf7fcf2e4e747,cac1e348f72b4cedbfaa27094e5359b5,257,Hurricane Ian,1001-San-Carlos-Island.geo.tif,minor damage,1,train,26003,28376,26319,28834,False,False,True,train_pool,excluded,orthomosaic::1001-San-Carlos-Island.geo.tif,orthomosaic_surrogate::1001-San-Carlos-Island.geo.tif,orthomosaic_surrogate::1001-San-Carlos-Island.geo.tif,exact_group_0001,phash_group_0001,84f43444398495195dd27eb516521cb4014b90bc6d400a0253c8136e177885b7,95686c3e613e3d62,0.0
022472d623726b5c3f449c956611838c,a49b84a07ffb4ecba64c294fd7c41c41,321,Hurricane Ian,1001-San-Carlos-Island.geo.tif,no damage,0,val,26650,18768,27125,19115,False,False,False,excluded,evaluation,orthomosaic::1001-San-Carlos-Island.geo.tif,orthomosaic_surrogate::1001-San-Carlos-Island.geo.tif,orthomosaic_surrogate::1001-San-Carlos-Island.geo.tif,exact_group_0002,phash_group_0002,109519738f2003f71ae10377881799d389904d48e85b8bfb64f578f3aee0ca6b,83177fe01d4c1c79,0.0
0266799dea4ffc776f1c5dcd3ae08620,03f662a30c95472ebb9b271ae9b0210d,220,Hurricane Ian,1001-San-Carlos-Island.geo.tif,no damage,0,train,24754,12142,25262,12521,False,True,True,train_pool,excluded,orthomosaic::1001-San-Carlos-Island.geo.tif,orthomosaic_surrogate::1001-San-Carlos-Island.geo.tif,orthomosaic_surrogate::1001-San-Carlos-Island.geo.tif,exact_group_0003,phash_group_0003,73b8cde42aaee76cc9bd871dfc384be52124030305e5c4f7a643ad904f3db785,b03d79c20f271e3a,0.0
02837db71c3718f26f23defe612f5f70,573a5060c2fb484494adb9d7e7a4ffde,343,Hurricane Ian,1001-San-Carlos-Island.geo.tif,minor damage,1,val,26915,20597,27345,20876,False,False,False,excluded,evaluation,orthomosaic::1001-San-Carlos-Island.geo.tif,orthomosaic_surrogate::1001-San-Carlos-Island.geo.tif,orthomosaic_surrogate::1001-San-Carlos-Island.geo.tif,exact_group_0004,phash_group_0004,1dddeb4a02a8a87a21b1c094002b9ca3faadb558ce1e856062e8caa0a8482443,85157bea107b5e31,0.0
033d9cfec01a92327813d4c8ce3101cb,287042f862654181833be4db64fe0551,46,Hurricane Ian,1001-San-Carlos-Island.geo.tif,minor damage,1,val,13284,21446,13505,21775,False,False,False,excluded,evaluation,orthomosaic::1001-San-Carlos-Island.geo.tif,orthomosaic_surrogate::1001-San-Carlos-Island.geo.tif,orthomosaic_surrogate::1001-San-Carlos-Island.geo.tif,exact_group_0005,phash_group_0005,1dcd15ac8d37d44a9462f191cbb20568aecf04b0a98443e59831bf59526ad918,983664696765a765,0.0
037532c00e0ef94165664f1999dfd788,a99583c41d5c48adb80d4d2ea193dd18,194,Hurricane Ian,1001-San-Carlos-Island.geo.tif,major damage,2,val,22807,26548,23076,26731,False,False,False,excluded,evaluation,orthomosaic::1001-San-Carlos-Island.geo.tif,orthomosaic_surrogate::1001-San-Carlos-Island.geo.tif,orthomosaic_surrogate::1001-San-Carlos-Island.geo.tif,exact_group_0006,phash_group_0006,cd83539dca38ae9ff552ad988ce405784069dee127ea6d186294336a590f0fe9,c0c22e2d1fd77934,0.0
03a71b222d54242e4f93bcb0c4dc7447,eca5a6745d84402b9196d6ccaac6ead7,492,Hurricane Ian,1001-San-Carlos-Island.geo.tif,no damage,0,train,8364,23516,9004,23939,True,True,True,train_pool,excluded,orthomosaic::1001-San-Carlos-Island.geo.tif,orthomosaic_surrogate::1001-San-Carlos-Island.geo.tif,orthomosaic_surrogate::1001-San-Carlos-Island.geo.tif,exact_group_0007,phash_group_0007,0dd9fe62267c6dc59388224b2dae3fe1fe30d9896598cdc6486dce79dc52df15,80237f99399c8d4f,0.0
03acbf77141cc545b120cf0c50b19ce3,4636839c86684f38bb2b5f2964dd71e3,102,Hurricane Ian,1001-San-Carlos-Island.geo.tif,destroyed,3,val,14011,21043,14310,21280,False,False,False,excluded,evaluation,orthomosaic::1001-San-Carlos-Island.geo.tif,orthomosaic_surrogate::1001-San-Carlos-Island.geo.tif,orthomosaic_surrogate::1001-San-Carlos-Island.geo.tif,exact_group_0008,phash_group_0008,46e28fb39d7e7e17265de1142e2ac9e3d045680b65c7f16f06ed2f755d2339f2,e8f811055f1f6e0e,0.0
06da4a0e9a3c4650f1ad219be67584eb,606721536f9d434e9a53b3ac7a321511,320,Hurricane Ian,1001-San-Carlos-Island.geo.tif,no damage,0,val,26654,17561,27100,17899,False,False,False,excluded,evaluation,orthomosaic::1001-San-Carlos-Island.geo.tif,orthomosaic_surrogate::1001-San-Carlos-Island.geo.tif,orthomosaic_surrogate::1001-San-Carlos-Island.geo.tif,exact_group_0009,phash_group_0009,8ca2480b8848dabdcec7aab3f9944e551ba76c73e176301115936606ff9a12d5,821667ed1aa74db8,0.0
0871b81176e98c0b0733d3cd703d4d53,0cf86620f95143839a37218953838121,43,Hurricane Ian,1001-San-Carlos-Island.geo.tif,minor damage,1,train,13223,22277,13541,22460,False,True,True,train_pool,excluded,orthomosaic::1001-San-Carlos-Island.geo.tif,orthomosaic_surrogate::1001-San-Carlos-Island.geo.tif,orthomosaic_surrogate::1001-San-Carlos-Island.geo.tif,exact_group_0010,phash_group_0010,3170b3e359cd9eab00866872f0033324f665c477e985fef37508ece2bd4974bb,d5302abf6bc2e035,0.0
0876c3157a6e817889df0a93d456b643,b1c72fdee1d6478e8e38c0a8c2730e31,54,Hurricane Ian,1001-San-Carlos-Island.geo.tif,major damage,2,val,13709,19696,14054,20009,False,False,False,excluded,evaluation,orthomosaic::1001-San-Carlos-Island.geo.tif,orthomosaic_surrogate::1001-San-Carlos-Island.geo.tif,orthomosaic_surrogate::1001-San-Carlos-Island.geo.tif,exact_group_0011,phash_group_0011,058a79636c0510a9a167e1bf7ae5d76a29f3efd143e682c2019ca8d2a1672797,8b81697a3dac5467,0.0
0a1c26cc54116be6432908a8b66abcd2,b24ae212970c470390d655208babc923,84,Hurricane Ida,20210901-Cocodrie-1.geo.tif,no damage,0,train,20491,3808,21024,4333,False,True,True,excluded,train_pool,orthomosaic::20210901-Cocodrie-1.geo.tif,orthomosaic_surrogate::20210901-Cocodrie-1.geo.tif,orthomosaic_surrogate::20210901-Cocodrie-1.geo.tif,exact_group_0012,phash_group_0012,22744f998510b77bb7f93ac4f160bfe69a309e003ab7b61b66963cebc430753c,c2272dfb3481789b,0.0
0a34d1843ee9fbe1d1418ccaeabd1325,374e652e0e62459fa4cf3720e6e3a872,308,Hurricane Ian,1001-San-Carlos-Island.geo.tif,destroyed,3,train,26705,14018,27087,14319,False,False,True,train_pool,excluded,orthomosaic::1001-San-Carlos-Island.geo.tif,orthomosaic_surrogate::1001-San-Carlos-Island.geo.tif,orthomosaic_surrogate::1001-San-Carlos-Island.geo.tif,exact_group_0013,phash_group_0013,4348f78907e7b6275bb27057f7b80f1918833f4bad75d79ede2f1308c32dc729,cbb76de8394c3209,0.0
0cb3aa954be89fb0d997ae9754843d19,af862b4d28db486da13e2585122a8dba,447,Hurricane Ian,1001-San-Carlos-Island.geo.tif,no damage,0,train,7350,8219,7831,8689,True,True,True,train_pool,excluded,orthomosaic::1001-San-Carlos-Island.geo.tif,orthomosaic_surrogate::1001-San-Carlos-Island.geo.tif,orthomosaic_surrogate::1001-San-Carlos-Island.geo.tif,exact_group_0014,phash_group_0014,4cd3cc4cbe56f0845886db7858668b4a191d7d26236c98c3b3d2bfe5fc8b8489,81af6f7e6caa7010,0.0
0d90117a870f840632f4212bfc4e6708,4e1df6dd761548ce9642a9ca8804344a,562,Hurricane Ian,1001-San-Carlos-Island.geo.tif,minor damage,1,train,25890,18431,26318,18745,True,True,True,train_pool,excluded,orthomosaic::1001-San-Carlos-Island.geo.tif,orthomosaic_surrogate::1001-San-Carlos-Island.geo.tif,orthomosaic_surrogate::1001-San-Carlos-Island.geo.tif,exact_group_0015,phash_group_0015,9d37231d9ab9d551a78ff96afe11833caa743554792edf7bbf54db79c9c9a07f,85b76a401c1f72b7,0.0
0e508eaeb52f8a187fa7e56cdf100fce,6ce9bed51b154900af86663f8169c49f,106,Hurricane Ida,20210901-Cocodrie-1.geo.tif,minor damage,1,val,13150,25632,13629,26261,False,False,False,evaluation,excluded,orthomosaic::20210901-Cocodrie-1.geo.tif,orthomosaic_surrogate::20210901-Cocodrie-1.geo.tif,orthomosaic_surrogate::20210901-Cocodrie-1.geo.tif,exact_group_0016,phash_group_0016,9609d32df9e72fe78fd9b97016670286cd677ee56eaad33df6f78c9c1ec77223,d1322d6c2ddb334c,0.0
0e966c9220dfefabd46e49e60bec1e41,27d2bed348ae438cbcb7e0f57b9c118e,303,Hurricane Ian,1001-San-Carlos-Island.geo.tif,no damage,0,val,25931,14545,26367,14887,False,False,False,excluded,evaluation,orthomosaic::1001-San-Carlos-Island.geo.tif,orthomosaic_surrogate::1001-San-Carlos-Island.geo.tif,orthomosaic_surrogate::1001-San-Carlos-Island.geo.tif,exact_group_0017,phash_group_0017,3bae612c538a425a0d19a92525dabc13ea224d13498943d165e454a2c6f5860c,d8be6cc105093f73,0.0
0eb2e2b285a89d69ce575ca3adf09ba0,15dd3091cca84cd096df91e2949be1ab,539,Hurricane Ian,1001-San-Carlos-Island.geo.tif,minor damage,1,train,8568,8818,9011,9377,True,True,True,train_pool,excluded,orthomosaic::1001-San-Carlos-Island.geo.tif,orthomosaic_surrogate::1001-San-Carlos-Island.geo.tif,orthomosaic_surrogate::1001-San-Carlos-Island.geo.tif,exact_group_0018,phash_group_0018,90c5698ac1e0aa2a8ec0bb4e584602f1543426d8e62be190850efab209e72680,d0b06c497ccf3cc6,0.0
0edfa0b25ae46bca5ed0583b619c9761,7d73135b322445218e0080eaa101c592,97,Hurricane Ida,20210901-Cocodrie-1.geo.tif,major damage,2,train,21652,4046,22223,4539,False,False,True,excluded,train_pool,orthomosaic::20210901-Cocodrie-1.geo.tif,orthomosaic_surrogate::20210901-Cocodrie-1.geo.tif,orthomosaic_surrogate::20210901-Cocodrie-1.geo.tif,exact_group_0019,phash_group_0019,90467a71f974918817d4f64023a4a33c26ba0a1e594bb95e6529cb2939e008d6,d2e93f84633a0f32,0.0
0efc2b9de67c08f382148a620b370ea2,bdfc6b21ce2849f78ece5f6a1aa71f68,333,Hurricane Ian,1001-San-Carlos-Island.geo.tif,minor damage,1,train,25925,16944,26403,17307,True,True,True,train_pool,excluded,orthomosaic::1001-San-Carlos-Island.geo.tif,orthomosaic_surrogate::1001-San-Carlos-Island.geo.tif,orthomosaic_surrogate::1001-San-Carlos-Island.geo.tif,exact_group_0020,phash_group_0020,e7389d3123cfcaddd8b316ea05b2dbbfafc3509875394d87ff4d46a41b80192d,a41f7be053610f1b,0.0
0f25cadbf569104a63423ad6591d13a9,91152d9937e1461da9088a1c14cf493f,5,Hurricane Ida,20210901-Cocodrie-1.geo.tif,no damage,0,train,13836,25850,14225,26484,True,True,True,excluded,train_pool,orthomosaic::20210901-Cocodrie-1.geo.tif,orthomosaic_surrogate::20210901-Cocodrie-1.geo.tif,orthomosaic_surrogate::20210901-Cocodrie-1.geo.tif,exact_group_0021,phash_group_0021,e8a04c2caef8ac9b13dde739f113f6598d456badf87c115ef17152f0d04dc91d,c39870699b6a719b,0.0
10738709e23e46cf9e97e23aa4223c4b,102f4c67ba7b4c5d9b8ed43184f499cd,373,Hurricane Ian,1001-San-Carlos-Island.geo.tif,minor damage,1,val,28640,20140,28952,20367,False,False,False,excluded,evaluation,orthomosaic::1001-San-Carlos-Island.geo.tif,orthomosaic_surrogate::1001-San-Carlos-Island.geo.tif,orthomosaic_surrogate::1001-San-Carlos-Island.geo.tif,exact_group_0022,phash_group_0022,259557d734a792890fbf8745033cc0bae4838009208ef8d8eb897f2f6c9dd5a2,d26629d327090f3f,0.14588258471237195
1085589e979c18b6f532d0759869dbe1,e13826b7704f41488c01f62b965b051f,375,Hurricane Ian,1001-San-Carlos-Island.geo.tif,minor damage,1,val,28026,21425,28477,21742,False,False,False,excluded,evaluation,orthomosaic::1001-San-Carlos-Island.geo.tif,orthomosaic_surrogate::1001-San-Carlos-Island.geo.tif,orthomosaic_surrogate::1001-San-Carlos-Island.geo.tif,exact_group_0023,phash_group_0023,0d8d7fbeba2306542ac59feff60f01fbaf517d00f4d6281670c83e5400f9c7c0,a53762c01f197b78,0.0
117a75bef34375be7e42e77fdefe57fb,a748bdb0ccf04a3b950b3c3aed0b5969,236,Hurricane Ian,1001-San-Carlos-Island.geo.tif,no damage,0,train,24796,16410,25196,16722,False,True,True,train_pool,excluded,orthomosaic::1001-San-Carlos-Island.geo.tif,orthomosaic_surrogate::1001-San-Carlos-Island.geo.tif,orthomosaic_surrogate::1001-San-Carlos-Island.geo.tif,exact_group_0024,phash_group_0024,3a636cc2849974255af043b124ea521c698bc64e3eb2a5ebfa7a84c49f7e140e,851e7ae20be51f31,0.0
11bb2c880eb44381f50c1ce06404fd8b,4e9a57c0e4794cebae39c5d669ef13bc,490,Hurricane Ian,1001-San-Carlos-Island.geo.tif,no damage,0,train,7995,15036,8532,15425,True,True,True,train_pool,excluded,orthomosaic::1001-San-Carlos-Island.geo.tif,orthomosaic_surrogate::1001-San-Carlos-Island.geo.tif,orthomosaic_surrogate::1001-San-Carlos-Island.geo.tif,exact_group_0025,phash_group_0025,10154e353b9f01559d96878cb62be46e9180f8f17b6c25a814bb91a186c3e8de,a02d7ad707581f74,0.0
1239345968b01fa816c5318785e5fcfb,95e38034634746e29972e254f84bdea8,465,Hurricane Ian,1001-San-Carlos-Island.geo.tif,destroyed,3,val,8990,20337,9166,20651,False,False,False,excluded,evaluation,orthomosaic::1001-San-Carlos-Island.geo.tif,orthomosaic_surrogate::1001-San-Carlos-Island.geo.tif,orthomosaic_surrogate::1001-San-Carlos-Island.geo.tif,exact_group_0026,phash_group_0026,9d2cb59f7915525c59af9e370e44b22bc04d242bbd7f0794031afbfb250f3a5a,c31934a63c6669ee,0.0
1277cbadbd4ae34cae2c1ff2cffaaccf,e32db07226a448788afa42740caac0e4,24,Hurricane Ida,20210901-Cocodrie-1.geo.tif,minor damage,1,train,17381,13661,18194,14142,False,True,True,excluded,train_pool,orthomosaic::20210901-Cocodrie-1.geo.tif,orthomosaic_surrogate::20210901-Cocodrie-1.geo.tif,orthomosaic_surrogate::20210901-Cocodrie-1.geo.tif,exact_group_0027,phash_group_0027,403dca162b04b23d1305c83c1d99e68d9047b88ad75c21d0c11080071e8eac14,cb67359840e1b557,0.0
12b1915c81df29bd4c77735b5ad477a8,512b24ef6c2245ed883e418b2cda7488,129,Hurricane Ian,1001-San-Carlos-Island.geo.tif,minor damage,1,val,16347,6359,17050,7499,False,False,False,excluded,evaluation,orthomosaic::1001-San-Carlos-Island.geo.tif,orthomosaic_surrogate::1001-San-Carlos-Island.geo.tif,orthomosaic_surrogate::1001-San-Carlos-Island.geo.tif,exact_group_0028,phash_group_0028,9a8aa337802cee7d81cc82568497165f50d674d612dc4062d05f712333abf11a,936c69b36761629c,0.0
12c01a032d6476874fc060e931bd3338,c1c4f458df4847019c397adc4c67fb0f,180,Hurricane Ian,1001-San-Carlos-Island.geo.tif,no damage,0,train,23087,20132,23325,20617,True,True,True,train_pool,excluded,orthomosaic::1001-San-Carlos-Island.geo.tif,orthomosaic_surrogate::1001-San-Carlos-Island.geo.tif,orthomosaic_surrogate::1001-San-Carlos-Island.geo.tif,exact_group_0029,phash_group_0029,9a163ed8b2b8f26f2398b255b2d2889b34d6fa9913b910fed502d8da54a2e340,cb3239326d363933,0.0
1341e5cbce7161e78ff4672261caecfa,ff4c294c394945e582d860cf2fa991d9,30,Hurricane Ian,1001-San-Carlos-Island.geo.tif,destroyed,3,val,13618,22074,13798,22434,False,False,False,excluded,evaluation,orthomosaic::1001-San-Carlos-Island.geo.tif,orthomosaic_surrogate::1001-San-Carlos-Island.geo.tif,orthomosaic_surrogate::1001-San-Carlos-Island.geo.tif,exact_group_0030,phash_group_0030,b75f358416a6687ec09b58093bddaedc30ba75feae8a7042a74bd11a8be618fd,cf9c191b3266336c,0.0
13e0fd1c3c896595edd5fe83827ac23d,d6e5ffa4075f47e5a947465bfce37e6d,336,Hurricane Ian,1001-San-Carlos-Island.geo.tif,no damage,0,train,27367,20291,27736,20557,False,True,True,train_pool,excluded,orthomosaic::1001-San-Carlos-Island.geo.tif,orthomosaic_surrogate::1001-San-Carlos-Island.geo.tif,orthomosaic_surrogate::1001-San-Carlos-Island.geo.tif,exact_group_0031,phash_group_0031,5802a6ec42d9c2a1fee5c442bf12bc32897e5a6e6e9dc5985b3b8f7be93529dd,e49f62c00b397f31,0.0
15d9d98d28a428f988cda596bd249d1c,12e1b445c8e94407b290257161eff19d,15,Hurricane Ian,1001-San-Carlos-Island.geo.tif,major damage,2,val,13129,11371,13529,11877,False,False,False,excluded,evaluation,orthomosaic::1001-San-Carlos-Island.geo.tif,orthomosaic_surrogate::1001-San-Carlos-Island.geo.tif,orthomosaic_surrogate::1001-San-Carlos-Island.geo.tif,exact_group_0032,phash_group_0032,ca5fd0ddcaa07323744ae908bcf72ad187083fb1538361f13cf4674953716e60,853b3ed2649d9139,0.0
1652e88d46c7bf2c09decad5515b683e,015d09eafdc74bc7adac850939d72a46,445,Hurricane Ian,1001-San-Carlos-Island.geo.tif,minor damage,1,val,7740,8493,8207,8957,False,False,False,excluded,evaluation,orthomosaic::1001-San-Carlos-Island.geo.tif,orthomosaic_surrogate::1001-San-Carlos-Island.geo.tif,orthomosaic_surrogate::1001-San-Carlos-Island.geo.tif,exact_group_0033,phash_group_0033,893b9bc4ae6bc219d7531e85427e12488a956141194a60391e8b412dfe9ebfa6,96246a97292b67da,0.0
168cb88138d3db1d5b8e4411e6d92679,84c239ea4c924147a6eaa525462e3326,181,Hurricane Ian,1001-San-Carlos-Island.geo.tif,no damage,0,train,22492,20047,22836,20485,False,True,True,train_pool,excluded,orthomosaic::1001-San-Carlos-Island.geo.tif,orthomosaic_surrogate::1001-San-Carlos-Island.geo.tif,orthomosaic_surrogate::1001-San-Carlos-Island.geo.tif,exact_group_0034,phash_group_0034,33b4f9b1d827d98b6f9a79f8ebfe62144e7498be5844adba9e93e9d196bf1f3b,d07061633ff27817,0.0
16d63a484d703a146153fa447581e376,50b8c82b7fae4327b140b5e292d68ed8,144,Hurricane Ian,1001-San-Carlos-Island.geo.tif,major damage,2,val,21517,12147,22001,12324,False,False,False,excluded,evaluation,orthomosaic::1001-San-Carlos-Island.geo.tif,orthomosaic_surrogate::1001-San-Carlos-Island.geo.tif,orthomosaic_surrogate::1001-San-Carlos-Island.geo.tif,exact_group_0035,phash_group_0035,d9663385a94087bc762b36a7a0b6344c4b23658ca1a9eef21b19a1550be4b3be,d50f2ad0f52f4cc4,0.0
1717c16f542bad3a3ff209563e5a3aff,fb962f20e0a04c9493084407a6f70fd2,63,Hurricane Ian,1001-San-Carlos-Island.geo.tif,minor damage,1,val,12333,10775,12707,11129,False,False,False,excluded,evaluation,orthomosaic::1001-San-Carlos-Island.geo.tif,orthomosaic_surrogate::1001-San-Carlos-Island.geo.tif,orthomosaic_surrogate::1001-San-Carlos-Island.geo.tif,exact_group_0036,phash_group_0036,8269fba4e1c6e3c21c5fc07025924655c88c4aaace7c9a3fcec3be16ab16317b,94296a1d2dbc1d97,0.0
1730e8aa2c03100b2744ad9a647763ee,ec2a3170cd894efcb555785c6502ec0c,337,Hurricane Ian,1001-San-Carlos-Island.geo.tif,no damage,0,val,26090,20503,26386,20775,False,False,False,excluded,evaluation,orthomosaic::1001-San-Carlos-Island.geo.tif,orthomosaic_surrogate::1001-San-Carlos-Island.geo.tif,orthomosaic_surrogate::1001-San-Carlos-Island.geo.tif,exact_group_0037,phash_group_0037,be34a6dd4fd5dc4f52516a590a1af8a238facf6b1aca6aa952222a3aa11b9bbd,da782df474c22587,0.0
192a1978535d06f16e4580d0357432e3,1b3ad1b97d7943a89b43d89a4a77ef5b,322,Hurricane Ian,1001-San-Carlos-Island.geo.tif,minor damage,1,val,26703,18178,27139,18514,False,False,False,excluded,evaluation,orthomosaic::1001-San-Carlos-Island.geo.tif,orthomosaic_surrogate::1001-San-Carlos-Island.geo.tif,orthomosaic_surrogate::1001-San-Carlos-Island.geo.tif,exact_group_0038,phash_group_0038,a9c638fa699af343e9b64f2914ab203442203e07ce0b7294889a78a7e47c754e,c53a71e60b0d1f39,0.0
1b45affa233bc3e71b8d2810f76b6a9d,2c730e749d6e4f50bb0cad721e2b77ff,469,Hurricane Ian,1001-San-Carlos-Island.geo.tif,destroyed,3,val,8409,19863,8606,20189,False,False,False,excluded,evaluation,orthomosaic::1001-San-Carlos-Island.geo.tif,orthomosaic_surrogate::1001-San-Carlos-Island.geo.tif,orthomosaic_surrogate::1001-San-Carlos-Island.geo.tif,exact_group_0039,phash_group_0039,28c7e3e0743099df1a8aeed7cc318d8b06bf3f1d7f57363b454bf891284d9145,966b698f326c32c6,0.0
1c26fba3924f62b811d448fdc39f6d22,6bf1effcd8c14a6bb097e7d792d91015,247,Hurricane Ian,1001-San-Carlos-Island.geo.tif,minor damage,1,train,23719,18069,24399,18481,False,False,True,train_pool,excluded,orthomosaic::1001-San-Carlos-Island.geo.tif,orthomosaic_surrogate::1001-San-Carlos-Island.geo.tif,orthomosaic_surrogate::1001-San-Carlos-Island.geo.tif,exact_group_0040,phash_group_0040,1262f45250fa907f508b6b5a71fa0ee6561062baa479fbc585c394c85fd72041,943c6dc21b1bbd62,0.0
1c42a03454cba40d47c4f36181c9e52d,95c371f75fa94a01b52cf3047c91e0a4,240,Hurricane Ian,1001-San-Carlos-Island.geo.tif,no damage,0,val,24728,17400,25194,17761,False,False,False,excluded,evaluation,orthomosaic::1001-San-Carlos-Island.geo.tif,orthomosaic_surrogate::1001-San-Carlos-Island.geo.tif,orthomosaic_surrogate::1001-San-Carlos-Island.geo.tif,exact_group_0041,phash_group_0041,6d46703a12a10a68c8f141240e2eee3ea027b91ee19e5008b82879a321eb9072,d11f62ea0e051dfa,0.0
1c9dcc74b5ea5cb4b782a1b35611910d,62d686de74164c46b92a9dbcf09d241f,327,Hurricane Ian,1001-San-Carlos-Island.geo.tif,major damage,2,train,26660,16673,27119,17017,False,False,True,train_pool,excluded,orthomosaic::1001-San-Carlos-Island.geo.tif,orthomosaic_surrogate::1001-San-Carlos-Island.geo.tif,orthomosaic_surrogate::1001-San-Carlos-Island.geo.tif,exact_group_0042,phash_group_0042,2e699d67256511e8381788f9495eef5701a13507a23cc2d107dffd2619b7e858,c2857d6a4d1f1a33,0.0
1e22cb6f4c49e6336b52abef5c8ccdd5,dafc78d7ce5b4627a014364f7deda90a,246,Hurricane Ian,1001-San-Carlos-Island.geo.tif,no damage,0,val,23755,17810,24287,18134,False,False,False,excluded,evaluation,orthomosaic::1001-San-Carlos-Island.geo.tif,orthomosaic_surrogate::1001-San-Carlos-Island.geo.tif,orthomosaic_surrogate::1001-San-Carlos-Island.geo.tif,exact_group_0043,phash_group_0043,6009da9c880c8488f026947a9464b798ac9a8685ed6f8d5c4fb2550a7f9547f8,85336eca152cda37,0.0
1eb81620df33abc2e295f658f5239556,7fb74fb8c2554cd4b94cb74de1fd728d,290,Hurricane Ian,1001-San-Carlos-Island.geo.tif,minor damage,1,val,27358,22567,27723,22820,False,False,False,excluded,evaluation,orthomosaic::1001-San-Carlos-Island.geo.tif,orthomosaic_surrogate::1001-San-Carlos-Island.geo.tif,orthomosaic_surrogate::1001-San-Carlos-Island.geo.tif,exact_group_0044,phash_group_0044,07f22535fa2a01ba14580225a76c2a19acb03dfe5b23b281f8144664b80f1895,95172aea4b354d99,0.0
1f0c721592f46264ef5bdd256f654c99,df99b58329864b60b0facdaf5cf7f96b,83,Hurricane Ida,20210901-Cocodrie-1.geo.tif,major damage,2,train,21389,2585,21892,3091,True,True,True,excluded,train_pool,orthomosaic::20210901-Cocodrie-1.geo.tif,orthomosaic_surrogate::20210901-Cocodrie-1.geo.tif,orthomosaic_surrogate::20210901-Cocodrie-1.geo.tif,exact_group_0045,phash_group_0045,862feb47741a76d53638fec02a58e161e544a6e281b5cfaeec13bcbc55270162,c5ec05e23e017ab7,0.0
1f5695b3a06664a841c0547a89169175,a253525ca77e4091828ad1bab2f943a2,150,Hurricane Ian,1001-San-Carlos-Island.geo.tif,major damage,2,train,3680,6320,4273,6806,False,True,True,train_pool,excluded,orthomosaic::1001-San-Carlos-Island.geo.tif,orthomosaic_surrogate::1001-San-Carlos-Island.geo.tif,orthomosaic_surrogate::1001-San-Carlos-Island.geo.tif,exact_group_0046,phash_group_0046,e924fbc826510510da4387667de6d34b6114bf09ad0fa96d7fe79965759f4227,b5654abb17427266,0.0
20132051024cb7242b6df9201df2f674,601abb2d9f5e426a95fbdf6398e8ae3f,417,Hurricane Ian,1001-San-Carlos-Island.geo.tif,minor damage,1,train,4275,7510,4831,8088,False,False,True,train_pool,excluded,orthomosaic::1001-San-Carlos-Island.geo.tif,orthomosaic_surrogate::1001-San-Carlos-Island.geo.tif,orthomosaic_surrogate::1001-San-Carlos-Island.geo.tif,exact_group_0047,phash_group_0047,f307b86af27cf4ddedfcb855cbfb73d6bc4239dd19203f40d91c73080453d2ed,9535f8977813682d,0.0
208d3165c023ea8b489ab91077e435cc,dc214c9ce54a4800bdf46646b77274ab,282,Hurricane Ian,1001-San-Carlos-Island.geo.tif,minor damage,1,train,26291,21552,26661,21786,False,False,True,train_pool,excluded,orthomosaic::1001-San-Carlos-Island.geo.tif,orthomosaic_surrogate::1001-San-Carlos-Island.geo.tif,orthomosaic_surrogate::1001-San-Carlos-Island.geo.tif,exact_group_0048,phash_group_0048,a3ca99cd69cf200bf2de0006fe20467ee30d05a7de9cc84a1c8758d98667438a,d6146be3071db934,0.0
22002beba3b9c7e62938cc917187bc50,e0dc6d0ea4074efc869d8ef0f95e2abb,419,Hurricane Ian,1001-San-Carlos-Island.geo.tif,major damage,2,val,4728,8642,5149,9101,False,False,False,excluded,evaluation,orthomosaic::1001-San-Carlos-Island.geo.tif,orthomosaic_surrogate::1001-San-Carlos-Island.geo.tif,orthomosaic_surrogate::1001-San-Carlos-Island.geo.tif,exact_group_0049,phash_group_0049,7aaf070eebd1639618c70c9c1968fa6f1e7d3550ef39278c1958907453e7e8fc,95b44a936c99766c,0.0
22c73b78b27509c08b57172d0bed3916,865c1ad021444450b268c352ddffbc41,40,Hurricane Ida,20210901-Cocodrie-1.geo.tif,major damage,2,train,18199,17456,18740,17745,False,True,True,excluded,train_pool,orthomosaic::20210901-Cocodrie-1.geo.tif,orthomosaic_surrogate::20210901-Cocodrie-1.geo.tif,orthomosaic_surrogate::20210901-Cocodrie-1.geo.tif,exact_group_0050,phash_group_0050,af8111185cd4c6050e8fc01e33e75c7342417ddcac79dfd91d0441aff35434b0,fdea03152a00f4fe,0.0
237a440f30521ce56a5e09105512a372,e353f39d17324ab2aba113a0fa8267ef,217,Hurricane Ian,1001-San-Carlos-Island.geo.tif,minor damage,1,train,25338,21884,25454,22061,False,False,True,train_pool,excluded,orthomosaic::1001-San-Carlos-Island.geo.tif,orthomosaic_surrogate::1001-San-Carlos-Island.geo.tif,orthomosaic_surrogate::1001-San-Carlos-Island.geo.tif,exact_group_0051,phash_group_0051,f31fb249aa8c43c2be4cdc730c5c0330da99fd241d68f9b5b2433ec2ddde13b8,93c770c9341c4e7b,0.0
23bc160a48a07f9e7da7ead375396d68,97e4aec09255494ba485bb2e386f28ef,390,Hurricane Ian,1001-San-Carlos-Island.geo.tif,minor damage,1,val,25965,10687,26414,10981,False,False,False,excluded,evaluation,orthomosaic::1001-San-Carlos-Island.geo.tif,orthomosaic_surrogate::1001-San-Carlos-Island.geo.tif,orthomosaic_surrogate::1001-San-Carlos-Island.geo.tif,exact_group_0052,phash_group_0052,1cfa13812b1b4d1b27783c4f74a3c1503fc868a97a7b9a6e74c5c87abbf9622e,d5152aaa46f3ccc6,0.0
245ea8706cca5766d23b22b5eeb8bb35,aaa2c1bcf6c14e5dac4c8502507f00f5,525,Hurricane Ian,1001-San-Carlos-Island.geo.tif,minor damage,1,train,8082,7042,8523,7495,False,True,True,train_pool,excluded,orthomosaic::1001-San-Carlos-Island.geo.tif,orthomosaic_surrogate::1001-San-Carlos-Island.geo.tif,orthomosaic_surrogate::1001-San-Carlos-Island.geo.tif,exact_group_0053,phash_group_0053,b672682ac1c73f69849afbc6cf84e78f7dee213ba948d4901e73bd44a765dba1,9734d212f382ca3f,0.0
25e641f8648602fede03052ac24d0277,19b296dc38da427d9549719ac40ac87c,235,Hurricane Ian,1001-San-Carlos-Island.geo.tif,minor damage,1,train,23630,17132,24418,17653,True,True,True,train_pool,excluded,orthomosaic::1001-San-Carlos-Island.geo.tif,orthomosaic_surrogate::1001-San-Carlos-Island.geo.tif,orthomosaic_surrogate::1001-San-Carlos-Island.geo.tif,exact_group_0054,phash_group_0054,67d3a92915f30e2411c0dbf43dd44807beac3a12cac874c676511a71129e5828,82c374fd1a3a63c6,0.0
2664e24714bedcc06e46f512cc5d25f2,92ce2220d7e047eaa97cc319fcadcabf,413,Hurricane Ian,1001-San-Carlos-Island.geo.tif,minor damage,1,train,5456,4910,5958,5379,True,True,True,train_pool,excluded,orthomosaic::1001-San-Carlos-Island.geo.tif,orthomosaic_surrogate::1001-San-Carlos-Island.geo.tif,orthomosaic_surrogate::1001-San-Carlos-Island.geo.tif,exact_group_0055,phash_group_0055,40a2400ee8632b6df174b6033ea125f01fc3b58d40e8845b0596a17606dd5e39,9eb466cd384143ee,0.0
284f419f47180c900e7869d8a1c56608,3d7534f48ee542be99bbc5e1fcf6244b,356,Hurricane Ian,1001-San-Carlos-Island.geo.tif,no damage,0,train,25891,11630,26339,11977,False,False,True,train_pool,excluded,orthomosaic::1001-San-Carlos-Island.geo.tif,orthomosaic_surrogate::1001-San-Carlos-Island.geo.tif,orthomosaic_surrogate::1001-San-Carlos-Island.geo.tif,exact_group_0056,phash_group_0056,9798412d98859e235fc47c4ba05fd557315b84a6a620a76ff0a666c067e10287,c13f6fed16005ab1,0.0
285d6c1eef96820672b41d9c97887fca,6f6aa4d73dc842d0a0ab0b741ae750fb,189,Hurricane Ian,1001-San-Carlos-Island.geo.tif,no damage,0,val,22706,19190,22953,19448,False,False,False,excluded,evaluation,orthomosaic::1001-San-Carlos-Island.geo.tif,orthomosaic_surrogate::1001-San-Carlos-Island.geo.tif,orthomosaic_surrogate::1001-San-Carlos-Island.geo.tif,exact_group_0057,phash_group_0057,7b49803bdd0ddf9951697d393ed4cf81a8d7e95bc5b5b0e22d203de81a8467e4,d46a3a35343a7c72,0.0
290ce8b9c66df379b59c3877742670f6,d1056870dda7488a8a22220b16ab91a7,243,Hurricane Ian,1001-San-Carlos-Island.geo.tif,no damage,0,val,23522,26364,24018,26849,False,False,False,excluded,evaluation,orthomosaic::1001-San-Carlos-Island.geo.tif,orthomosaic_surrogate::1001-San-Carlos-Island.geo.tif,orthomosaic_surrogate::1001-San-Carlos-Island.geo.tif,exact_group_0058,phash_group_0058,64ef4329fdec11d8d48fb50ab4de4b41d5ec698eb43abf4ed9f7879ccf65bf2b,80761b5b6e661b1b,0.0
2a8ab18b4be1389f0ad2f05dd92948bb,6fe9d0df791643f0b7b35eb4271d1185,401,Hurricane Ian,1001-San-Carlos-Island.geo.tif,no damage,0,train,28068,21674,28541,22013,True,True,True,train_pool,excluded,orthomosaic::1001-San-Carlos-Island.geo.tif,orthomosaic_surrogate::1001-San-Carlos-Island.geo.tif,orthomosaic_surrogate::1001-San-Carlos-Island.geo.tif,exact_group_0059,phash_group_0059,493cb5d63edf000e8f4eec26e8c6e00e2649bdd6de886a30fff6565411289fbd,907d63ca1b356d1a,0.0
2aa72ffe9b751fa7dd6b8ba7b15b81e7,c6e997b7eb654b5d87b9b4c50bbfa9eb,306,Hurricane Ian,1001-San-Carlos-Island.geo.tif,minor damage,1,train,26677,15515,27142,15821,False,True,True,train_pool,excluded,orthomosaic::1001-San-Carlos-Island.geo.tif,orthomosaic_surrogate::1001-San-Carlos-Island.geo.tif,orthomosaic_surrogate::1001-San-Carlos-Island.geo.tif,exact_group_0060,phash_group_0060,74576b15256e7910b53d11e8bf94d0b27a86b87e3d7379ea35119098cfc6b4ec,901d6bea4e058f7a,0.0
2ad25081a20108f71503e32d3db8ff6f,3a5664fa57df45748ecbab1cfdb84eeb,8,Hurricane Ian,1001-San-Carlos-Island.geo.tif,destroyed,3,train,13610,18740,13886,19171,False,True,True,train_pool,excluded,orthomosaic::1001-San-Carlos-Island.geo.tif,orthomosaic_surrogate::1001-San-Carlos-Island.geo.tif,orthomosaic_surrogate::1001-San-Carlos-Island.geo.tif,exact_group_0061,phash_group_0061,15fca67d9204caaaef46255b7cc2f5b8a9d29384afb58b89d90fe506d13ab02f,963849973cb69672,0.0
2b319d8c25690ccb29cbe94927e0c82b,3160bfbe237945b3ba194073b1e7cbd3,18,Hurricane Ian,1001-San-Carlos-Island.geo.tif,minor damage,1,train,12965,24801,13592,25718,False,True,True,train_pool,excluded,orthomosaic::1001-San-Carlos-Island.geo.tif,orthomosaic_surrogate::1001-San-Carlos-Island.geo.tif,orthomosaic_surrogate::1001-San-Carlos-Island.geo.tif,exact_group_0062,phash_group_0062,1577c44d2a8019f5f507aa798519ae5878263405aa07490256ae84d6fd3c29e9,969cc93661c34ea7,0.0
2bdb7dd40b0bc76a3d54fa12fc1f4cca,1e6f729257c34833a9e7fda749478383,506,Hurricane Ian,1001-San-Carlos-Island.geo.tif,no damage,0,train,11359,20599,11580,20902,False,False,True,train_pool,excluded,orthomosaic::1001-San-Carlos-Island.geo.tif,orthomosaic_surrogate::1001-San-Carlos-Island.geo.tif,orthomosaic_surrogate::1001-San-Carlos-Island.geo.tif,exact_group_0063,phash_group_0063,7111c77bbf439b7100db6956237e645b2854e082a3653a4b0efb95976c1c75fc,c0246d6b68393b3f,0.0
2c681b5149e19d6740ec8553f4bcf365,131545798c314409884bc2fde5c3ace7,109,Hurricane Ian,1001-San-Carlos-Island.geo.tif,destroyed,3,train,15905,20981,16159,21123,True,True,True,train_pool,excluded,orthomosaic::1001-San-Carlos-Island.geo.tif,orthomosaic_surrogate::1001-San-Carlos-Island.geo.tif,orthomosaic_surrogate::1001-San-Carlos-Island.geo.tif,exact_group_0064,phash_group_0064,56a8e48392d2f6ae9090a57fc4639173048d7d0ed7913e9c1710540682c08e78,c07c3f8163da962d,0.0
2cfbe497e7c7b48c283dd845f202790a,cd3b83acb14146e2a1b855c516c0d461,392,Hurricane Ian,1001-San-Carlos-Island.geo.tif,destroyed,3,val,26686,11322,27146,11642,False,False,False,excluded,evaluation,orthomosaic::1001-San-Carlos-Island.geo.tif,orthomosaic_surrogate::1001-San-Carlos-Island.geo.tif,orthomosaic_surrogate::1001-San-Carlos-Island.geo.tif,exact_group_0065,phash_group_0065,6fc347cf0dd84f82813539796d170d699ac99950259c12c2261817a27b887170,d5cd2afa5a030c1f,0.0
2e7b3c5a181341bba92513edd9d50983,dd6b2707cd524f1c82ee3183fa4048ec,376,Hurricane Ian,1001-San-Carlos-Island.geo.tif,minor damage,1,train,28040,20770,28501,21141,False,True,True,train_pool,excluded,orthomosaic::1001-San-Carlos-Island.geo.tif,orthomosaic_surrogate::1001-San-Carlos-Island.geo.tif,orthomosaic_surrogate::1001-San-Carlos-Island.geo.tif,exact_group_0066,phash_group_0066,4be5b4f0c043a4f08cca65e440a78773ee8cbcc2430bddd48da4c48ddf39e803,84476bb771d3071c,0.0
2f822d409249ea99114d4a6fb4620ae4,ab3c4e7ed31640fc9ee48dc6afb440e1,69,Hurricane Ida,20210901-Cocodrie-1.geo.tif,destroyed,3,train,18742,4604,19416,5274,True,True,True,excluded,train_pool,orthomosaic::20210901-Cocodrie-1.geo.tif,orthomosaic_surrogate::20210901-Cocodrie-1.geo.tif,orthomosaic_surrogate::20210901-Cocodrie-1.geo.tif,exact_group_0067,phash_group_0067,1dfe6de5a89e39ec99b1d001051a5e34ff99436b593d6eaf942b166e2201c960,932495f15dc7701e,0.0
2fdd5bcd92793cf7528b1be37a58bced,59029a75f7744eb8a4c4d624bcd86ab0,558,Hurricane Ian,1001-San-Carlos-Island.geo.tif,no damage,0,val,22964,10889,23091,11148,False,False,False,excluded,evaluation,orthomosaic::1001-San-Carlos-Island.geo.tif,orthomosaic_surrogate::1001-San-Carlos-Island.geo.tif,orthomosaic_surrogate::1001-San-Carlos-Island.geo.tif,exact_group_0068,phash_group_0068,a03adacf2592baf39b4ca4cdd736147920653209ed36a6988977b748b4c6190d,9b69663364706c79,0.0
303b519aed0e57f170877d741cd9ae11,6c23b63eb3df4297b43d903c0743cafd,44,Hurricane Ida,20210901-Cocodrie-1.geo.tif,no damage,0,train,18333,16541,18737,16781,True,True,True,excluded,train_pool,orthomosaic::20210901-Cocodrie-1.geo.tif,orthomosaic_surrogate::20210901-Cocodrie-1.geo.tif,orthomosaic_surrogate::20210901-Cocodrie-1.geo.tif,exact_group_0069,phash_group_0069,10c5bf5018992235cef165e1440768311d7061ca97cfb3f766529e37c373e0aa,d5d52a2a292ad5d5,0.0
3055497c5cc9c911cb6c4a16dd22c218,5dfbcb2ac71c4e03ac7b1f32af5e04c2,278,Hurricane Ian,1001-San-Carlos-Island.geo.tif,major damage,2,val,24206,27880,24555,28320,False,False,False,excluded,evaluation,orthomosaic::1001-San-Carlos-Island.geo.tif,orthomosaic_surrogate::1001-San-Carlos-Island.geo.tif,orthomosaic_surrogate::1001-San-Carlos-Island.geo.tif,exact_group_0070,phash_group_0070,2ef1cd4bc22c8532d09c77a3b39886ddbfbd960058fe2d1f8521844647a1b40d,942f364f6ae85a68,0.0
30a1b1951620e5b51e1a481f5af049b2,55841f51492f4a6d9f1812bd5abf800d,274,Hurricane Ian,1001-San-Carlos-Island.geo.tif,no damage,0,val,24198,20921,24350,21157,False,False,False,excluded,evaluation,orthomosaic::1001-San-Carlos-Island.geo.tif,orthomosaic_surrogate::1001-San-Carlos-Island.geo.tif,orthomosaic_surrogate::1001-San-Carlos-Island.geo.tif,exact_group_0071,phash_group_0071,54054ddec65ce0f7f5b74ac013ef655c47d12cbf884e6dd0a38144a197b6784b,92e13c65393c6d3c,0.0
30c5c4ec7a6e1c1e30eadae6351c9491,e7bb18c03b644436a75ed82d68561d82,519,Hurricane Ian,1001-San-Carlos-Island.geo.tif,no damage,0,train,10763,17078,11143,17444,True,True,True,train_pool,excluded,orthomosaic::1001-San-Carlos-Island.geo.tif,orthomosaic_surrogate::1001-San-Carlos-Island.geo.tif,orthomosaic_surrogate::1001-San-Carlos-Island.geo.tif,exact_group_0072,phash_group_0072,53ea4b33afa2f6d9b8209b57ed1b91415940750997783fe4c8c35d9a6e6f0eb8,80077e783c991fdc,0.0
325da7377aa0ba6e5c396eecb36581a5,f17b1ed38dcc4985b9518c7abbbbbbc3,354,Hurricane Ian,1001-San-Carlos-Island.geo.tif,minor damage,1,val,26677,12792,27145,13147,False,False,False,excluded,evaluation,orthomosaic::1001-San-Carlos-Island.geo.tif,orthomosaic_surrogate::1001-San-Carlos-Island.geo.tif,orthomosaic_surrogate::1001-San-Carlos-Island.geo.tif,exact_group_0073,phash_group_0073,9a208735f071d1e0ede53576e531040b54427a799c83fa9158ed29795fd6c598,95726bc70f0f1e18,0.0
32b3dd1da44b496fbae9bf0c09a8b634,ac35e1cee0dc489bab4d2d2a638c8fdb,272,Hurricane Ian,1001-San-Carlos-Island.geo.tif,no damage,0,train,23770,20903,24135,21210,False,False,True,train_pool,excluded,orthomosaic::1001-San-Carlos-Island.geo.tif,orthomosaic_surrogate::1001-San-Carlos-Island.geo.tif,orthomosaic_surrogate::1001-San-Carlos-Island.geo.tif,exact_group_0074,phash_group_0074,c0957f861b8d4d04e6814f4458f1a4b43fdf38df96bb1341731b08e055943651,d33426ef69c114cb,0.0
334e51b11830698a917062d0f3c04446,17fa285dfbb5405693876454aa79d132,427,Hurricane Ian,1001-San-Carlos-Island.geo.tif,major damage,2,train,5817,10781,6396,11307,False,False,True,train_pool,excluded,orthomosaic::1001-San-Carlos-Island.geo.tif,orthomosaic_surrogate::1001-San-Carlos-Island.geo.tif,orthomosaic_surrogate::1001-San-Carlos-Island.geo.tif,exact_group_0075,phash_group_0075,99d13b7ce54d15fb0586b101777f1dc414ed0bf931e27f0c023f679bb3e54782,b82a469d72466dcd,0.0
33bcfc4894ca6d266c8e203701fff0cc,6de1de9034cd4519973c75921130c76e,66,Hurricane Ian,1001-San-Carlos-Island.geo.tif,minor damage,1,val,13259,11066,13621,11371,False,False,False,excluded,evaluation,orthomosaic::1001-San-Carlos-Island.geo.tif,orthomosaic_surrogate::1001-San-Carlos-Island.geo.tif,orthomosaic_surrogate::1001-San-Carlos-Island.geo.tif,exact_group_0076,phash_group_0076,c79152cc20d51b2e437f23eb1f5d2250ac01cbd5ad7ecd2cd92319e325369bdb,a11a7ed4496e5a4d,0.0
34353b9eda3d395507529f405a89c898,9490b1cd4c5444768def3076440ccc22,550,Hurricane Ian,1001-San-Carlos-Island.geo.tif,no damage,0,train,9684,16276,10075,16828,False,False,True,train_pool,excluded,orthomosaic::1001-San-Carlos-Island.geo.tif,orthomosaic_surrogate::1001-San-Carlos-Island.geo.tif,orthomosaic_surrogate::1001-San-Carlos-Island.geo.tif,exact_group_0077,phash_group_0077,e49fefd89dd3ec3e6717cdd1044c80a4e205d2997f979cc91bfcbf3b5e8be132,91b6250f694d725b,0.0
34539e6ab76ac2c364a018f496f1917d,3e368ecf504d4de18e91440ddac906c8,340,Hurricane Ian,1001-San-Carlos-Island.geo.tif,minor damage,1,train,25893,19878,26411,20300,True,True,True,train_pool,excluded,orthomosaic::1001-San-Carlos-Island.geo.tif,orthomosaic_surrogate::1001-San-Carlos-Island.geo.tif,orthomosaic_surrogate::1001-San-Carlos-Island.geo.tif,exact_group_0078,phash_group_0078,07141424850a9d66ff3abab05c44a0b2844d5936bafa5ca7477f7de6f2c59f2d,a41f75c94b125bb2,0.0
345ec556f3bf95ea0b35bb10cae700c0,1cc172f47ab349329c3136ef7096cafa,24,Hurricane Ian,1001-San-Carlos-Island.geo.tif,no damage,0,val,12830,22232,13032,22612,False,False,False,excluded,evaluation,orthomosaic::1001-San-Carlos-Island.geo.tif,orthomosaic_surrogate::1001-San-Carlos-Island.geo.tif,orthomosaic_surrogate::1001-San-Carlos-Island.geo.tif,exact_group_0079,phash_group_0079,d088a52929a2b1204fcd6830a44e12987fd979c6fddcae7cf30026eb1eee0dbc,9b6d363336243437,0.0
35429a5a41d59b49f087823fbe357139,e1e2011ef5fc4a7087b33b736f3dcb01,19,Hurricane Ida,20210901-Cocodrie-1.geo.tif,major damage,2,train,17435,16320,17696,16567,False,False,True,excluded,train_pool,orthomosaic::20210901-Cocodrie-1.geo.tif,orthomosaic_surrogate::20210901-Cocodrie-1.geo.tif,orthomosaic_surrogate::20210901-Cocodrie-1.geo.tif,exact_group_0080,phash_group_0080,eeadcf1a1e7e71e1480cda76bc23a00bdcede5191f697a2c1ee5ce4b2aee44dd,f0e503b87b1726f0,0.0
367f85ea4bc75cbb512b9377bccf75d2,acd9780fac924e2598753b69c4110f6d,160,Hurricane Ian,1001-San-Carlos-Island.geo.tif,no damage,0,train,22604,13107,22969,13431,False,False,True,train_pool,excluded,orthomosaic::1001-San-Carlos-Island.geo.tif,orthomosaic_surrogate::1001-San-Carlos-Island.geo.tif,orthomosaic_surrogate::1001-San-Carlos-Island.geo.tif,exact_group_0081,phash_group_0081,1a07d28bca6de2bd4b535ab4cfc028635fcaa0d1f6a9ca904ae61f4663c94131,835a2be077c5468f,0.0
3687648f349f56f70c96bc4a675b3e30,a0dd0c38debf4972be445e78be143258,279,Hurricane Ian,1001-San-Carlos-Island.geo.tif,minor damage,1,train,27401,23374,27754,23602,False,False,True,train_pool,excluded,orthomosaic::1001-San-Carlos-Island.geo.tif,orthomosaic_surrogate::1001-San-Carlos-Island.geo.tif,orthomosaic_surrogate::1001-San-Carlos-Island.geo.tif,exact_group_0082,phash_group_0082,1ff1b2dd72f09b08a4fd4d300983f7e627245a6b2247e92d7486fc6b568a74b5,85373b48f0cf8d31,0.0
368fd37bd1f34f3e42f2724d4d480497,ffbde9e9782f4d54a2412839a7993e2c,163,Hurricane Ian,1001-San-Carlos-Island.geo.tif,no damage,0,val,21562,11758,21699,11927,False,False,False,excluded,evaluation,orthomosaic::1001-San-Carlos-Island.geo.tif,orthomosaic_surrogate::1001-San-Carlos-Island.geo.tif,orthomosaic_surrogate::1001-San-Carlos-Island.geo.tif,exact_group_0083,phash_group_0083,121d112472da6a166865cc7d56d4a3b569463e16cd1c8495ee4bc62a6dda2ef9,953b0a1d1c1f1d1f,0.0
36da72f21bba161f90613f48f2b6d74b,7b797f1134454c10a0af205cb60fd998,524,Hurricane Ian,1001-San-Carlos-Island.geo.tif,minor damage,1,val,8519,7205,8950,7723,False,False,False,excluded,evaluation,orthomosaic::1001-San-Carlos-Island.geo.tif,orthomosaic_surrogate::1001-San-Carlos-Island.geo.tif,orthomosaic_surrogate::1001-San-Carlos-Island.geo.tif,exact_group_0084,phash_group_0084,cf37a2daa3e617bdcc17bdcaf747b8b59bd5bf31dc9302bfc76875c43df05010,913f6c4a34f525b4,0.0
36f58b98d332929e2bc111ed4077dbec,fc877e0b1a874ff398792782132df22d,302,Hurricane Ian,1001-San-Carlos-Island.geo.tif,minor damage,1,val,26674,14584,27151,14920,False,False,False,excluded,evaluation,orthomosaic::1001-San-Carlos-Island.geo.tif,orthomosaic_surrogate::1001-San-Carlos-Island.geo.tif,orthomosaic_surrogate::1001-San-Carlos-Island.geo.tif,exact_group_0085,phash_group_0085,4eb75197c42aec6595404313201fa7a84aaf778c18645967cc5e110abddd6bb7,951d72e24b053cf9,0.0
37788db4ce11175496599075ea6f022e,632ff6bcb5304b4799ee387a7d5cd973,55,Hurricane Ian,1001-San-Carlos-Island.geo.tif,minor damage,1,val,13391,21011,13640,21121,False,False,False,excluded,evaluation,orthomosaic::1001-San-Carlos-Island.geo.tif,orthomosaic_surrogate::1001-San-Carlos-Island.geo.tif,orthomosaic_surrogate::1001-San-Carlos-Island.geo.tif,exact_group_0086,phash_group_0086,42ea5e1d5995e179544b92ac248b78ebbf9258e5a44da0284a493c2281a1d687,97ea6815876e91e1,0.0
37955dea8a833298b16d6365d91e76b5,e1433d2168394c43aeec67bbb358030d,167,Hurricane Ian,1001-San-Carlos-Island.geo.tif,no damage,0,train,21569,13891,21961,14191,True,True,True,train_pool,excluded,orthomosaic::1001-San-Carlos-Island.geo.tif,orthomosaic_surrogate::1001-San-Carlos-Island.geo.tif,orthomosaic_surrogate::1001-San-Carlos-Island.geo.tif,exact_group_0087,phash_group_0087,6e1638be3503999c1c8d0de82c2e01882a3e77267924baed64bedee952264c2b,952e6a515bc25cd5,0.0
379b25346e5e9e517b3d113b3775ddc0,3041988f848d44f1abb57729aeff695f,344,Hurricane Ian,1001-San-Carlos-Island.geo.tif,no damage,0,train,27319,19609,27791,19904,False,False,True,train_pool,excluded,orthomosaic::1001-San-Carlos-Island.geo.tif,orthomosaic_surrogate::1001-San-Carlos-Island.geo.tif,orthomosaic_surrogate::1001-San-Carlos-Island.geo.tif,exact_group_0088,phash_group_0088,79d0ce070d3f262c6426a47ff2a4525461c3db38b2d4e4d15cd3fd87b8f8cf4c,973466cb081ff871,0.0
388ae619feb5efa4f76453d32a6abc31,350252565eb84b14abd3e7b97c0ef48b,374,Hurricane Ian,1001-San-Carlos-Island.geo.tif,no damage,0,val,28063,19611,28444,19945,False,False,False,excluded,evaluation,orthomosaic::1001-San-Carlos-Island.geo.tif,orthomosaic_surrogate::1001-San-Carlos-Island.geo.tif,orthomosaic_surrogate::1001-San-Carlos-Island.geo.tif,exact_group_0089,phash_group_0089,211a50f2effb20a1bf0cccac776c4cda4cd172f793075ad5ee76166f2e8d4806,d01b7aeb15e50d1c,0.0
388d66420f0220d9aa2b1689f931f2a1,4dd425bf6a0849169c04bba2957e953c,142,Hurricane Ian,1001-San-Carlos-Island.geo.tif,major damage,2,train,3526,5776,4080,6294,True,True,True,train_pool,excluded,orthomosaic::1001-San-Carlos-Island.geo.tif,orthomosaic_surrogate::1001-San-Carlos-Island.geo.tif,orthomosaic_surrogate::1001-San-Carlos-Island.geo.tif,exact_group_0090,phash_group_0090,b857da3fc167457d05f92619d8b81e023c919f7a162a568a4e7e8d78e52a49ae,88273f187fb671c0,0.0
3891ce24684e819b05cf896c24e20445,505c569ef8ec45049c1cd98497a09e1d,116,Hurricane Ian,1001-San-Carlos-Island.geo.tif,no damage,0,val,16359,16411,17073,16940,False,False,False,excluded,evaluation,orthomosaic::1001-San-Carlos-Island.geo.tif,orthomosaic_surrogate::1001-San-Carlos-Island.geo.tif,orthomosaic_surrogate::1001-San-Carlos-Island.geo.tif,exact_group_0091,phash_group_0091,ce1c321762e7ba73ffb11efdf94924ac998d7015569ded81aae9e2fac9653665,80202e9f5fdf5546,0.0
39f30e7ceb295a4c6511e51029dbc95d,8e9b676a864c4b85b90c90e815833ccd,12,Hurricane Ian,1001-San-Carlos-Island.geo.tif,minor damage,1,val,12871,12046,13613,12875,False,False,False,excluded,evaluation,orthomosaic::1001-San-Carlos-Island.geo.tif,orthomosaic_surrogate::1001-San-Carlos-Island.geo.tif,orthomosaic_surrogate::1001-San-Carlos-Island.geo.tif,exact_group_0092,phash_group_0092,ec0ad20bfc0353c24e323b9f4de3520fb4180e427befbcf00d2d597e10f46233,91c08c991fd6bb8d,0.0
3a61cf84db0bb0016cd88cd8a15ac446,42706b2e54594e2684e459a1c50cf106,121,Hurricane Ian,1001-San-Carlos-Island.geo.tif,minor damage,1,train,16923,14371,17503,14729,False,True,True,train_pool,excluded,orthomosaic::1001-San-Carlos-Island.geo.tif,orthomosaic_surrogate::1001-San-Carlos-Island.geo.tif,orthomosaic_surrogate::1001-San-Carlos-Island.geo.tif,exact_group_0093,phash_group_0093,07abe75c6f8462bdf142fa0be17470a810cbd9c139bc6934168a14c5ef732905,a2155fea7669a914,0.0
3b53d7bcfcb322ddae7160dab2546129,88e90b21ed54459e8f98b4883b8a4efa,26,Hurricane Ida,20210901-Cocodrie-1.geo.tif,major damage,2,val,15961,20481,16856,21077,False,False,False,evaluation,excluded,orthomosaic::20210901-Cocodrie-1.geo.tif,orthomosaic_surrogate::20210901-Cocodrie-1.geo.tif,orthomosaic_surrogate::20210901-Cocodrie-1.geo.tif,exact_group_0094,phash_group_0094,c48f7d68da1ad01773efda291c77e2548925f5121fab61814813dd33c6f5f828,e64959361799d86c,0.0
3bad2958542844c0db2c424b46a0ace0,3ec8f2276ae5483e8314fe981dc38bd4,284,Hurricane Ian,1001-San-Carlos-Island.geo.tif,minor damage,1,train,26076,21728,26474,22130,False,True,True,train_pool,excluded,orthomosaic::1001-San-Carlos-Island.geo.tif,orthomosaic_surrogate::1001-San-Carlos-Island.geo.tif,orthomosaic_surrogate::1001-San-Carlos-Island.geo.tif,exact_group_0095,phash_group_0095,47e713e50705c57f04653854019dfcc8d6d1c9a57faf4c1ab45d93a45432a2dd,d0c372931b1e971e,0.0
3bd3975dd403bcfa1fa8e1b6a0b56b97,d85e9588257549e0b4fe65253130f454,463,Hurricane Ian,1001-San-Carlos-Island.geo.tif,minor damage,1,train,8731,20350,8900,20687,False,False,True,train_pool,excluded,orthomosaic::1001-San-Carlos-Island.geo.tif,orthomosaic_surrogate::1001-San-Carlos-Island.geo.tif,orthomosaic_surrogate::1001-San-Carlos-Island.geo.tif,exact_group_0096,phash_group_0096,183256c50fac47a87b14583551f2da38cda22316974f994e5175ca950d5b50e4,9a67666664666c69,0.0
3cae8df19954c20b882fbcd6d3eabde2,70d0eaf8f9d44f929108dadb1db8bd35,218,Hurricane Ian,1001-San-Carlos-Island.geo.tif,minor damage,1,train,24553,21121,25078,21498,False,False,True,train_pool,excluded,orthomosaic::1001-San-Carlos-Island.geo.tif,orthomosaic_surrogate::1001-San-Carlos-Island.geo.tif,orthomosaic_surrogate::1001-San-Carlos-Island.geo.tif,exact_group_0097,phash_group_0097,7efb414e7b4627241e20fb267e6d2b2543e91a5accb744bf291284ce9e6f2c71,876e7e9079912363,0.0
3dcfd7fe3ec8ed299a5b80c935d5257d,539a4ae5288e44dfa96480a8d0f0d695,48,Hurricane Ian,1001-San-Carlos-Island.geo.tif,destroyed,3,train,13735,20134,13915,20454,False,True,True,train_pool,excluded,orthomosaic::1001-San-Carlos-Island.geo.tif,orthomosaic_surrogate::1001-San-Carlos-Island.geo.tif,orthomosaic_surrogate::1001-San-Carlos-Island.geo.tif,exact_group_0098,phash_group_0098,99197c393d701f6cf5b25d2833b8c0bdb4c4626200a6a2e6adfa438bb787be0e,8638b66c98671d79,0.0
3e7e7fc9d2f976b899189781e617eefa,152cf55a7fc74db0890acf2b25c43e6a,192,Hurricane Ian,1001-San-Carlos-Island.geo.tif,major damage,2,train,22798,26786,23068,27318,False,False,True,train_pool,excluded,orthomosaic::1001-San-Carlos-Island.geo.tif,orthomosaic_surrogate::1001-San-Carlos-Island.geo.tif,orthomosaic_surrogate::1001-San-Carlos-Island.geo.tif,exact_group_0099,phash_group_0099,d0fbd6bacdedf71b2edfaa292c3fbd5673d957a767f6da53c4506cd3ea4c9127,93cf6d363126316c,0.0
414c250c662b149125c683e566dbe2b4,b4d8c548ae414d23afdc991d65d19d47,3,Hurricane Ida,20210901-Cocodrie-1.geo.tif,minor damage,1,train,15189,32994,15635,33759,False,True,True,excluded,train_pool,orthomosaic::20210901-Cocodrie-1.geo.tif,orthomosaic_surrogate::20210901-Cocodrie-1.geo.tif,orthomosaic_surrogate::20210901-Cocodrie-1.geo.tif,exact_group_0100,phash_group_0100,3a113c0bde402f20bfc1df188163789cb207b4c1976d80120b1c8bed76eef89a,c71976623ccd7432,0.0
429dd180034b18cb148907f51d32beda,a92524cd2ace4979bd5d1436fbf4943b,97,Hurricane Ian,1001-San-Carlos-Island.geo.tif,destroyed,3,val,14149,20159,14353,20693,False,False,False,excluded,evaluation,orthomosaic::1001-San-Carlos-Island.geo.tif,orthomosaic_surrogate::1001-San-Carlos-Island.geo.tif,orthomosaic_surrogate::1001-San-Carlos-Island.geo.tif,exact_group_0101,phash_group_0101,3353f34fab484e8908590ac9db3e7a2da143cb6b9997c7ffdeb19baf4b255310,cb1998ce6d24cdcc,0.0
429e293f31acadff02229f827886872c,a133d6ef7ac34eb694611a3bf18a5afb,29,Hurricane Ian,1001-San-Carlos-Island.geo.tif,destroyed,3,val,12106,22469,12469,22723,False,False,False,excluded,evaluation,orthomosaic::1001-San-Carlos-Island.geo.tif,orthomosaic_surrogate::1001-San-Carlos-Island.geo.tif,orthomosaic_surrogate::1001-San-Carlos-Island.geo.tif,exact_group_0102,phash_group_0102,5b3c9a67df7c9daa82f6627f1f5bd409f95053a5df58f12e7dab1b8c3025a162,d94a22b50e9e5759,0.0
42a8b5cb1f74c8528486b957f026d36e,aadc9116737146d9a5ddf1da2dee4aed,397,Hurricane Ian,1001-San-Carlos-Island.geo.tif,minor damage,1,val,28148,23480,28528,23751,False,False,False,excluded,evaluation,orthomosaic::1001-San-Carlos-Island.geo.tif,orthomosaic_surrogate::1001-San-Carlos-Island.geo.tif,orthomosaic_surrogate::1001-San-Carlos-Island.geo.tif,exact_group_0103,phash_group_0103,163515a308591bef42c4b920d650077e59fa23b3595d78d42b7948ae786b4d0e,913d6aca1ea4654f,0.0
42dfa3edefea0b8374a77f4505c0c172,ec9c3d0f5a8b4fe3bde4b771c26de914,81,Hurricane Ida,20210901-Cocodrie-1.geo.tif,no damage,0,val,20541,3299,20863,3589,False,False,False,evaluation,excluded,orthomosaic::20210901-Cocodrie-1.geo.tif,orthomosaic_surrogate::20210901-Cocodrie-1.geo.tif,orthomosaic_surrogate::20210901-Cocodrie-1.geo.tif,exact_group_0104,phash_group_0104,e997814c58fe78c6b271a4098cef9615833ddf75a40bae39a26330414073773f,d22912951fcb6dc6,0.0
430de6f926a3cfab0ced66eaaa70ed76,72bbe21c781f46e68e00bd1f43b433a7,126,Hurricane Ian,1001-San-Carlos-Island.geo.tif,minor damage,1,train,16388,22020,16564,22257,True,True,True,train_pool,excluded,orthomosaic::1001-San-Carlos-Island.geo.tif,orthomosaic_surrogate::1001-San-Carlos-Island.geo.tif,orthomosaic_surrogate::1001-San-Carlos-Island.geo.tif,exact_group_0105,phash_group_0105,3efb3944c6827fb92c58f9477256e08cc4bd0fd27a24d7206b6f3ef2e8f4d14e,d03e6d3c2f2d3069,0.0
435439358d45fed7b5ed038ffdda2e46,55a35271fe26447fa4ee2df02870b043,139,Hurricane Ian,1001-San-Carlos-Island.geo.tif,minor damage,1,train,18441,9669,19693,10576,False,True,True,train_pool,excluded,orthomosaic::1001-San-Carlos-Island.geo.tif,orthomosaic_surrogate::1001-San-Carlos-Island.geo.tif,orthomosaic_surrogate::1001-San-Carlos-Island.geo.tif,exact_group_0106,phash_group_0106,42fe1ec7b70dbaefb88980cbe13c111233e8ecc88e867e420b7768a5a2e2dd79,c04663b91ea57f1c,0.0
44ba93e19892d6a045a11d3bd7c513c1,545eba6d3da649f889d800a50b1dfde8,365,Hurricane Ian,1001-San-Carlos-Island.geo.tif,minor damage,1,train,28569,19773,29079,20171,False,True,True,train_pool,excluded,orthomosaic::1001-San-Carlos-Island.geo.tif,orthomosaic_surrogate::1001-San-Carlos-Island.geo.tif,orthomosaic_surrogate::1001-San-Carlos-Island.geo.tif,exact_group_0107,phash_group_0107,036e3fa66bd5ef9cc17ff3f41ad9cb4195821362f7fe0e00758d9990c63dff75,c93632cd1f093e39,0.40050932545687956
45f582c470e964dce3bbe08c539784be,f3e3fd40c53d4fe7ad655d08a0d6f3d7,206,Hurricane Ian,1001-San-Carlos-Island.geo.tif,no damage,0,train,23710,15662,24417,16108,True,True,True,train_pool,excluded,orthomosaic::1001-San-Carlos-Island.geo.tif,orthomosaic_surrogate::1001-San-Carlos-Island.geo.tif,orthomosaic_surrogate::1001-San-Carlos-Island.geo.tif,exact_group_0108,phash_group_0108,97bbe93d07a2fe50b876136de210cc2231aab5dc021b188fd968943ad551ade8,80876de81b13fd63,0.0
46828aebdf80b8711ac6f89b4650b680,11d28f2deb0a4ede9e05b29452546d6c,32,Hurricane Ida,20210901-Cocodrie-1.geo.tif,major damage,2,val,15862,23469,16509,23888,False,False,False,evaluation,excluded,orthomosaic::20210901-Cocodrie-1.geo.tif,orthomosaic_surrogate::20210901-Cocodrie-1.geo.tif,orthomosaic_surrogate::20210901-Cocodrie-1.geo.tif,exact_group_0109,phash_group_0109,f7068b5afc0ca9857a680d93cb2d3aa60cf54722605442bc3adc59417c2059e9,d54a6a350fb39a4a,0.0
46ac2b08a6885ae31396d63e48074109,8457b94f79384ed39c20d87b3740f245,572,Hurricane Ian,1001-San-Carlos-Island.geo.tif,minor damage,1,train,22651,22688,22844,22907,True,True,True,train_pool,excluded,orthomosaic::1001-San-Carlos-Island.geo.tif,orthomosaic_surrogate::1001-San-Carlos-Island.geo.tif,orthomosaic_surrogate::1001-San-Carlos-Island.geo.tif,exact_group_0110,phash_group_0110,ca3b72414dabd93fbef5d23b7b2130e8797e373a859696da15a7130e45920079,952d6a58499f7ac1,0.0
488494d38251154092dd64db9307f40b,937fd0f7abcc489cb8dfdc691d1dc854,559,Hurricane Ian,1001-San-Carlos-Island.geo.tif,major damage,2,train,25934,12816,26291,13086,False,False,True,train_pool,excluded,orthomosaic::1001-San-Carlos-Island.geo.tif,orthomosaic_surrogate::1001-San-Carlos-Island.geo.tif,orthomosaic_surrogate::1001-San-Carlos-Island.geo.tif,exact_group_0111,phash_group_0111,aba336479a9ea77c16f6c897452983781a5334bcf0d7193aef12a00184b11283,9cb761c40f1a3c79,0.0
48d75859b932af0345cef367e6938934,c6b6e71c2b934ace9a0758250ce6f9e1,428,Hurricane Ian,1001-San-Carlos-Island.geo.tif,no damage,0,val,7826,3609,8455,4105,False,False,False,excluded,evaluation,orthomosaic::1001-San-Carlos-Island.geo.tif,orthomosaic_surrogate::1001-San-Carlos-Island.geo.tif,orthomosaic_surrogate::1001-San-Carlos-Island.geo.tif,exact_group_0112,phash_group_0112,48c8fa525df0706b9f7af40a37e5cbf0f1dfede32f9763d9465d47976ebe0528,96a66b5b65295057,0.0
49f5928ab3ab78a94594ed55c6301b8a,4d7678c930774917a943c4c4173d24dc,383,Hurricane Ian,1001-San-Carlos-Island.geo.tif,minor damage,1,train,27468,18466,27888,18790,False,True,True,train_pool,excluded,orthomosaic::1001-San-Carlos-Island.geo.tif,orthomosaic_surrogate::1001-San-Carlos-Island.geo.tif,orthomosaic_surrogate::1001-San-Carlos-Island.geo.tif,exact_group_0113,phash_group_0113,a9e6b7444e9dda0a221d5c533d8afc72d33b3f918d010c90103d02bb471cb57e,806a3f9565174eea,0.0
4a9f5c130660b92835a522ec48a9c8fa,d817df1bf98a4640b01ab073dab56579,14,Hurricane Ida,20210901-Cocodrie-1.geo.tif,minor damage,1,val,14178,27448,14642,27947,False,False,False,evaluation,excluded,orthomosaic::20210901-Cocodrie-1.geo.tif,orthomosaic_surrogate::20210901-Cocodrie-1.geo.tif,orthomosaic_surrogate::20210901-Cocodrie-1.geo.tif,exact_group_0114,phash_group_0114,a38f9bec8aecb9a69e380872e87b0b58f8213f43eeaf785f1e279211be8959fc,c1872feb2ec23625,0.0
4be6b5a05342916bea9bad21afde51fd,4eae85a221894dae8edf2181c525ec28,152,Hurricane Ian,1001-San-Carlos-Island.geo.tif,no damage,0,val,19717,21582,19929,21818,False,False,False,excluded,evaluation,orthomosaic::1001-San-Carlos-Island.geo.tif,orthomosaic_surrogate::1001-San-Carlos-Island.geo.tif,orthomosaic_surrogate::1001-San-Carlos-Island.geo.tif,exact_group_0115,phash_group_0115,b517b10394a38a26adbdd91f8593daf90bd2b3448449d8669084e0e0bd0b5828,d04b3d395a5af2c2,0.0
4bf97065e1b8fb27982ae83dcf168b89,958fc5e2984c4beeaca18b3b748ab19f,82,Hurricane Ian,1001-San-Carlos-Island.geo.tif,major damage,2,val,14972,17683,15148,17898,False,False,False,excluded,evaluation,orthomosaic::1001-San-Carlos-Island.geo.tif,orthomosaic_surrogate::1001-San-Carlos-Island.geo.tif,orthomosaic_surrogate::1001-San-Carlos-Island.geo.tif,exact_group_0116,phash_group_0116,1a753a092323210e6cbca5adf769ac9266de83584c0deea3fa9a61ff609f03eb,90356b4a6f92b593,0.0
4c402ec9615077094ac73e34bf0d6d7e,5579bdf6c4b645f580670fe51360680d,472,Hurricane Ian,1001-San-Carlos-Island.geo.tif,destroyed,3,train,8405,20330,8622,20675,False,False,True,train_pool,excluded,orthomosaic::1001-San-Carlos-Island.geo.tif,orthomosaic_surrogate::1001-San-Carlos-Island.geo.tif,orthomosaic_surrogate::1001-San-Carlos-Island.geo.tif,exact_group_0117,phash_group_0117,df0eec835c342bbe1b29a2ca0dc31783f86af0c3ee299959f28042ca3fbc5737,c7631c4b66363936,0.0
4de08eefbbd739a8fef7dcb8fa54e04e,93d0d585646f4aa9b09881339dedd459,156,Hurricane Ian,1001-San-Carlos-Island.geo.tif,destroyed,3,train,22557,11893,22984,12234,False,True,True,train_pool,excluded,orthomosaic::1001-San-Carlos-Island.geo.tif,orthomosaic_surrogate::1001-San-Carlos-Island.geo.tif,orthomosaic_surrogate::1001-San-Carlos-Island.geo.tif,exact_group_0118,phash_group_0118,7ad6c8c917669d60846d7206217e8da93ebf7505a86882905986a9766e19bc1a,c4cf397273612c33,0.0
4dea91af4e07803cf1957e511418ec3d,5cccd5de56ec42539d49ee31b07de5ea,88,Hurricane Ian,1001-San-Carlos-Island.geo.tif,major damage,2,train,13918,18850,14265,19074,False,True,True,train_pool,excluded,orthomosaic::1001-San-Carlos-Island.geo.tif,orthomosaic_surrogate::1001-San-Carlos-Island.geo.tif,orthomosaic_surrogate::1001-San-Carlos-Island.geo.tif,exact_group_0119,phash_group_0119,530833c2cfd4ca0bec386bd8d9b1703eeb858ae4b380dc1a286021c90e346b10,83576ea83c84d35b,0.0
4e41dd6c77a481d727308506f7c8b05a,f808a5eb29d14866973f1b3c72b7d207,453,Hurricane Ian,1001-San-Carlos-Island.geo.tif,minor damage,1,val,9417,12143,9905,12572,False,False,False,excluded,evaluation,orthomosaic::1001-San-Carlos-Island.geo.tif,orthomosaic_surrogate::1001-San-Carlos-Island.geo.tif,orthomosaic_surrogate::1001-San-Carlos-Island.geo.tif,exact_group_0120,phash_group_0120,1893084fe1d655ee3e9030dcd7fa6fe83ec38427cda313cfd1ac4651d393cd17,870778a861db75d1,0.0
4e58417d955d179164596a6fbf4f1924,07bf41884ee94a00aeb164388655598e,166,Hurricane Ian,1001-San-Carlos-Island.geo.tif,no damage,0,val,22573,13990,22997,14318,False,False,False,excluded,evaluation,orthomosaic::1001-San-Carlos-Island.geo.tif,orthomosaic_surrogate::1001-San-Carlos-Island.geo.tif,orthomosaic_surrogate::1001-San-Carlos-Island.geo.tif,exact_group_0121,phash_group_0121,ae5f8558457cf913bf6623cc725568b344699cc202dc1b118fd4127e47a5d257,d03567ea070d1f3c,0.0
51693363b2bd4f67ee37109c98cdf660,f2a6bdd3611643e6bc643ff20efacad0,87,Hurricane Ian,1001-San-Carlos-Island.geo.tif,minor damage,1,train,13885,19080,14244,19272,True,True,True,train_pool,excluded,orthomosaic::1001-San-Carlos-Island.geo.tif,orthomosaic_surrogate::1001-San-Carlos-Island.geo.tif,orthomosaic_surrogate::1001-San-Carlos-Island.geo.tif,exact_group_0122,phash_group_0122,0999f1cdb47890f368c5de11ed31a4546e137141b53b2d24185a062dc7c23a4f,c46c3bbbf404c96a,0.0
51c5294fb4752ca029a3965f2b678879,65af0cbef015415a8bac6426c7e98e41,186,Hurricane Ian,1001-San-Carlos-Island.geo.tif,major damage,2,train,22605,17904,22973,18200,False,True,True,train_pool,excluded,orthomosaic::1001-San-Carlos-Island.geo.tif,orthomosaic_surrogate::1001-San-Carlos-Island.geo.tif,orthomosaic_surrogate::1001-San-Carlos-Island.geo.tif,exact_group_0123,phash_group_0123,7fcd96ca873f01093c383b3966e7a7440de63435f2204c2db76cba14daf675bf,c17f6ac81f320747,0.0
5242f35764403a26b78a813d5bc72bb8,e667f1ec631f4e03bd19595107d085b9,239,Hurricane Ian,1001-San-Carlos-Island.geo.tif,no damage,0,train,23732,16014,24383,16384,True,True,True,train_pool,excluded,orthomosaic::1001-San-Carlos-Island.geo.tif,orthomosaic_surrogate::1001-San-Carlos-Island.geo.tif,orthomosaic_surrogate::1001-San-Carlos-Island.geo.tif,exact_group_0124,phash_group_0124,a5f8c9b40e9a66fec9533e99446e10294787da162e44676b395a1be49ba3861c,86f46d0b1b35e1f0,0.0
53370996158031e28b0e99ebf01c3b9d,169aed2363334354af7c20d549684090,569,Hurricane Ian,1001-San-Carlos-Island.geo.tif,no damage,0,val,28561,21565,28973,21960,False,False,False,excluded,evaluation,orthomosaic::1001-San-Carlos-Island.geo.tif,orthomosaic_surrogate::1001-San-Carlos-Island.geo.tif,orthomosaic_surrogate::1001-San-Carlos-Island.geo.tif,exact_group_0125,phash_group_0125,981f15ae32ee3bfeb084dc9bbe4bf915f2a44d5364eef33715e5568dfae843f4,d4786dc1ec9f3064,0.16095333556075286
55fa6c84bdf5f4a31f5d694acc5a6e34,3e335baeb77140f19f1a6dc7ef95b692,48,Hurricane Ida,20210901-Cocodrie-1.geo.tif,major damage,2,val,16564,25290,17089,26101,False,False,False,evaluation,excluded,orthomosaic::20210901-Cocodrie-1.geo.tif,orthomosaic_surrogate::20210901-Cocodrie-1.geo.tif,orthomosaic_surrogate::20210901-Cocodrie-1.geo.tif,exact_group_0126,phash_group_0126,06ad3c793ef8a0ea35c9143ed28e8cc73f56ec431d55646847ed6973910378d3,c3369fc334999c25,0.0
5637192856042c1bf67f0b0d10e9251c,17d0566bce1247a99fe190bdbc8332e3,173,Hurricane Ian,1001-San-Carlos-Island.geo.tif,minor damage,1,train,22538,16063,23018,16440,False,False,True,train_pool,excluded,orthomosaic::1001-San-Carlos-Island.geo.tif,orthomosaic_surrogate::1001-San-Carlos-Island.geo.tif,orthomosaic_surrogate::1001-San-Carlos-Island.geo.tif,exact_group_0127,phash_group_0127,c1344ffa787ff4dc0deb60625df6e8c177ab8ab875aaf96e4f7d4ab8aa667631,c0646cca1f3f1a3b,0.0
577fbcbbe04c8d72901f21e00d7cd5c9,c1db98da57b84740a9afeaec4e0fe19d,14,Hurricane Ian,1001-San-Carlos-Island.geo.tif,minor damage,1,val,11729,12963,12223,13404,False,False,False,excluded,evaluation,orthomosaic::1001-San-Carlos-Island.geo.tif,orthomosaic_surrogate::1001-San-Carlos-Island.geo.tif,orthomosaic_surrogate::1001-San-Carlos-Island.geo.tif,exact_group_0128,phash_group_0128,570c5582d4586cfaa61c5f96b6e0750e8662ac4e5ae7a665ac895d5c82c00164,93347cd362ba25c9,0.0
58cfdd5b8fe4df8acfc2b0d53ee87a49,985e3088643d4ff58f33395520296f98,264,Hurricane Ian,1001-San-Carlos-Island.geo.tif,no damage,0,train,23636,11327,24093,11630,False,True,True,train_pool,excluded,orthomosaic::1001-San-Carlos-Island.geo.tif,orthomosaic_surrogate::1001-San-Carlos-Island.geo.tif,orthomosaic_surrogate::1001-San-Carlos-Island.geo.tif,exact_group_0129,phash_group_0129,d576167b2078781e23a1454e6bb67cd154daea65e180c662147f723d6891dfd0,80b27fcf160d5bb0,0.0
58d6107c692cb20754a643dce548b732,9c9d7b5fe2bc40c6831cc5b559d04470,64,Hurricane Ida,20210901-Cocodrie-1.geo.tif,no damage,0,val,18307,9909,18750,10213,False,False,False,evaluation,excluded,orthomosaic::20210901-Cocodrie-1.geo.tif,orthomosaic_surrogate::20210901-Cocodrie-1.geo.tif,orthomosaic_surrogate::20210901-Cocodrie-1.geo.tif,exact_group_0130,phash_group_0130,c3190fe47de5b88b94c9fde2a7c9826fea6cf891ddf6828176d1c208b57c96c8,d6722aa52d896b1b,0.0
5939bbe51748917e3ad5dab68d891a81,49df2529e7c447daac7b0ac0dee41be8,55,Hurricane Ida,20210901-Cocodrie-1.geo.tif,destroyed,3,train,19053,12553,19482,13008,False,False,True,excluded,train_pool,orthomosaic::20210901-Cocodrie-1.geo.tif,orthomosaic_surrogate::20210901-Cocodrie-1.geo.tif,orthomosaic_surrogate::20210901-Cocodrie-1.geo.tif,exact_group_0131,phash_group_0131,44f6399b9af2dfe97f9dfcab8509e4769759e87fa01a1d0c33eb4bf9a710538a,d1762d1bc2013bfc,0.0
59d1918c771b8c18e988276e5d3ceb10,263745003c734332ba7f74afdba6405f,283,Hurricane Ian,1001-San-Carlos-Island.geo.tif,no damage,0,train,27023,21495,27363,21759,True,True,True,train_pool,excluded,orthomosaic::1001-San-Carlos-Island.geo.tif,orthomosaic_surrogate::1001-San-Carlos-Island.geo.tif,orthomosaic_surrogate::1001-San-Carlos-Island.geo.tif,exact_group_0132,phash_group_0132,aaa5245effd5339f43318dfaf8b71f858b5d3916b742dd69b5622f4a2269bc89,d4172afe3dc81989,0.0
5a93415cbeb26af23a886da88a08dbec,829da950005a4213bd67733be8a75fd2,245,Hurricane Ian,1001-San-Carlos-Island.geo.tif,minor damage,1,val,24584,18678,25240,19129,False,False,False,excluded,evaluation,orthomosaic::1001-San-Carlos-Island.geo.tif,orthomosaic_surrogate::1001-San-Carlos-Island.geo.tif,orthomosaic_surrogate::1001-San-Carlos-Island.geo.tif,exact_group_0133,phash_group_0133,161985268e8ad781472a8a19188f452b4dfd93654caf586c3da1760b0ae128cf,f4cd6748183765d2,0.0
5b909e2be3f624a357604906cb44d122,c1aaa73d144544f5974f5a35ec64e541,101,Hurricane Ian,1001-San-Carlos-Island.geo.tif,destroyed,3,train,14607,19662,14799,20071,False,False,True,train_pool,excluded,orthomosaic::1001-San-Carlos-Island.geo.tif,orthomosaic_surrogate::1001-San-Carlos-Island.geo.tif,orthomosaic_surrogate::1001-San-Carlos-Island.geo.tif,exact_group_0134,phash_group_0134,750151d737591cc63d6abe85469c68801e9e0b72155ecc8cec9fb01186ef6bf3,9a99c51933c7cc33,0.0
5bd9877a684a2d958503ef47b2551f75,9dacfee5e8704ea4966571801562b908,410,Hurricane Ian,1001-San-Carlos-Island.geo.tif,minor damage,1,train,28709,23091,29069,23393,False,False,True,train_pool,excluded,orthomosaic::1001-San-Carlos-Island.geo.tif,orthomosaic_surrogate::1001-San-Carlos-Island.geo.tif,orthomosaic_surrogate::1001-San-Carlos-Island.geo.tif,exact_group_0135,phash_group_0135,7cb28a7a2639fe66a731d6d2c858aa82ccb5aed978e199a3ea25953d2634b515,c93c36d933c20f0f,0.37467228796145396
5cbab3ae87d099dbdbeca8a0492427c7,ad63cfc7b8f046d9abc8510f709f24a7,190,Hurricane Ian,1001-San-Carlos-Island.geo.tif,no damage,0,train,21661,17979,22048,18252,False,False,True,train_pool,excluded,orthomosaic::1001-San-Carlos-Island.geo.tif,orthomosaic_surrogate::1001-San-Carlos-Island.geo.tif,orthomosaic_surrogate::1001-San-Carlos-Island.geo.tif,exact_group_0136,phash_group_0136,bccaf213eb373b21927ea538710f1ed9aca08908f912b9bc6bc24042e9ed40fb,f5342aeb4ac848d7,0.0
5d010e78fb84fe74f5238d01219ba6ec,18a5929896654958b934457307492723,29,Hurricane Ida,20210901-Cocodrie-1.geo.tif,minor damage,1,val,17076,14708,17854,15100,False,False,False,evaluation,excluded,orthomosaic::20210901-Cocodrie-1.geo.tif,orthomosaic_surrogate::20210901-Cocodrie-1.geo.tif,orthomosaic_surrogate::20210901-Cocodrie-1.geo.tif,exact_group_0137,phash_group_0137,8c3baa6813074f756b7028988824b2e26d2f08ece85acb5a99275014e46664d9,db64249b4654fb23,0.0
5e2d1481afdd08859a34b547a506c079,4d041cd4d91647228eb60d371ebd4ff3,60,Hurricane Ian,1001-San-Carlos-Island.geo.tif,major damage,2,train,12735,14210,13171,14692,True,True,True,train_pool,excluded,orthomosaic::1001-San-Carlos-Island.geo.tif,orthomosaic_surrogate::1001-San-Carlos-Island.geo.tif,orthomosaic_surrogate::1001-San-Carlos-Island.geo.tif,exact_group_0138,phash_group_0138,762516299a1ccbc78503b6dd53d29830bf564092e394b704ba2fa5807efd6e1c,850ac77974703eb6,0.0
5e359cc5669eaba0877aa87064a855e6,1723a474a01f43b98afec5d15f62d080,342,Hurricane Ian,1001-San-Carlos-Island.geo.tif,minor damage,1,train,27397,20508,27758,20752,False,False,True,train_pool,excluded,orthomosaic::1001-San-Carlos-Island.geo.tif,orthomosaic_surrogate::1001-San-Carlos-Island.geo.tif,orthomosaic_surrogate::1001-San-Carlos-Island.geo.tif,exact_group_0139,phash_group_0139,607fff621789577a5c9b7e7ba87494a2d766637bc15820a2d100ec08cf1f842a,b07c74c30b06bf78,0.0
5e78ed2436c9e07d1b343f26fd2c0aad,ca5ff3c08c3f4b7f9a029fa538f64740,7,Hurricane Ida,20210901-Cocodrie-1.geo.tif,major damage,2,train,14871,26401,15641,27033,True,True,True,excluded,train_pool,orthomosaic::20210901-Cocodrie-1.geo.tif,orthomosaic_surrogate::20210901-Cocodrie-1.geo.tif,orthomosaic_surrogate::20210901-Cocodrie-1.geo.tif,exact_group_0140,phash_group_0140,4dc0cb956784f566b2bbb5c4a41f5222b308143d4d2f878b3f1f1910cf103439,c190327b4c653fa7,0.0
5ec6fa5b87a0504cc0aae010f669bf1c,c224cfcffc4f49778fd3b4f8edf911fa,404,Hurricane Ian,1001-San-Carlos-Island.geo.tif,no damage,0,train,27499,23011,27703,23156,False,False,True,train_pool,excluded,orthomosaic::1001-San-Carlos-Island.geo.tif,orthomosaic_surrogate::1001-San-Carlos-Island.geo.tif,orthomosaic_surrogate::1001-San-Carlos-Island.geo.tif,exact_group_0141,phash_group_0141,434cc20fbf66793501aad079cf6ad79a595ee909d8fa350571aa04855de6678d,c80637b979e07647,0.0
60a70f483e65e79d67d99f98a33171e0,77d1e7c9828945e38303863ec9ba73fb,570,Hurricane Ian,1001-San-Carlos-Island.geo.tif,minor damage,1,val,22895,23398,23044,23633,False,False,False,excluded,evaluation,orthomosaic::1001-San-Carlos-Island.geo.tif,orthomosaic_surrogate::1001-San-Carlos-Island.geo.tif,orthomosaic_surrogate::1001-San-Carlos-Island.geo.tif,exact_group_0142,phash_group_0142,d77aaf7d782f33e727e053d9a1f42e8082565a8049025b098279a7dd4cc47963,d29269cd391b186f,0.0
618c45534cd9dee53b349af6c7e98457,90ed1783abd54a438850482d09d03b8d,361,Hurricane Ian,1001-San-Carlos-Island.geo.tif,no damage,0,val,25985,12185,26394,12519,False,False,False,excluded,evaluation,orthomosaic::1001-San-Carlos-Island.geo.tif,orthomosaic_surrogate::1001-San-Carlos-Island.geo.tif,orthomosaic_surrogate::1001-San-Carlos-Island.geo.tif,exact_group_0143,phash_group_0143,64ebec5ecc3c75b184c6ffc5b6793e5dc858960a6ae171596884f88d3f479872,bd2760d6410a3fbc,0.0
61e53911e6dd092a37e88dcca970af62,955be02fdab24413a182fe9403fd94ed,226,Hurricane Ian,1001-San-Carlos-Island.geo.tif,no damage,0,val,24572,13124,25218,13556,False,False,False,excluded,evaluation,orthomosaic::1001-San-Carlos-Island.geo.tif,orthomosaic_surrogate::1001-San-Carlos-Island.geo.tif,orthomosaic_surrogate::1001-San-Carlos-Island.geo.tif,exact_group_0144,phash_group_0144,911f0d1d08844b636aad655926a321f8d3e9a282e77b18340e297b8a0f00433e,d01c69ea1d35fcd0,0.0
621497336c829b9bd6724916119178e4,5e6515dbf0b24b0e9c80d17dc7f4fa94,57,Hurricane Ida,20210901-Cocodrie-1.geo.tif,major damage,2,val,16524,26123,16929,26381,False,False,False,evaluation,excluded,orthomosaic::20210901-Cocodrie-1.geo.tif,orthomosaic_surrogate::20210901-Cocodrie-1.geo.tif,orthomosaic_surrogate::20210901-Cocodrie-1.geo.tif,exact_group_0145,phash_group_0145,981e251e49bcf0fc969f1dab6072e9e0bfc5af3e3abe96ea104203cf759ec70c,bc6c439b5861256f,0.0
62630d3254dade8e2f7027e48f8f5880,bd3034de06b84ea797bc02401cedae7c,36,Hurricane Ian,1001-San-Carlos-Island.geo.tif,major damage,2,val,13299,21798,13632,22056,False,False,False,excluded,evaluation,orthomosaic::1001-San-Carlos-Island.geo.tif,orthomosaic_surrogate::1001-San-Carlos-Island.geo.tif,orthomosaic_surrogate::1001-San-Carlos-Island.geo.tif,exact_group_0146,phash_group_0146,6535ac80778c8df66655d0e1842bffe17b36de6e247f69f39331c5ef0d4e4091,f4391b876ef408ca,0.0
62e47c8836027a5c326d19a2b8e5545a,5016a2e4391f425c88cc9e0947443643,531,Hurricane Ian,1001-San-Carlos-Island.geo.tif,minor damage,1,train,10487,11997,11168,12355,False,True,True,train_pool,excluded,orthomosaic::1001-San-Carlos-Island.geo.tif,orthomosaic_surrogate::1001-San-Carlos-Island.geo.tif,orthomosaic_surrogate::1001-San-Carlos-Island.geo.tif,exact_group_0147,phash_group_0147,912ff1dcd4cae403ba9fbf726678d833abccfc677149c2087f430579c221be73,82147ffb48689717,0.0
6308c7b23ee65d576d14683fcb2863c3,95bc871151494e1e97b3dd5a9dd4627f,471,Hurricane Ian,1001-San-Carlos-Island.geo.tif,destroyed,3,train,8144,20358,8351,20684,True,True,True,train_pool,excluded,orthomosaic::1001-San-Carlos-Island.geo.tif,orthomosaic_surrogate::1001-San-Carlos-Island.geo.tif,orthomosaic_surrogate::1001-San-Carlos-Island.geo.tif,exact_group_0148,phash_group_0148,83fdcd52107861c70ded801ee0fa03e69b4a470abdbc3f32637516fe807086f1,934d6db66c926632,0.0
64ad0da1470b316ba80af448006d2337,1223657aa9c64ef9a71b87ec73e1d063,42,Hurricane Ian,1001-San-Carlos-Island.geo.tif,no damage,0,train,12169,21866,12586,22341,False,True,True,train_pool,excluded,orthomosaic::1001-San-Carlos-Island.geo.tif,orthomosaic_surrogate::1001-San-Carlos-Island.geo.tif,orthomosaic_surrogate::1001-San-Carlos-Island.geo.tif,exact_group_0149,phash_group_0149,e98a77ac6c5fcbf808e4cd8bb24f244403f3a5c8e5a1c7383f029fc7d1dbb869,853f6ff024723670,0.0
659e93d5c65b261427d87698e97a1904,1fe251a58ba5443fa78cfbfe049f9cb7,94,Hurricane Ida,20210901-Cocodrie-1.geo.tif,major damage,2,train,20072,4185,20746,4794,False,True,True,excluded,train_pool,orthomosaic::20210901-Cocodrie-1.geo.tif,orthomosaic_surrogate::20210901-Cocodrie-1.geo.tif,orthomosaic_surrogate::20210901-Cocodrie-1.geo.tif,exact_group_0150,phash_group_0150,2de7f11e73b1b2cc4c836ce5985bf42d53871fffd00eed9c0c219e595eb0c5db,ae602ca5529f45f6,0.0
65fcfe2c293a04222782c7d8c3e61832,bea03ddb2750474d91dc3b1d52530f70,114,Hurricane Ian,1001-San-Carlos-Island.geo.tif,major damage,2,train,15540,9324,16316,9995,True,True,True,train_pool,excluded,orthomosaic::1001-San-Carlos-Island.geo.tif,orthomosaic_surrogate::1001-San-Carlos-Island.geo.tif,orthomosaic_surrogate::1001-San-Carlos-Island.geo.tif,exact_group_0151,phash_group_0151,efe13012272b4e20df829a94b0946f91efc620d5be6d66fd2ce87333b8de5dee,b843038e76d45be5,0.0
674dab27c6fc387c19021305322978f7,c880173737d141419b2addb42c6275cf,277,Hurricane Ian,1001-San-Carlos-Island.geo.tif,destroyed,3,train,24699,27902,25035,28489,True,True,True,train_pool,excluded,orthomosaic::1001-San-Carlos-Island.geo.tif,orthomosaic_surrogate::1001-San-Carlos-Island.geo.tif,orthomosaic_surrogate::1001-San-Carlos-Island.geo.tif,exact_group_0152,phash_group_0152,dc8d433e509e033b5b526065a3710deaab3e400693d19735322131cf592971cb,c6cb313c4d939b64,0.0
67bfb99625fa085808116167585d451e,008e949061d24114afa30a3e26d52aa6,120,Hurricane Ian,1001-San-Carlos-Island.geo.tif,no damage,0,val,17336,12940,17819,13375,False,False,False,excluded,evaluation,orthomosaic::1001-San-Carlos-Island.geo.tif,orthomosaic_surrogate::1001-San-Carlos-Island.geo.tif,orthomosaic_surrogate::1001-San-Carlos-Island.geo.tif,exact_group_0153,phash_group_0153,a315620a7badc12fe4fa08739a0dcd45c4cc8cf7a6383a38bff3edd9871fa482,80697f003ff43c97,0.0
68caf56383653dc5b268d1558393adce,2e909ac07a924341aafa88364ffaee04,339,Hurricane Ian,1001-San-Carlos-Island.geo.tif,no damage,0,train,26706,19708,27211,20071,True,True,True,train_pool,excluded,orthomosaic::1001-San-Carlos-Island.geo.tif,orthomosaic_surrogate::1001-San-Carlos-Island.geo.tif,orthomosaic_surrogate::1001-San-Carlos-Island.geo.tif,exact_group_0154,phash_group_0154,cbcdc441db699c120714302ccb1c3bbb6ac2eaa7e8b371bdc55cccc97e675aee,d51f6ae803051fba,0.0
692ae28e641f8255fbee530f4fbad995,1d048e1f972445a599843a741c43ab83,72,Hurricane Ida,20210901-Cocodrie-1.geo.tif,major damage,2,train,19120,6209,19597,6586,True,True,True,excluded,train_pool,orthomosaic::20210901-Cocodrie-1.geo.tif,orthomosaic_surrogate::20210901-Cocodrie-1.geo.tif,orthomosaic_surrogate::20210901-Cocodrie-1.geo.tif,exact_group_0155,phash_group_0155,fe002fd6e2223caa8c0593592084842649e7cff1e8097b01b83355d624297ada,e57a1b87486b3698,0.0
694da2e33820b3e244763094cb778689,7ae422b15308445ca8850aaaed5e2aee,107,Hurricane Ida,20210901-Cocodrie-1.geo.tif,no damage,0,train,11979,30203,12405,30651,True,True,True,excluded,train_pool,orthomosaic::20210901-Cocodrie-1.geo.tif,orthomosaic_surrogate::20210901-Cocodrie-1.geo.tif,orthomosaic_surrogate::20210901-Cocodrie-1.geo.tif,exact_group_0156,phash_group_0156,51691fd46686171d8ea136e2e39a48b6de47a99cf064d56280ac87fa0d462b53,d5e94ae265a926a5,0.0
698ea9f345737df76b1d5cad718ffa48,24290d0028f542a2b30a34c22874e7c8,67,Hurricane Ian,1001-San-Carlos-Island.geo.tif,destroyed,3,train,15618,3099,15946,3645,True,True,True,train_pool,excluded,orthomosaic::1001-San-Carlos-Island.geo.tif,orthomosaic_surrogate::1001-San-Carlos-Island.geo.tif,orthomosaic_surrogate::1001-San-Carlos-Island.geo.tif,exact_group_0157,phash_group_0157,f4ed1d86dd3820c93a85c46e3b58a051bb55653de04afa5b43603d86300bea03,c36d3896c94c66b3,0.3918005971383573
6a380560490ae303ea5268d714daddb9,e5a99c78ebaa4fe9891e3c2b0d5b607d,288,Hurricane Ian,1001-San-Carlos-Island.geo.tif,major damage,2,val,25534,21921,25802,22296,False,False,False,excluded,evaluation,orthomosaic::1001-San-Carlos-Island.geo.tif,orthomosaic_surrogate::1001-San-Carlos-Island.geo.tif,orthomosaic_surrogate::1001-San-Carlos-Island.geo.tif,exact_group_0158,phash_group_0158,4019a5706abe07807eb6dbfc237ab644116d05b584376dba780a2de9800a33f3,c06939a73766b364,0.0
6c654550880bb1740087479774ef0398,067f2d9c1f894207be29aab8326671cf,242,Hurricane Ian,1001-San-Carlos-Island.geo.tif,no damage,0,val,24411,26581,25581,27412,False,False,False,excluded,evaluation,orthomosaic::1001-San-Carlos-Island.geo.tif,orthomosaic_surrogate::1001-San-Carlos-Island.geo.tif,orthomosaic_surrogate::1001-San-Carlos-Island.geo.tif,exact_group_0159,phash_group_0159,4592cb6cefad48a49991c62d200dcbb9a9563896b9d4ebec0480a3f7acf8f47c,fc4343b717b004cf,0.0
6ceb5e0f81dc739e8d08260c632bdb15,284948f0e5a346d5a595efee09894fdb,188,Hurricane Ian,1001-San-Carlos-Island.geo.tif,minor damage,1,train,22581,18559,22976,18795,False,False,True,train_pool,excluded,orthomosaic::1001-San-Carlos-Island.geo.tif,orthomosaic_surrogate::1001-San-Carlos-Island.geo.tif,orthomosaic_surrogate::1001-San-Carlos-Island.geo.tif,exact_group_0160,phash_group_0160,4f7ec78bad64a1c7526e9a86a38eb5b32410a535f7eab6b189df67fd49a5b67c,95356aca1a3df560,0.0
6d08a7efa10508e728700f7ba9178af3,6751044d3d7c4b259857f167951183f8,27,Hurricane Ida,20210901-Cocodrie-1.geo.tif,major damage,2,train,16526,19928,17087,20396,False,True,True,excluded,train_pool,orthomosaic::20210901-Cocodrie-1.geo.tif,orthomosaic_surrogate::20210901-Cocodrie-1.geo.tif,orthomosaic_surrogate::20210901-Cocodrie-1.geo.tif,exact_group_0161,phash_group_0161,67c0fc48403acbe203436d161ac341472c2ff07fbe0b70727e3ccb2d3d02b233,de6960962db0171f,0.0
6dfdba8b8a0796c5bee51a2704d6d7b7,72d9fc582e244ebd9b9f4640ba5e1212,266,Hurricane Ian,1001-San-Carlos-Island.geo.tif,no damage,0,train,24575,10614,24777,10980,True,True,True,train_pool,excluded,orthomosaic::1001-San-Carlos-Island.geo.tif,orthomosaic_surrogate::1001-San-Carlos-Island.geo.tif,orthomosaic_surrogate::1001-San-Carlos-Island.geo.tif,exact_group_0162,phash_group_0162,5b67d19adc62032852d492f2b7b22944b88285665c2240d581e83281808847ef,c3696d3d3c34343c,0.0
6f324a28dbcfdf9522b4552ffc01e8d3,94938a6053c043a6b10c7770710a5687,62,Hurricane Ian,1001-San-Carlos-Island.geo.tif,minor damage,1,val,13656,10526,14309,11162,False,False,False,excluded,evaluation,orthomosaic::1001-San-Carlos-Island.geo.tif,orthomosaic_surrogate::1001-San-Carlos-Island.geo.tif,orthomosaic_surrogate::1001-San-Carlos-Island.geo.tif,exact_group_0163,phash_group_0163,a41418b8316af6ace0fd226d12d417ebfa27f9d23dd28a514062e9bcb611e024,941e7fc0c28bdb70,0.0
6fa3889378b6935d285b3ace2c8fa65e,4e36259d5c0f47ecb3eb4d1418b20778,381,Hurricane Ian,1001-San-Carlos-Island.geo.tif,no damage,0,train,28677,18280,29068,18626,True,True,True,train_pool,excluded,orthomosaic::1001-San-Carlos-Island.geo.tif,orthomosaic_surrogate::1001-San-Carlos-Island.geo.tif,orthomosaic_surrogate::1001-San-Carlos-Island.geo.tif,exact_group_0164,phash_group_0164,d9866138e36fa80f7e525cfa56b2b27bc86100364dbd4449625038cdb4e3b9df,cc663737731930d8,0.3873584147177753
6ff7e6bc8b66d643b7fb4cb0aaf0a074,ea43ab754e1b4c17844435a6b1a4a2f7,372,Hurricane Ian,1001-San-Carlos-Island.geo.tif,major damage,2,val,28556,19236,28990,19513,False,False,False,excluded,evaluation,orthomosaic::1001-San-Carlos-Island.geo.tif,orthomosaic_surrogate::1001-San-Carlos-Island.geo.tif,orthomosaic_surrogate::1001-San-Carlos-Island.geo.tif,exact_group_0165,phash_group_0165,a3f686b50fcea5c1db458877cce85efea9d12309974f6805521ecc7a64fbb5d9,d2322dc5071ff272,0.186663496161424
706f43a07d48a7f6e13dd9b53cc3c32e,be4d2486cb3c42ea9c14844b5315143b,418,Hurricane Ian,1001-San-Carlos-Island.geo.tif,major damage,2,train,4028,7013,4514,7494,False,False,True,train_pool,excluded,orthomosaic::1001-San-Carlos-Island.geo.tif,orthomosaic_surrogate::1001-San-Carlos-Island.geo.tif,orthomosaic_surrogate::1001-San-Carlos-Island.geo.tif,exact_group_0166,phash_group_0166,dc54e2c6c8897ee752b9072497b98294e018e7c2d620b702388c379a02996859,a3b85e1679357093,0.0
70ed4bb0745c9a2f95daca2e83727def,7b1fc951904b4434b1cd74742f68b773,227,Hurricane Ian,1001-San-Carlos-Island.geo.tif,minor damage,1,train,23668,12374,24388,12865,False,False,True,train_pool,excluded,orthomosaic::1001-San-Carlos-Island.geo.tif,orthomosaic_surrogate::1001-San-Carlos-Island.geo.tif,orthomosaic_surrogate::1001-San-Carlos-Island.geo.tif,exact_group_0167,phash_group_0167,18da4a1f48ce1702d0af24a0f6afe5c129eb4ac5d8188dc928d9d08e8d09f0ea,92276dca1e38f7a0,0.0
71337d5483fab187b78e82f4b347d00d,e22b5552216b477d8054efe86a119d3a,285,Hurricane Ian,1001-San-Carlos-Island.geo.tif,no damage,0,train,26934,21820,27344,22096,True,True,True,train_pool,excluded,orthomosaic::1001-San-Carlos-Island.geo.tif,orthomosaic_surrogate::1001-San-Carlos-Island.geo.tif,orthomosaic_surrogate::1001-San-Carlos-Island.geo.tif,exact_group_0168,phash_group_0168,5a736ae8d3bf02dae0769239aeff92e950b059b21c941f5f8f8393df5a4c94fd,801a7fed04ecda1b,0.0
72bd356bd0d7b8bd2fa0462a6036c179,6712cf2fb7004400ab7553f3b417f65e,536,Hurricane Ian,1001-San-Carlos-Island.geo.tif,minor damage,1,train,8509,10427,8900,10706,False,True,True,train_pool,excluded,orthomosaic::1001-San-Carlos-Island.geo.tif,orthomosaic_surrogate::1001-San-Carlos-Island.geo.tif,orthomosaic_surrogate::1001-San-Carlos-Island.geo.tif,exact_group_0169,phash_group_0169,0a24e2290527a5f8c9884640dc9ef9f0b1f595a0ceabb2a3469e8c758cb76bb2,d6ec3d536a0532cc,0.0
72dd797ce58f02ee6ba223a12daa139f,7467b7c0d6e44bffb56d4cf75725d5e4,481,Hurricane Ian,1001-San-Carlos-Island.geo.tif,no damage,0,train,9204,5887,9661,6407,False,True,True,train_pool,excluded,orthomosaic::1001-San-Carlos-Island.geo.tif,orthomosaic_surrogate::1001-San-Carlos-Island.geo.tif,orthomosaic_surrogate::1001-San-Carlos-Island.geo.tif,exact_group_0170,phash_group_0170,c4a8640474e5d187d6ca781cf8a5fa8e5c6869842b8645ef3689302175293c16,90366dc83dc7348f,0.0
742f080f229dccf5aa89dd4d825b6491,7c4f9d07403a436099224a6566f1a009,377,Hurricane Ian,1001-San-Carlos-Island.geo.tif,no damage,0,train,28565,28894,29015,29313,False,False,True,train_pool,excluded,orthomosaic::1001-San-Carlos-Island.geo.tif,orthomosaic_surrogate::1001-San-Carlos-Island.geo.tif,orthomosaic_surrogate::1001-San-Carlos-Island.geo.tif,exact_group_0171,phash_group_0171,fe5c80eb6f88890a4212104a983bbbdfd3568cae1a3c7ede0d3c27a55699c6f8,84037b6c733e32ba,0.0
777a2c29a063026f15783888ef299faf,54f5e427f8ab42a2b1963318d382e44b,136,Hurricane Ian,1001-San-Carlos-Island.geo.tif,no damage,0,val,19457,19300,19899,19594,False,False,False,excluded,evaluation,orthomosaic::1001-San-Carlos-Island.geo.tif,orthomosaic_surrogate::1001-San-Carlos-Island.geo.tif,orthomosaic_surrogate::1001-San-Carlos-Island.geo.tif,exact_group_0172,phash_group_0172,cc1b2732641f552739796077c37372cb60ed147f25bb8d6e9d50faf1e65978c6,91683f957553c263,0.0
77cd2dc6c45eb092eacad42f872073cc,45cac3ee7d314a84b45b08945aa8e72f,86,Hurricane Ida,20210901-Cocodrie-1.geo.tif,major damage,2,train,21876,1310,22578,1954,False,True,True,excluded,train_pool,orthomosaic::20210901-Cocodrie-1.geo.tif,orthomosaic_surrogate::20210901-Cocodrie-1.geo.tif,orthomosaic_surrogate::20210901-Cocodrie-1.geo.tif,exact_group_0173,phash_group_0173,167e9e91840f89ec6725ca1c8fc72ae29f3ee6eb8999adf7e1b53d96fd0f9ca2,92904c6a2b277d6f,0.0
7ccd820de609d9b3939106b0ea9d290d,0c9ad45730ec4ea79ffba0c490506c30,505,Hurricane Ian,1001-San-Carlos-Island.geo.tif,destroyed,3,val,9920,20753,10073,21008,False,False,False,excluded,evaluation,orthomosaic::1001-San-Carlos-Island.geo.tif,orthomosaic_surrogate::1001-San-Carlos-Island.geo.tif,orthomosaic_surrogate::1001-San-Carlos-Island.geo.tif,exact_group_0174,phash_group_0174,b5f90840286516e0540432f75e87d43bed3dbded0f0e01cd83fd86c351ef29b7,c6946696356b9acc,0.0
7d0bf2fc56390745a491a42816ddfa4a,7e6d77a689d642818a845eac4cc5d68b,487,Hurricane Ian,1001-San-Carlos-Island.geo.tif,no damage,0,train,8054,18065,8769,18467,True,True,True,train_pool,excluded,orthomosaic::1001-San-Carlos-Island.geo.tif,orthomosaic_surrogate::1001-San-Carlos-Island.geo.tif,orthomosaic_surrogate::1001-San-Carlos-Island.geo.tif,exact_group_0175,phash_group_0175,96bb8e1a60b126f48fd7f4dab1e280e2be4af12e17509e0d93fe73acc46075ef,976b78142acb932e,0.0
7d841e621e60de72827eb800cc39a60e,d09c42b42e974f3a947d68506313826d,467,Hurricane Ian,1001-San-Carlos-Island.geo.tif,destroyed,3,val,8679,19857,8869,20180,False,False,False,excluded,evaluation,orthomosaic::1001-San-Carlos-Island.geo.tif,orthomosaic_surrogate::1001-San-Carlos-Island.geo.tif,orthomosaic_surrogate::1001-San-Carlos-Island.geo.tif,exact_group_0176,phash_group_0176,d12f428350b67029baa89322b58254e76637c076d04b3689433d3109bec3fcdd,9384c98f4fd9640f,0.0
7edeb28e28e2e5021bfbbe69a6b838f7,7160486121f5493096f2e1beb9d3822b,35,Hurricane Ian,1001-San-Carlos-Island.geo.tif,major damage,2,train,13525,21581,13816,21791,False,False,True,train_pool,excluded,orthomosaic::1001-San-Carlos-Island.geo.tif,orthomosaic_surrogate::1001-San-Carlos-Island.geo.tif,orthomosaic_surrogate::1001-San-Carlos-Island.geo.tif,exact_group_0177,phash_group_0177,c3052d8f63a2cfdd2573c0f21a5172640121f76f42d013392b05c7b672440525,d0543aab3fcb4562,0.0
7f322e8fd8f9f5687b81afb6671a3669,8d5a99a0d2a84d49803dfd36b337635d,198,Hurricane Ian,1001-San-Carlos-Island.geo.tif,no damage,0,val,22651,24397,23062,24807,False,False,False,excluded,evaluation,orthomosaic::1001-San-Carlos-Island.geo.tif,orthomosaic_surrogate::1001-San-Carlos-Island.geo.tif,orthomosaic_surrogate::1001-San-Carlos-Island.geo.tif,exact_group_0178,phash_group_0178,70e35cc0fc09ed88723f4ff9e0a72cd9a673024bf2dca18771639e5b178fce75,c45927241aa33bdf,0.0
7fa1fc3d238c0d387f92f4389d31c246,eddc25efe85748dabd974566b2fc5178,577,Hurricane Ian,1001-San-Carlos-Island.geo.tif,minor damage,1,val,15039,18036,15382,18375,False,False,False,excluded,evaluation,orthomosaic::1001-San-Carlos-Island.geo.tif,orthomosaic_surrogate::1001-San-Carlos-Island.geo.tif,orthomosaic_surrogate::1001-San-Carlos-Island.geo.tif,exact_group_0179,phash_group_0179,390d9bfeb95fe2825285268e5c3c05ac31c489dbadc705831a62fa698c089a07,94b565c063c359db,0.0
7fdcf75b080f9dd7c830b0ed5f97c865,d83362ca4bc94a1c9fac70050e9d6e33,520,Hurricane Ian,1001-San-Carlos-Island.geo.tif,no damage,0,val,10831,16575,11431,17006,False,False,False,excluded,evaluation,orthomosaic::1001-San-Carlos-Island.geo.tif,orthomosaic_surrogate::1001-San-Carlos-Island.geo.tif,orthomosaic_surrogate::1001-San-Carlos-Island.geo.tif,exact_group_0180,phash_group_0180,c8efe0cdc44b4ce906d3eddbc46cb952a09b1fb873e0ba1cf180b57a83ca5c57,b16a1ab34d9e70cc,0.0
809422739d157976b4f6e538e645194a,724608a87b1e4d72b55423315d10a499,71,Hurricane Ida,20210901-Cocodrie-1.geo.tif,major damage,2,val,19420,5537,19860,5930,False,False,False,evaluation,excluded,orthomosaic::20210901-Cocodrie-1.geo.tif,orthomosaic_surrogate::20210901-Cocodrie-1.geo.tif,orthomosaic_surrogate::20210901-Cocodrie-1.geo.tif,exact_group_0181,phash_group_0181,0639a67d774a95c647e089538756fd0f80e2618a36eec2742f4fb56b4ebfc1a8,d245691a25be16f3,0.0
81541277bce414846bf46411dad5aad9,2bd9447c99644150b81743d36296970a,61,Hurricane Ida,20210901-Cocodrie-1.geo.tif,no damage,0,val,18209,11245,18756,11554,False,False,False,evaluation,excluded,orthomosaic::20210901-Cocodrie-1.geo.tif,orthomosaic_surrogate::20210901-Cocodrie-1.geo.tif,orthomosaic_surrogate::20210901-Cocodrie-1.geo.tif,exact_group_0182,phash_group_0182,8dfb31464892f964812385e905783164c116c65efd747a7dd442e560a2492b77,d56b2a94d1e8cb68,0.0
81fd9017f694662bba8200d0ae038625,e6fabf79542142c18d12e6d5dfd8f893,10,Hurricane Ida,20210901-Cocodrie-1.geo.tif,no damage,0,train,15039,31729,15723,32327,False,True,True,excluded,train_pool,orthomosaic::20210901-Cocodrie-1.geo.tif,orthomosaic_surrogate::20210901-Cocodrie-1.geo.tif,orthomosaic_surrogate::20210901-Cocodrie-1.geo.tif,exact_group_0183,phash_group_0183,76505e111df99daf03ab8e6a3a817aa69233001237ca60878e7b5245baf1dd74,da6b34552da94b94,0.0
8222823db38043ad600351dc61500b37,e11eb706d8664333be56ccfd79857dac,94,Hurricane Ian,1001-San-Carlos-Island.geo.tif,no damage,0,train,14859,12045,15687,14136,False,True,True,train_pool,excluded,orthomosaic::1001-San-Carlos-Island.geo.tif,orthomosaic_surrogate::1001-San-Carlos-Island.geo.tif,orthomosaic_surrogate::1001-San-Carlos-Island.geo.tif,exact_group_0184,phash_group_0184,12c6a513d0fe669e686fd735fa85de8afedeff6d3e10083f874cb89dbcbccd1e,9b67ce2cc6496931,0.0
82664d68f34f301f68f55081a8f58fb6,28984dcc999d44779d3bc39e2ddc9ffb,421,Hurricane Ian,1001-San-Carlos-Island.geo.tif,major damage,2,val,5070,8955,5888,9614,False,False,False,excluded,evaluation,orthomosaic::1001-San-Carlos-Island.geo.tif,orthomosaic_surrogate::1001-San-Carlos-Island.geo.tif,orthomosaic_surrogate::1001-San-Carlos-Island.geo.tif,exact_group_0185,phash_group_0185,7a21ca39ae48fe59f7c3b28e0a3d5360289b5ebc914fcbac34e814b9da088a88,811f3e467ee04d93,0.0
82f1d4518bf74cf78a15f81f801879a2,2369ca7f0d9e42bfbeea53a4a7a0b8b9,546,Hurricane Ian,1001-San-Carlos-Island.geo.tif,no damage,0,train,8303,3809,8863,4377,True,True,True,train_pool,excluded,orthomosaic::1001-San-Carlos-Island.geo.tif,orthomosaic_surrogate::1001-San-Carlos-Island.geo.tif,orthomosaic_surrogate::1001-San-Carlos-Island.geo.tif,exact_group_0186,phash_group_0186,cf6f81b04ecca52c2b5dd71628c74ee3b8f194677b48cc99157c08d2c6820649,9db479d238a9a09d,0.0
83ff2dc68fcee2c876c130e649e372c7,49ce0efc6c064e0d9353d8adc5e3499c,33,Hurricane Ian,1001-San-Carlos-Island.geo.tif,minor damage,1,train,13568,21305,13857,21580,True,True,True,train_pool,excluded,orthomosaic::1001-San-Carlos-Island.geo.tif,orthomosaic_surrogate::1001-San-Carlos-Island.geo.tif,orthomosaic_surrogate::1001-San-Carlos-Island.geo.tif,exact_group_0187,phash_group_0187,47725b6e633bbfac743a7ff576fb54292537bca42c221b0fa390a1fcc1ce5775,d4007a371eba1dd5,0.0
85042c036344bb925dbe04e2d1a53ae2,7f7c75cc181945f7b72fe7297d559251,101,Hurricane Ida,20210901-Cocodrie-1.geo.tif,minor damage,1,train,4955,19330,8996,24295,False,False,True,excluded,train_pool,orthomosaic::20210901-Cocodrie-1.geo.tif,orthomosaic_surrogate::20210901-Cocodrie-1.geo.tif,orthomosaic_surrogate::20210901-Cocodrie-1.geo.tif,exact_group_0188,phash_group_0188,aa4093bba4f5954d8ed68b01c0ac77d029a9c89bd9ca502f1b93acdc38366987,913db5cd2ccaca52,0.0
85405f9917da21d82d6dfa54efb6d4a6,b7cf747f577345b3898ee022145642e3,574,Hurricane Ian,1001-San-Carlos-Island.geo.tif,no damage,0,val,15397,17323,15561,17601,False,False,False,excluded,evaluation,orthomosaic::1001-San-Carlos-Island.geo.tif,orthomosaic_surrogate::1001-San-Carlos-Island.geo.tif,orthomosaic_surrogate::1001-San-Carlos-Island.geo.tif,exact_group_0189,phash_group_0189,a9a05ea2b421dd0cc1fde8f60775d2b40e6d57a36fc115cc6dd0b71099e4fa0a,9a32604f69c56d6d,0.0
8618d8b53068c9b7939e05d5c781fd2e,ef29d579f96748b189971a03a90e0d14,151,Hurricane Ian,1001-San-Carlos-Island.geo.tif,no damage,0,train,20939,21514,21846,22418,False,False,True,train_pool,excluded,orthomosaic::1001-San-Carlos-Island.geo.tif,orthomosaic_surrogate::1001-San-Carlos-Island.geo.tif,orthomosaic_surrogate::1001-San-Carlos-Island.geo.tif,exact_group_0190,phash_group_0190,69f14aae874709689405e5d934c1550273ca15cac2f612947ba8c560fb226faa,910f4ebbad4344a7,0.0
86400367731c5b925921c898b9aefc90,cef7646a6a304d159734a255deed1f8a,143,Hurricane Ian,1001-San-Carlos-Island.geo.tif,minor damage,1,train,3573,5120,4334,5742,True,True,True,train_pool,excluded,orthomosaic::1001-San-Carlos-Island.geo.tif,orthomosaic_surrogate::1001-San-Carlos-Island.geo.tif,orthomosaic_surrogate::1001-San-Carlos-Island.geo.tif,exact_group_0191,phash_group_0191,7b1a9b296399739cb19147c8622c15d5fe0064b02217e2d56dc230a8b62a9fe0,af2965ce10da47e4,0.0
86ce1864beb5d7ac6e8442d0a1616eb3,36e6d3a80e204417bad37f98e3887b8b,473,Hurricane Ian,1001-San-Carlos-Island.geo.tif,no damage,0,train,7870,9880,8442,10423,False,True,True,train_pool,excluded,orthomosaic::1001-San-Carlos-Island.geo.tif,orthomosaic_surrogate::1001-San-Carlos-Island.geo.tif,orthomosaic_surrogate::1001-San-Carlos-Island.geo.tif,exact_group_0192,phash_group_0192,b040d4b67ed5845347605fcdc90ff67a6b0e9733d2a1a41625d37f6ff39bf435,c1a81d9e62f83fc1,0.0
87a020e25fb5683cbada4e094a9cb835,fb2a836da5ae4b1395b5d65ccd2e6652,474,Hurricane Ian,1001-San-Carlos-Island.geo.tif,no damage,0,val,8014,15444,8713,15859,False,False,False,excluded,evaluation,orthomosaic::1001-San-Carlos-Island.geo.tif,orthomosaic_surrogate::1001-San-Carlos-Island.geo.tif,orthomosaic_surrogate::1001-San-Carlos-Island.geo.tif,exact_group_0193,phash_group_0193,8ab3e6d363a345df91bf975ae0e5cd6113c201ff04b2ff50916a03bbca420cb5,953768dc47c19c33,0.0
87cba2770138a85753331e465839caa9,00be1fbaae5943df81b5a4c502be2960,85,Hurricane Ida,20210901-Cocodrie-1.geo.tif,no damage,0,train,21817,2037,22307,2473,False,False,True,excluded,train_pool,orthomosaic::20210901-Cocodrie-1.geo.tif,orthomosaic_surrogate::20210901-Cocodrie-1.geo.tif,orthomosaic_surrogate::20210901-Cocodrie-1.geo.tif,exact_group_0194,phash_group_0194,b33fe6f62e246ab4b5ca9289ac3bbff5fe5492417bf11b7182ac87f2732aaadb,cbf62da9331b1119,0.0
886e3f5a5b8de33187068aed6db3f8f5,778b173a20d34a409251b128585726f9,515,Hurricane Ian,1001-San-Carlos-Island.geo.tif,destroyed,3,train,10118,20789,10569,21141,True,True,True,train_pool,excluded,orthomosaic::1001-San-Carlos-Island.geo.tif,orthomosaic_surrogate::1001-San-Carlos-Island.geo.tif,orthomosaic_surrogate::1001-San-Carlos-Island.geo.tif,exact_group_0195,phash_group_0195,5d23405d69c87c1ebde2a4d5c32a1881276feb18884fb075ab1c5102000e138d,9dbd6372508f1634,0.0
889c22303d271c810281b16acda6162f,be13f41857284b0da58b82187148e7d8,38,Hurricane Ian,1001-San-Carlos-Island.geo.tif,minor damage,1,val,13251,22098,13557,22273,False,False,False,excluded,evaluation,orthomosaic::1001-San-Carlos-Island.geo.tif,orthomosaic_surrogate::1001-San-Carlos-Island.geo.tif,orthomosaic_surrogate::1001-San-Carlos-Island.geo.tif,exact_group_0196,phash_group_0196,49887c04e0f5e118b639d3ece8a03d3ffb04da9079167cb1164e0ef4e4f46e61,d52a2ad57e1295ca,0.0
893633e5f6b4a45a33e880ca23ca4591,310a3e0459ee4c829e147d7ae10731c0,85,Hurricane Ian,1001-San-Carlos-Island.geo.tif,minor damage,1,train,14789,19038,15058,19253,False,False,True,train_pool,excluded,orthomosaic::1001-San-Carlos-Island.geo.tif,orthomosaic_surrogate::1001-San-Carlos-Island.geo.tif,orthomosaic_surrogate::1001-San-Carlos-Island.geo.tif,exact_group_0197,phash_group_0197,e3097f2f80401f8ee1e7b72f99ec44cbb7d8d12d3ab2a14a17b5be0a5ea5c976,d46e3f95219a496a,0.0
89871638243294b327d275da7f39108c,d206ad93a8844e1fa7dd3fca6850509b,425,Hurricane Ian,1001-San-Carlos-Island.geo.tif,minor damage,1,train,5954,11310,6540,11871,False,True,True,train_pool,excluded,orthomosaic::1001-San-Carlos-Island.geo.tif,orthomosaic_surrogate::1001-San-Carlos-Island.geo.tif,orthomosaic_surrogate::1001-San-Carlos-Island.geo.tif,exact_group_0198,phash_group_0198,f93801ec3483c600c528460b714fc557a9e39ffda4434b495ed3321ed77c3d4b,91334f917cca65c9,0.0
899a0abb624a273eba24fec487a1e4e4,4374af94bcc44d438da9ef99eb359882,259,Hurricane Ian,1001-San-Carlos-Island.geo.tif,minor damage,1,train,24549,11116,25281,11605,False,True,True,train_pool,excluded,orthomosaic::1001-San-Carlos-Island.geo.tif,orthomosaic_surrogate::1001-San-Carlos-Island.geo.tif,orthomosaic_surrogate::1001-San-Carlos-Island.geo.tif,exact_group_0199,phash_group_0199,1714f07575a14e148e11eab200ca94c744579cb4f0abf19efa3a301da2bc343f,957c7cc20b9be225,0.0
8a1b2c9a06a25be1ccabb33af34e1d67,ed0b3cb8a10546e28d8828e13fbb2618,78,Hurricane Ian,1001-San-Carlos-Island.geo.tif,destroyed,3,val,13814,22773,14140,23017,False,False,False,excluded,evaluation,orthomosaic::1001-San-Carlos-Island.geo.tif,orthomosaic_surrogate::1001-San-Carlos-Island.geo.tif,orthomosaic_surrogate::1001-San-Carlos-Island.geo.tif,exact_group_0200,phash_group_0200,d5f06ce907fdab0b4351dea3c9eaf1de6b99d7db95d3acd4b7d41cd9a54676a2,ad9b569f0a645961,0.0
8ad51d8b39df6b177906460936e13a05,e7ed7b96e0a5496f87521f5a98e55871,497,Hurricane Ian,1001-San-Carlos-Island.geo.tif,major damage,2,val,10525,21299,10739,21589,False,False,False,excluded,evaluation,orthomosaic::1001-San-Carlos-Island.geo.tif,orthomosaic_surrogate::1001-San-Carlos-Island.geo.tif,orthomosaic_surrogate::1001-San-Carlos-Island.geo.tif,exact_group_0201,phash_group_0201,d6b22376e388e7c5bbcc6f56a6763a43d1ab30888505bbb799247e047138ef81,c4673c312fcac978,0.0
8b580ddecd82f6e2962e7e5997008cec,8dabbc4802a04881a69b56ab33ecdabd,318,Hurricane Ian,1001-San-Carlos-Island.geo.tif,minor damage,1,train,25937,18749,26404,19052,False,False,True,train_pool,excluded,orthomosaic::1001-San-Carlos-Island.geo.tif,orthomosaic_surrogate::1001-San-Carlos-Island.geo.tif,orthomosaic_surrogate::1001-San-Carlos-Island.geo.tif,exact_group_0202,phash_group_0202,e21bf446aac648e89415b1269c2b6b590fcf6a7e33f3bc6cfee95fc194ca4cb1,a41d7fea0b029d35,0.0
8bd28fed8ccd36d53bcd47d594402448,5fe23a0adb044eb6ab13707958b00373,202,Hurricane Ian,1001-San-Carlos-Island.geo.tif,minor damage,1,train,23775,15423,24273,15778,True,True,True,train_pool,excluded,orthomosaic::1001-San-Carlos-Island.geo.tif,orthomosaic_surrogate::1001-San-Carlos-Island.geo.tif,orthomosaic_surrogate::1001-San-Carlos-Island.geo.tif,exact_group_0203,phash_group_0203,80e71fecbbf676bbb4f17d27dfd67dcc3ba9ba3f21f72bb6a6e7bdef7faaf889,c21e25ed1d355a72,0.0
8c40cfe4d93aee85cc403c48a11f098e,10484a97b4ad4adf90e9af1a1ba82886,273,Hurricane Ian,1001-San-Carlos-Island.geo.tif,no damage,0,train,23782,20224,24218,20574,False,False,True,train_pool,excluded,orthomosaic::1001-San-Carlos-Island.geo.tif,orthomosaic_surrogate::1001-San-Carlos-Island.geo.tif,orthomosaic_surrogate::1001-San-Carlos-Island.geo.tif,exact_group_0204,phash_group_0204,f79a7eddeb9c70982f3aadbbaaae6ede2d46562be42c2a302c81313725b46078,e5d26acc1e0d1d39,0.0
8d1aa929f114bd4a286a4207687ca648,6b89989958b04b4f8b90f62d79c43d6a,483,Hurricane Ian,1001-San-Carlos-Island.geo.tif,no damage,0,train,9010,4529,9510,5031,True,True,True,train_pool,excluded,orthomosaic::1001-San-Carlos-Island.geo.tif,orthomosaic_surrogate::1001-San-Carlos-Island.geo.tif,orthomosaic_surrogate::1001-San-Carlos-Island.geo.tif,exact_group_0205,phash_group_0205,090ea11d1edcdfe5b6fb38c3abad4da286ddeaa43d0141a1f617acb9a995e1ad,952d4e1ca9ae5475,0.0
8ef636a155e75037eb801295eb9c56fe,79a47dfe77324b85a01ce46126a71b27,89,Hurricane Ida,20210901-Cocodrie-1.geo.tif,major damage,2,val,19785,7590,20385,8149,False,False,False,evaluation,excluded,orthomosaic::20210901-Cocodrie-1.geo.tif,orthomosaic_surrogate::20210901-Cocodrie-1.geo.tif,orthomosaic_surrogate::20210901-Cocodrie-1.geo.tif,exact_group_0206,phash_group_0206,39741c09d1b4dd10ad9e9b353a81494f36f41c6f2a0d8a0f6d3d6c311f31b89a,d06d3c950fce6730,0.0
8f510a49bde08954fc32b89bd1fd5863,5e739433dedc4ebd949476d93d573954,456,Hurricane Ian,1001-San-Carlos-Island.geo.tif,minor damage,1,val,9248,13404,9575,13683,False,False,False,excluded,evaluation,orthomosaic::1001-San-Carlos-Island.geo.tif,orthomosaic_surrogate::1001-San-Carlos-Island.geo.tif,orthomosaic_surrogate::1001-San-Carlos-Island.geo.tif,exact_group_0207,phash_group_0207,671c3ce89a14143ea884a95baec9d24d9eefda19588f906a8ee98448242d7123,803f7f803ff468c1,0.0
8fbde89b79de55935c040f0610fa12e5,9a39634d8f9c497087a5124389014944,582,Hurricane Ian,1001-San-Carlos-Island.geo.tif,minor damage,1,val,23665,17559,24244,17898,False,False,False,excluded,evaluation,orthomosaic::1001-San-Carlos-Island.geo.tif,orthomosaic_surrogate::1001-San-Carlos-Island.geo.tif,orthomosaic_surrogate::1001-San-Carlos-Island.geo.tif,exact_group_0208,phash_group_0208,9f7a183a9452759e82fa0e29938529d78768ae11d25898f6ab58f0e00e0fd912,c893376c8195a8fb,0.0
90d0139ec0a03169428eec8f666dac7d,1b774229363a4e92b6c41927018bf756,301,Hurricane Ian,1001-San-Carlos-Island.geo.tif,no damage,0,train,25946,15455,26370,15764,False,False,True,train_pool,excluded,orthomosaic::1001-San-Carlos-Island.geo.tif,orthomosaic_surrogate::1001-San-Carlos-Island.geo.tif,orthomosaic_surrogate::1001-San-Carlos-Island.geo.tif,exact_group_0209,phash_group_0209,d06a8d6996a685c75c22601b0bb793c3ef17642c340543c9c4a4544d37562ada,823f6fc91da01db1,0.0
92d6831dbde053cf43c49bd97daaf432,cc78ce513cdf4d7aaff4193687e96337,49,Hurricane Ida,20210901-Cocodrie-1.geo.tif,destroyed,3,train,15601,24721,16096,25072,False,True,True,excluded,train_pool,orthomosaic::20210901-Cocodrie-1.geo.tif,orthomosaic_surrogate::20210901-Cocodrie-1.geo.tif,orthomosaic_surrogate::20210901-Cocodrie-1.geo.tif,exact_group_0210,phash_group_0210,5ca602a0a4b958d72f9463732bf0e6f2f55c33d0257aa80ebf3c321bedfd229b,885477eb43b90d56,0.0
93310448e5e82000b069eb5f719cb815,bdd042f1d94e47aca4edf9d4d81c65a1,388,Hurricane Ian,1001-San-Carlos-Island.geo.tif,minor damage,1,train,25899,11062,26224,11232,True,True,True,train_pool,excluded,orthomosaic::1001-San-Carlos-Island.geo.tif,orthomosaic_surrogate::1001-San-Carlos-Island.geo.tif,orthomosaic_surrogate::1001-San-Carlos-Island.geo.tif,exact_group_0211,phash_group_0211,a80918cde93605dee2a4b1472880570bd89e0e44936320dc7241f5b5f9d08ade,952a6ad5caca952d,0.0
935b000224a0a7d4a612b07041cb01c5,bd1c1fa67029422ab3b1642c5dd2241e,18,Hurricane Ida,20210901-Cocodrie-1.geo.tif,no damage,0,train,17019,17612,17795,18115,False,False,True,excluded,train_pool,orthomosaic::20210901-Cocodrie-1.geo.tif,orthomosaic_surrogate::20210901-Cocodrie-1.geo.tif,orthomosaic_surrogate::20210901-Cocodrie-1.geo.tif,exact_group_0212,phash_group_0212,4c6abd82f41ae28233dd0d857cb694dfabe46577e8a3f9edbadc6873f2e75a1e,c9c836147e3fc89a,0.0
93712b8f6cef8b4ad5db3d3b7ed5afcd,28247380f83749749a14630601741460,462,Hurricane Ian,1001-San-Carlos-Island.geo.tif,no damage,0,train,8395,23018,8972,23425,False,True,True,train_pool,excluded,orthomosaic::1001-San-Carlos-Island.geo.tif,orthomosaic_surrogate::1001-San-Carlos-Island.geo.tif,orthomosaic_surrogate::1001-San-Carlos-Island.geo.tif,exact_group_0213,phash_group_0213,da640d71f389a6076bd504a16e49d6e60aa5959a236655c17e46b78e94a31e3f,80686b9f3ec70de8,0.0
946152fda0dcaa168e5d47b6a5c52c6d,a4d9fa856dfc4bde894bc5de5c9a7305,36,Hurricane Ida,20210901-Cocodrie-1.geo.tif,major damage,2,train,16007,28902,16409,29428,False,False,True,excluded,train_pool,orthomosaic::20210901-Cocodrie-1.geo.tif,orthomosaic_surrogate::20210901-Cocodrie-1.geo.tif,orthomosaic_surrogate::20210901-Cocodrie-1.geo.tif,exact_group_0214,phash_group_0214,3c5b6a8d68e0ed79bbbc912ee01cd1aae86b69b9cebb065641e8865a68a8ef84,c0b59999e036ce1f,0.0
9515cbccab8d0a52f8ac2f6243171aa2,59296b5ec6de4f46817117fb0381f912,108,Hurricane Ian,1001-San-Carlos-Island.geo.tif,minor damage,1,val,15907,19626,16281,19961,False,False,False,excluded,evaluation,orthomosaic::1001-San-Carlos-Island.geo.tif,orthomosaic_surrogate::1001-San-Carlos-Island.geo.tif,orthomosaic_surrogate::1001-San-Carlos-Island.geo.tif,exact_group_0215,phash_group_0215,94588fa2c78625343fcedf558eae9ab05c7398dc7c4a1fa20841fcc76a2a9388,c0077be83ad92de8,0.0
955682338b20da14ac94c1842106ebc5,f3648e7ebfef44debc51962acec57fce,100,Hurricane Ian,1001-San-Carlos-Island.geo.tif,destroyed,3,train,14773,19663,15036,20099,False,False,True,train_pool,excluded,orthomosaic::1001-San-Carlos-Island.geo.tif,orthomosaic_surrogate::1001-San-Carlos-Island.geo.tif,orthomosaic_surrogate::1001-San-Carlos-Island.geo.tif,exact_group_0216,phash_group_0216,bfb8f8dbb813d32c0d8f664c84d31bea894d7d193c15e7976535f33c08fa4c24,c39bb61c329c38bc,0.0
95b89e5bc6c820a7dc4ec7cef71da773,6c4ad5d90ff64aedbf467801db69c6dc,391,Hurricane Ian,1001-San-Carlos-Island.geo.tif,major damage,2,val,26675,11073,27094,11390,False,False,False,excluded,evaluation,orthomosaic::1001-San-Carlos-Island.geo.tif,orthomosaic_surrogate::1001-San-Carlos-Island.geo.tif,orthomosaic_surrogate::1001-San-Carlos-Island.geo.tif,exact_group_0217,phash_group_0217,2e6a66ec1674d5d329e4bec5403f7a908f6960f65ec84dc6a3debccb3cb79795,ccb63eed011b3d30,0.0
95cb215233674ee274116eb410137a19,bc98fe8525bd448e8aff5f9884aad78a,415,Hurricane Ian,1001-San-Carlos-Island.geo.tif,minor damage,1,train,4152,4772,4475,5096,True,True,True,train_pool,excluded,orthomosaic::1001-San-Carlos-Island.geo.tif,orthomosaic_surrogate::1001-San-Carlos-Island.geo.tif,orthomosaic_surrogate::1001-San-Carlos-Island.geo.tif,exact_group_0218,phash_group_0218,6f9583f93e65cda0d5e465237c66b38e9e733a36dddb2ff474fd9d5793c5dd86,9446f2389c7b6179,0.0
963e3683db10cd25b8370faf8190c73e,a416c275e7384ed1bb88e60c73dcf027,40,Hurricane Ian,1001-San-Carlos-Island.geo.tif,minor damage,1,train,12622,23049,12809,23334,False,False,True,train_pool,excluded,orthomosaic::1001-San-Carlos-Island.geo.tif,orthomosaic_surrogate::1001-San-Carlos-Island.geo.tif,orthomosaic_surrogate::1001-San-Carlos-Island.geo.tif,exact_group_0219,phash_group_0219,296a6077014d1c6d623b84ab095e38b478348b51c2b66d6d2e6a9a5c76cf347a,c2316d39691b3d9a,0.0
96889153b5dd0de9af933c6969825f52,559bf7b6da714d83ab1f7d0668d5ee81,482,Hurricane Ian,1001-San-Carlos-Island.geo.tif,no damage,0,train,9522,4830,9944,5219,True,True,True,train_pool,excluded,orthomosaic::1001-San-Carlos-Island.geo.tif,orthomosaic_surrogate::1001-San-Carlos-Island.geo.tif,orthomosaic_surrogate::1001-San-Carlos-Island.geo.tif,exact_group_0220,phash_group_0220,6a0288cbbcfa4d99362fe986565cae6461262d0c6b028e33346fc691ea8aa2e7,80216fde7593748e,0.0
97980097dc68cc91dcfae734a18aac55,58a83be2aea243f28967ded3e8dec576,157,Hurricane Ian,1001-San-Carlos-Island.geo.tif,major damage,2,train,22536,13717,22972,14050,True,True,True,train_pool,excluded,orthomosaic::1001-San-Carlos-Island.geo.tif,orthomosaic_surrogate::1001-San-Carlos-Island.geo.tif,orthomosaic_surrogate::1001-San-Carlos-Island.geo.tif,exact_group_0221,phash_group_0221,75490570fca14abcc29550c2258802bd3bcedd594b093bf5d983171b0806ec3f,b47d628e1fe0491b,0.0
991fdb7d8d5dc5acea88934c806a2839,80a33477901a48b48c51dda7cbeeb85d,403,Hurricane Ian,1001-San-Carlos-Island.geo.tif,no damage,0,val,27409,22324,27730,22579,False,False,False,excluded,evaluation,orthomosaic::1001-San-Carlos-Island.geo.tif,orthomosaic_surrogate::1001-San-Carlos-Island.geo.tif,orthomosaic_surrogate::1001-San-Carlos-Island.geo.tif,exact_group_0222,phash_group_0222,3d1bba2648d0be1f25fefa7aa40c7f81d82e8fa0d638a01e9d7872eac2f6b943,943f6ac17dc00f5a,0.0
99763fb322af102beac01ae75381c411,9032051cb2b0474999533fb1278a4447,297,Hurricane Ian,1001-San-Carlos-Island.geo.tif,minor damage,1,val,26679,15195,27142,15534,False,False,False,excluded,evaluation,orthomosaic::1001-San-Carlos-Island.geo.tif,orthomosaic_surrogate::1001-San-Carlos-Island.geo.tif,orthomosaic_surrogate::1001-San-Carlos-Island.geo.tif,exact_group_0223,phash_group_0223,26a339eebc241a4111d6cafff99f87f1a263af9522341467f016a99c0b3d77fe,b77f768402025f78,0.0
9a8aa36601eaa61f643a339a6a4e5228,a26d71ce0ead4a4b9c235eaf9ed06070,510,Hurricane Ian,1001-San-Carlos-Island.geo.tif,destroyed,3,train,9924,20277,10169,20600,True,True,True,train_pool,excluded,orthomosaic::1001-San-Carlos-Island.geo.tif,orthomosaic_surrogate::1001-San-Carlos-Island.geo.tif,orthomosaic_surrogate::1001-San-Carlos-Island.geo.tif,exact_group_0224,phash_group_0224,00a7070e9951877769c727de53f48e4c0bdaed6d4a6e63f098acae83a1379d65,9035e53c39337e38,0.0
9c6f1ca8ec3bd396e6d75806f05a7209,1f8795dca25e4c53ba7bfa29db163068,39,Hurricane Ian,1001-San-Carlos-Island.geo.tif,minor damage,1,train,12789,21031,13220,21543,False,True,True,train_pool,excluded,orthomosaic::1001-San-Carlos-Island.geo.tif,orthomosaic_surrogate::1001-San-Carlos-Island.geo.tif,orthomosaic_surrogate::1001-San-Carlos-Island.geo.tif,exact_group_0225,phash_group_0225,217808f4cd0ef6198d460aef62f5566b0cc9f8d2278de80544792e15f8220ce4,953e603ccac38dbc,0.0
9d5b2825a0415880b91baf114a505e04,623f6d44ab8a4fceac4bb4d9333988c1,210,Hurricane Ian,1001-San-Carlos-Island.geo.tif,no damage,0,train,23707,14900,24111,15212,False,False,True,train_pool,excluded,orthomosaic::1001-San-Carlos-Island.geo.tif,orthomosaic_surrogate::1001-San-Carlos-Island.geo.tif,orthomosaic_surrogate::1001-San-Carlos-Island.geo.tif,exact_group_0226,phash_group_0226,2772d5d1e7e7acf784db975e01e674a47c7676a19658637289d9bd66d0555247,c51f6bc015081fbf,0.0
9e6c98192448c3102ae329119a66377b,b1f1157b7af042268a5dde469886e35b,76,Hurricane Ida,20210901-Cocodrie-1.geo.tif,destroyed,3,val,18532,6500,18690,6675,False,False,False,evaluation,excluded,orthomosaic::20210901-Cocodrie-1.geo.tif,orthomosaic_surrogate::20210901-Cocodrie-1.geo.tif,orthomosaic_surrogate::20210901-Cocodrie-1.geo.tif,exact_group_0227,phash_group_0227,6043a8361933eb126fb6fdb05eba4f85d3709314daf618bd32291aa7a0cf3d97,956c9948ce4f64ce,0.0
9f197e7fac7eb39b36c9f88b432efd7f,ce5d28674467414d81509d3e899a3334,583,Hurricane Ian,1001-San-Carlos-Island.geo.tif,minor damage,1,train,24803,17734,25238,18055,False,True,True,train_pool,excluded,orthomosaic::1001-San-Carlos-Island.geo.tif,orthomosaic_surrogate::1001-San-Carlos-Island.geo.tif,orthomosaic_surrogate::1001-San-Carlos-Island.geo.tif,exact_group_0228,phash_group_0228,1775fcb490c6a879b853613db30abd107f2f678e08afdd79135b753c834b9421,813d7fc24f920e1d,0.0
a0e4432767613ed8084fc4da78d72510,15a329b685644be78d3ded9278dcdd15,298,Hurricane Ian,1001-San-Carlos-Island.geo.tif,no damage,0,train,25923,13980,26357,14338,False,False,True,train_pool,excluded,orthomosaic::1001-San-Carlos-Island.geo.tif,orthomosaic_surrogate::1001-San-Carlos-Island.geo.tif,orthomosaic_surrogate::1001-San-Carlos-Island.geo.tif,exact_group_0229,phash_group_0229,adadfba37ff0cebf4d09907af83233b50d0f62715d76938c8d789503f14202c5,823f75e84acc5b31,0.0
a0f289398fede4d043ac91cfe36a82a8,6b65f28c7681449d8b15d5aac59555bb,436,Hurricane Ian,1001-San-Carlos-Island.geo.tif,major damage,2,val,6274,5998,6618,6341,False,False,False,excluded,evaluation,orthomosaic::1001-San-Carlos-Island.geo.tif,orthomosaic_surrogate::1001-San-Carlos-Island.geo.tif,orthomosaic_surrogate::1001-San-Carlos-Island.geo.tif,exact_group_0230,phash_group_0230,178b46f0fee37aac63e26c233c4e17821d81b35e7ca89d518233685ce82d5d3b,9b186b4972c73d62,0.0
a10798cc34561821829b6dd3a8da810b,9b72ca6ced79415683e430f4434dd292,140,Hurricane Ian,1001-San-Carlos-Island.geo.tif,minor damage,1,val,18731,14245,19287,15128,False,False,False,excluded,evaluation,orthomosaic::1001-San-Carlos-Island.geo.tif,orthomosaic_surrogate::1001-San-Carlos-Island.geo.tif,orthomosaic_surrogate::1001-San-Carlos-Island.geo.tif,exact_group_0231,phash_group_0231,2b2c501ac1dba9534133d1313aad02e63d240448738f7c61b3fc4314335db363,d36b1c671934bc34,0.0
a15734e0f57684ee00997e34442418d1,82d2e9cf9eb64a11994ce8624ba0621a,131,Hurricane Ian,1001-San-Carlos-Island.geo.tif,no damage,0,val,16321,8037,17323,8956,False,False,False,excluded,evaluation,orthomosaic::1001-San-Carlos-Island.geo.tif,orthomosaic_surrogate::1001-San-Carlos-Island.geo.tif,orthomosaic_surrogate::1001-San-Carlos-Island.geo.tif,exact_group_0232,phash_group_0232,ab0f0c630138196986969f60db81e4461ea31b025c8a91e9cac701e787e317f1,c259403b5fa339f4,0.0
a2deb95f08f65b58a7664bf68287119c,c6c0bb64d1cc4500b022c20609d20511,170,Hurricane Ian,1001-San-Carlos-Island.geo.tif,major damage,2,train,22471,15245,22976,15831,True,True,True,train_pool,excluded,orthomosaic::1001-San-Carlos-Island.geo.tif,orthomosaic_surrogate::1001-San-Carlos-Island.geo.tif,orthomosaic_surrogate::1001-San-Carlos-Island.geo.tif,exact_group_0233,phash_group_0233,a5918daf552716e497d34c9377c8c1ba10dab3f599ceed1747721d111c22f52a,95786c916ad972f0,0.0
a360aeae57bf18835fa78eeaaf78063d,39e2f634ec30455a958a7be1b6917cf3,132,Hurricane Ian,1001-San-Carlos-Island.geo.tif,no damage,0,val,16325,10453,17155,11540,False,False,False,excluded,evaluation,orthomosaic::1001-San-Carlos-Island.geo.tif,orthomosaic_surrogate::1001-San-Carlos-Island.geo.tif,orthomosaic_surrogate::1001-San-Carlos-Island.geo.tif,exact_group_0234,phash_group_0234,d7a65b0b8925f2dfad3bf7f1f7418b84e8fd4e53b323f92a7a6eb93245d04a71,91376d6068703f37,0.0
a48d492081a7cee37ed794cf24131fa9,9f2da98192e647b6b4e646efa9d46f5f,312,Hurricane Ian,1001-San-Carlos-Island.geo.tif,no damage,0,train,26760,19079,27130,19403,False,True,True,train_pool,excluded,orthomosaic::1001-San-Carlos-Island.geo.tif,orthomosaic_surrogate::1001-San-Carlos-Island.geo.tif,orthomosaic_surrogate::1001-San-Carlos-Island.geo.tif,exact_group_0235,phash_group_0235,b7c0ffdcf74d8e45ce71323ee823109ccb08719ea586e55a4beb41b8f633b6cc,b55e6bea7aa14501,0.0
a87b161e66d5393fd0f59c7e0a86aa26,a0260c0638ab473fa42005bbc0846841,396,Hurricane Ian,1001-San-Carlos-Island.geo.tif,major damage,2,val,28692,23384,29084,23693,False,False,False,excluded,evaluation,orthomosaic::1001-San-Carlos-Island.geo.tif,orthomosaic_surrogate::1001-San-Carlos-Island.geo.tif,orthomosaic_surrogate::1001-San-Carlos-Island.geo.tif,exact_group_0236,phash_group_0236,e35cf6d1fd37bd7f0e6be0f8865ff7ae75d62db0b6f4f7e8b7f1fe381c63eefd,cb1f3fe401c70e98,0.2748488918737408
a8d5db111b689d58ab2478ccb67462b1,f597d12625144c75926d50754bb016b5,527,Hurricane Ian,1001-San-Carlos-Island.geo.tif,minor damage,1,train,10445,12493,10970,12932,True,True,True,train_pool,excluded,orthomosaic::1001-San-Carlos-Island.geo.tif,orthomosaic_surrogate::1001-San-Carlos-Island.geo.tif,orthomosaic_surrogate::1001-San-Carlos-Island.geo.tif,exact_group_0237,phash_group_0237,72c1f32c9f31d3636d90abf47913f341b2d62074382c706b6eaf65236b1b0c5e,94e1221f49ce4f9d,0.0
a9633768b6ba06548a2139ae20029a5a,b57c8737155e4f60a5496bede4ce3695,203,Hurricane Ian,1001-San-Carlos-Island.geo.tif,no damage,0,val,24694,14426,25203,14783,False,False,False,excluded,evaluation,orthomosaic::1001-San-Carlos-Island.geo.tif,orthomosaic_surrogate::1001-San-Carlos-Island.geo.tif,orthomosaic_surrogate::1001-San-Carlos-Island.geo.tif,exact_group_0238,phash_group_0238,918891ce92e8b638054f8683f0ccc1cd5d6606cce248f21e0a0583d37453d1d4,d4b762ea050d1f72,0.0
a9d6b1ea44f43f55f4ccabf84f453529,9df16cdafdbb48d6873b4462e7ad6cfd,3,Hurricane Ian,1001-San-Carlos-Island.geo.tif,minor damage,1,train,11607,17315,12297,17760,True,True,True,train_pool,excluded,orthomosaic::1001-San-Carlos-Island.geo.tif,orthomosaic_surrogate::1001-San-Carlos-Island.geo.tif,orthomosaic_surrogate::1001-San-Carlos-Island.geo.tif,exact_group_0239,phash_group_0239,43c76d7442fe99c745bb9e2483d00e8251893447d27a0dd9a159309b4976bd76,80147fff1eeb4450,0.0
aaa1237d51aaefcb733745db1f7a25cb,d891f717e6d4471990552726d5f680bb,478,Hurricane Ian,1001-San-Carlos-Island.geo.tif,minor damage,1,val,8557,17301,9084,17565,False,False,False,excluded,evaluation,orthomosaic::1001-San-Carlos-Island.geo.tif,orthomosaic_surrogate::1001-San-Carlos-Island.geo.tif,orthomosaic_surrogate::1001-San-Carlos-Island.geo.tif,exact_group_0240,phash_group_0240,40825742a0ae4fd28be16ee25e8c96d5c4c9450b5a20f4d23b0421692dcde76f,90b767689c95b02f,0.0
ab30d50c6437db8bcb7be8d5f9c42f67,2569bcb6b0f34eea9d48425a617220ef,435,Hurricane Ian,1001-San-Carlos-Island.geo.tif,major damage,2,train,6015,6921,6555,7584,False,False,True,train_pool,excluded,orthomosaic::1001-San-Carlos-Island.geo.tif,orthomosaic_surrogate::1001-San-Carlos-Island.geo.tif,orthomosaic_surrogate::1001-San-Carlos-Island.geo.tif,exact_group_0241,phash_group_0241,4ce128797321098086a9c771bba1408d7ed9c2a04eff08a2c530e6d1faaf43f8,95ec70b4e3926a35,0.0
ac929d25f016b0afb0940c1ccc83d8f2,a7341a80fca448f9b156688d4329ea10,345,Hurricane Ian,1001-San-Carlos-Island.geo.tif,no damage,0,val,27397,21174,27768,21431,False,False,False,excluded,evaluation,orthomosaic::1001-San-Carlos-Island.geo.tif,orthomosaic_surrogate::1001-San-Carlos-Island.geo.tif,orthomosaic_surrogate::1001-San-Carlos-Island.geo.tif,exact_group_0242,phash_group_0242,19ce6db532c8aa0c87335153854fae87fb38dd131c05827f571d43156e708399,95276ee84f18391d,0.0
ac9448441c4039d13779bc3bc9404575,9d6cf74ed7c84775a2603394a8e49da3,296,Hurricane Ian,1001-San-Carlos-Island.geo.tif,minor damage,1,train,26644,13680,27128,14034,False,True,True,train_pool,excluded,orthomosaic::1001-San-Carlos-Island.geo.tif,orthomosaic_surrogate::1001-San-Carlos-Island.geo.tif,orthomosaic_surrogate::1001-San-Carlos-Island.geo.tif,exact_group_0243,phash_group_0243,1a6055443dd0847677f0bb4470ce4a4435f81f1f504581bef2a7b82ebd908f0a,c53672e80d091dbf,0.0
aca6ea4818a8d6bfffbb621dd8bbdff1,d026e2b28b4a4c7cac4de72803753eca,389,Hurricane Ian,1001-San-Carlos-Island.geo.tif,no damage,0,train,26815,10418,27038,10912,False,True,True,train_pool,excluded,orthomosaic::1001-San-Carlos-Island.geo.tif,orthomosaic_surrogate::1001-San-Carlos-Island.geo.tif,orthomosaic_surrogate::1001-San-Carlos-Island.geo.tif,exact_group_0244,phash_group_0244,cbcf11e4497772bf2eebca3c8639218c805eca770cde45c15a76ded74e9b6ef4,9b36713233333636,0.0
accf188dc647dc80a26f63a408580169,18a647cd6ff949b58c188b7a7b3db392,338,Hurricane Ian,1001-San-Carlos-Island.geo.tif,no damage,0,val,25979,20187,26442,20502,False,False,False,excluded,evaluation,orthomosaic::1001-San-Carlos-Island.geo.tif,orthomosaic_surrogate::1001-San-Carlos-Island.geo.tif,orthomosaic_surrogate::1001-San-Carlos-Island.geo.tif,exact_group_0245,phash_group_0245,bf06cda36f7e5a77110d8aceada23f361848851771b89cbc6f80f64d5bf22ee0,d7366ec9110f9932,0.0
acf025f911ca40cffa99f189b5052706,611075af78774cceb695dc7a792e97d4,359,Hurricane Ian,1001-San-Carlos-Island.geo.tif,no damage,0,val,26662,12486,27196,12849,False,False,False,excluded,evaluation,orthomosaic::1001-San-Carlos-Island.geo.tif,orthomosaic_surrogate::1001-San-Carlos-Island.geo.tif,orthomosaic_surrogate::1001-San-Carlos-Island.geo.tif,exact_group_0246,phash_group_0246,c555936b6737775ccbe7080042a7c1971ed38f1f0fd8d7d37b33acbd0253ac2f,d1192ae60e275fb8,0.0
ad06697cd5bfb2d4b6173d50e119a498,0cc032e1af924f5a9347cde124b2524d,299,Hurricane Ian,1001-San-Carlos-Island.geo.tif,minor damage,1,val,25874,14226,26423,14649,False,False,False,excluded,evaluation,orthomosaic::1001-San-Carlos-Island.geo.tif,orthomosaic_surrogate::1001-San-Carlos-Island.geo.tif,orthomosaic_surrogate::1001-San-Carlos-Island.geo.tif,exact_group_0247,phash_group_0247,75e8e709682aedb125a62b95f212e6bc4cd01c3698c06da03852012828923235,a08548fa1d317fb3,0.0
ad460d2e7a87c644311c99be1db6e2c2,b7c4d8931b924af0a3e58de2b36bde37,449,Hurricane Ian,1001-San-Carlos-Island.geo.tif,no damage,0,val,7033,8000,7431,8378,False,False,False,excluded,evaluation,orthomosaic::1001-San-Carlos-Island.geo.tif,orthomosaic_surrogate::1001-San-Carlos-Island.geo.tif,orthomosaic_surrogate::1001-San-Carlos-Island.geo.tif,exact_group_0248,phash_group_0248,04ba9e12972cf3168ddfe7355bb309752394e508907bb350661dce773a56ad17,976d7ad5209467d0,0.0
ad83f4eb69e386c0b11df3f3a2cb335f,b719cd15304c448cb7302102d7deebdd,466,Hurricane Ian,1001-San-Carlos-Island.geo.tif,minor damage,1,train,9302,19893,9422,20177,False,False,True,train_pool,excluded,orthomosaic::1001-San-Carlos-Island.geo.tif,orthomosaic_surrogate::1001-San-Carlos-Island.geo.tif,orthomosaic_surrogate::1001-San-Carlos-Island.geo.tif,exact_group_0249,phash_group_0249,64f8c45671f313e49e73a48f1d498e038dc1110bab726ee4ece2df9a394c5d35,9b6c636321676764,0.0
adaef8dce7bb5a20ab39894775596f5d,5b85bc326dc7490ca9d06053ef9966e3,251,Hurricane Ian,1001-San-Carlos-Island.geo.tif,no damage,0,val,24718,19382,25286,19783,False,False,False,excluded,evaluation,orthomosaic::1001-San-Carlos-Island.geo.tif,orthomosaic_surrogate::1001-San-Carlos-Island.geo.tif,orthomosaic_surrogate::1001-San-Carlos-Island.geo.tif,exact_group_0250,phash_group_0250,bcf64ff5859de4ff8bbe6aff79ee7219e533534387fcb11246968d473adea8a2,b62977c6099e18ba,0.0
ae5828c78d434c1287601f430bb5e59e,eea17e66ccb74dfdaab2e6c9ef85980c,537,Hurricane Ian,1001-San-Carlos-Island.geo.tif,no damage,0,train,9843,9296,10274,9808,False,False,True,train_pool,excluded,orthomosaic::1001-San-Carlos-Island.geo.tif,orthomosaic_surrogate::1001-San-Carlos-Island.geo.tif,orthomosaic_surrogate::1001-San-Carlos-Island.geo.tif,exact_group_0251,phash_group_0251,2a4914336b23c77f5a844dc5dbe55e21c82b24f4bc091809643ea1c1e98d0467,95357a4839e32d53,0.0
aefe20f8ca44bfd58230c6dc07746859,20cfb72ece424e98adf514047e23a134,208,Hurricane Ian,1001-San-Carlos-Island.geo.tif,no damage,0,val,23712,14480,24421,14909,False,False,False,excluded,evaluation,orthomosaic::1001-San-Carlos-Island.geo.tif,orthomosaic_surrogate::1001-San-Carlos-Island.geo.tif,orthomosaic_surrogate::1001-San-Carlos-Island.geo.tif,exact_group_0252,phash_group_0252,a052a783ee803925c9d5e7659e03f885e23bb038c9803c2b927da4801a571e48,b4856aca0d36f6c9,0.0
af3fec712184bcbe4d361c64845c4195,73c84087202a4cb48d49c533b3e688d1,580,Hurricane Ian,1001-San-Carlos-Island.geo.tif,minor damage,1,train,14576,17569,14741,17862,False,False,True,train_pool,excluded,orthomosaic::1001-San-Carlos-Island.geo.tif,orthomosaic_surrogate::1001-San-Carlos-Island.geo.tif,orthomosaic_surrogate::1001-San-Carlos-Island.geo.tif,exact_group_0253,phash_group_0253,04c0ac99e82c70b46c514b76ef419e27742139bfdd91567d2a7a0152808bdfb2,929c653396e6b334,0.0
af4b4b6dd321791aec2094702480d416,132a7aba3fd54c179d3c95bca31ba18c,4,Hurricane Ida,20210901-Cocodrie-1.geo.tif,major damage,2,train,14292,26300,14804,26883,True,True,True,excluded,train_pool,orthomosaic::20210901-Cocodrie-1.geo.tif,orthomosaic_surrogate::20210901-Cocodrie-1.geo.tif,orthomosaic_surrogate::20210901-Cocodrie-1.geo.tif,exact_group_0254,phash_group_0254,d918d0ddb1a013755c58ab6e372d5543a01a3ec3867332cfac3de9a3474695dd,9432173737dbc261,0.0
b029c6e29c51630f336df1edf8ace4d2,11fb6d45f27143ae83fa2b621bb6cb51,499,Hurricane Ian,1001-San-Carlos-Island.geo.tif,destroyed,3,train,9900,21167,10104,21479,False,True,True,train_pool,excluded,orthomosaic::1001-San-Carlos-Island.geo.tif,orthomosaic_surrogate::1001-San-Carlos-Island.geo.tif,orthomosaic_surrogate::1001-San-Carlos-Island.geo.tif,exact_group_0255,phash_group_0255,679d6a6d1cc195a9ab67dc1af715c1269b1177f72e99dfd643f9350184f55798,92c669c1369765b6,0.0
b072413c4da64fb3ce73c38b532a67d9,7d962d1ac5384640b75239f87f0978b0,552,Hurricane Ian,1001-San-Carlos-Island.geo.tif,minor damage,1,val,10047,21640,10459,21930,False,False,False,excluded,evaluation,orthomosaic::1001-San-Carlos-Island.geo.tif,orthomosaic_surrogate::1001-San-Carlos-Island.geo.tif,orthomosaic_surrogate::1001-San-Carlos-Island.geo.tif,exact_group_0256,phash_group_0256,48f1dcd228ddb520a031fafc35d82ec176d8a520eb18c8659012005af42caab0,95d56e292a2a3d56,0.0
b098e468330f3a2832853a94d6d4e971,23bd069dc5b34a03b964a96147a52a82,88,Hurricane Ida,20210901-Cocodrie-1.geo.tif,major damage,2,train,19665,8288,20141,8555,False,True,True,excluded,train_pool,orthomosaic::20210901-Cocodrie-1.geo.tif,orthomosaic_surrogate::20210901-Cocodrie-1.geo.tif,orthomosaic_surrogate::20210901-Cocodrie-1.geo.tif,exact_group_0257,phash_group_0257,e7166f85c205828faceba031dcf87b5ed2f919add9b9440b955d2ab405138ee2,d5ad2a56603f9d81,0.0
b0da0f3c8529ceaf85dfc8f1d2ee67b8,212130b70af24933b500ab43c4b7612e,475,Hurricane Ian,1001-San-Carlos-Island.geo.tif,major damage,2,train,8105,16753,8997,17317,False,True,True,train_pool,excluded,orthomosaic::1001-San-Carlos-Island.geo.tif,orthomosaic_surrogate::1001-San-Carlos-Island.geo.tif,orthomosaic_surrogate::1001-San-Carlos-Island.geo.tif,exact_group_0258,phash_group_0258,c3f8220865d97408fd8fec98e2b3d2799b88dc4d2fea6eb9b7036a124f6927ca,8e93736e34c5899a,0.0
b110e090648c133fdb4168b1eabf6659,7c633f8be4f244eb93d6c05138f8b812,522,Hurricane Ian,1001-San-Carlos-Island.geo.tif,minor damage,1,train,10059,13839,10813,14143,False,True,True,train_pool,excluded,orthomosaic::1001-San-Carlos-Island.geo.tif,orthomosaic_surrogate::1001-San-Carlos-Island.geo.tif,orthomosaic_surrogate::1001-San-Carlos-Island.geo.tif,exact_group_0259,phash_group_0259,87b81442b53f82079c362887c266a83e3c4062b06992f72a6611cad30c5c456a,b3586ca68159b3ae,0.0
b160bff2b6acb59e65cf1d73a0ee2844,cbe09f1aa891440eafd16c13bcd9edb1,551,Hurricane Ian,1001-San-Carlos-Island.geo.tif,no damage,0,train,13859,15435,14720,16104,True,True,True,train_pool,excluded,orthomosaic::1001-San-Carlos-Island.geo.tif,orthomosaic_surrogate::1001-San-Carlos-Island.geo.tif,orthomosaic_surrogate::1001-San-Carlos-Island.geo.tif,exact_group_0260,phash_group_0260,9bb19353ba507d2694281f534f710e14391cc55ae123399bb46439f74d13bcf2,b4214bd63cdc7e48,0.0
b1899d116e51d1866a46fb72183f1257,4c4816d2fbf4477ab582f367871c85a8,82,Hurricane Ida,20210901-Cocodrie-1.geo.tif,minor damage,1,train,20921,3107,21516,3804,True,True,True,excluded,train_pool,orthomosaic::20210901-Cocodrie-1.geo.tif,orthomosaic_surrogate::20210901-Cocodrie-1.geo.tif,orthomosaic_surrogate::20210901-Cocodrie-1.geo.tif,exact_group_0261,phash_group_0261,1559d60c06af4d170ca9d9e30e6bed168abc4f4c46f61c1e42a5573898939c1b,c41b3e6023f3bbc1,0.0
b20cdcd3ed2078a6f8de6e0beb3689fa,577483d71f87402b861f3bb0519b56c5,254,Hurricane Ian,1001-San-Carlos-Island.geo.tif,no damage,0,train,24674,18332,25245,18757,False,True,True,train_pool,excluded,orthomosaic::1001-San-Carlos-Island.geo.tif,orthomosaic_surrogate::1001-San-Carlos-Island.geo.tif,orthomosaic_surrogate::1001-San-Carlos-Island.geo.tif,exact_group_0262,phash_group_0262,35992eb9b0e53ae194667fd069ee858236e1f8a691497b84840136f5d0181182,d7b3604f1da41933,0.0
b312427fa88727151b953fb321c0c442,c714070bf6cb4af5b579f140ec1fb3d3,80,Hurricane Ian,1001-San-Carlos-Island.geo.tif,destroyed,3,train,13956,21668,14222,21881,False,False,True,train_pool,excluded,orthomosaic::1001-San-Carlos-Island.geo.tif,orthomosaic_surrogate::1001-San-Carlos-Island.geo.tif,orthomosaic_surrogate::1001-San-Carlos-Island.geo.tif,exact_group_0263,phash_group_0263,8ad4a0e4f358584263cbbeca251a5bad0b1fbe52fa634235239562bc7f36fee3,bfe4133a480f7427,0.0
b49f3da7536c3e17c005cd6f2ab6bf08,a9c39945ca1e43efa89a492df9190b11,39,Hurricane Ida,20210901-Cocodrie-1.geo.tif,major damage,2,train,18213,17811,18688,18117,False,False,True,excluded,train_pool,orthomosaic::20210901-Cocodrie-1.geo.tif,orthomosaic_surrogate::20210901-Cocodrie-1.geo.tif,orthomosaic_surrogate::20210901-Cocodrie-1.geo.tif,exact_group_0264,phash_group_0264,ae3d13b950e5bce7bac2afde99f4040c5d6d426a5b994f7bf0b0c9f183919a9b,d5682a952a6ad99d,0.0
b579e5fe2ee7b8ad0df02249ecc5a0de,ddfac155388f4ddf8c1bfa566a9f2be8,50,Hurricane Ida,20210901-Cocodrie-1.geo.tif,major damage,2,train,15963,23929,16458,24335,True,True,True,excluded,train_pool,orthomosaic::20210901-Cocodrie-1.geo.tif,orthomosaic_surrogate::20210901-Cocodrie-1.geo.tif,orthomosaic_surrogate::20210901-Cocodrie-1.geo.tif,exact_group_0265,phash_group_0265,a4567b2eb7520b726964f674193669f00fae026bb7dfbe721d02e4d8216ace5e,99252ee6379b548a,0.0
b5bf8a8d0fbe6afa918c64fc8885b8be,97c8cc0131f840599221bfef2dc344af,495,Hurricane Ian,1001-San-Carlos-Island.geo.tif,no damage,0,train,11340,21505,11549,21806,False,True,True,train_pool,excluded,orthomosaic::1001-San-Carlos-Island.geo.tif,orthomosaic_surrogate::1001-San-Carlos-Island.geo.tif,orthomosaic_surrogate::1001-San-Carlos-Island.geo.tif,exact_group_0266,phash_group_0266,bb0e3551955c257d428841e4719022081badd7a8948709f9d4f291a57d2d4368,c33c32b0746d3cda,0.0
b6dff189e15b765ff4f2e07f9d68a667,7c984c63868842c39f61c438bbad464c,44,Hurricane Ian,1001-San-Carlos-Island.geo.tif,major damage,2,train,12494,22596,12997,22873,False,True,True,train_pool,excluded,orthomosaic::1001-San-Carlos-Island.geo.tif,orthomosaic_surrogate::1001-San-Carlos-Island.geo.tif,orthomosaic_surrogate::1001-San-Carlos-Island.geo.tif,exact_group_0267,phash_group_0267,a909b74e155968ba326c3542a7d4bd58b3468b1144715531d740192ff232df64,b68c41731fdce4a4,0.0
b6e0ef065da10ca7754c2d370241f280,694210ac14124c2bb4625a9c44408fd6,176,Hurricane Ian,1001-San-Carlos-Island.geo.tif,no damage,0,train,21679,16849,21952,17164,False,True,True,train_pool,excluded,orthomosaic::1001-San-Carlos-Island.geo.tif,orthomosaic_surrogate::1001-San-Carlos-Island.geo.tif,orthomosaic_surrogate::1001-San-Carlos-Island.geo.tif,exact_group_0268,phash_group_0268,6ab89b54eb58f0e2cb03e4218b80c253a6465d862a16215e74a87b8667685a5e,d06a2d2f2f2d2b2a,0.0
b713163b900826030b1503feeaa05bb4,196ea7f3ee4a48c6b79193408be5a721,93,Hurricane Ida,20210901-Cocodrie-1.geo.tif,minor damage,1,train,19927,4586,20490,5087,False,False,True,excluded,train_pool,orthomosaic::20210901-Cocodrie-1.geo.tif,orthomosaic_surrogate::20210901-Cocodrie-1.geo.tif,orthomosaic_surrogate::20210901-Cocodrie-1.geo.tif,exact_group_0269,phash_group_0269,288aa6b2265d21f09aee553190c40c983f6447acaed8289078372b093b3cfeb8,94331bd95d8c666a,0.0
b94eaaab5ffac27dd00cfcf8d9a30f03,85365805279d4d5c812c72ec1cb5ec2c,538,Hurricane Ian,1001-San-Carlos-Island.geo.tif,minor damage,1,val,9535,8921,9990,9613,False,False,False,excluded,evaluation,orthomosaic::1001-San-Carlos-Island.geo.tif,orthomosaic_surrogate::1001-San-Carlos-Island.geo.tif,orthomosaic_surrogate::1001-San-Carlos-Island.geo.tif,exact_group_0270,phash_group_0270,19f5fbe692c9302ff65a29f741159c7849994a0ac3a43b2dd1fbfe7f7e40a044,8499b6cd996c6ccc,0.0
ba4c658e269128b4590df66aff93b3fd,101ec63d0b964d1cb5c7a3cbb3e5ae78,211,Hurricane Ian,1001-San-Carlos-Island.geo.tif,minor damage,1,val,24648,15060,25264,15470,False,False,False,excluded,evaluation,orthomosaic::1001-San-Carlos-Island.geo.tif,orthomosaic_surrogate::1001-San-Carlos-Island.geo.tif,orthomosaic_surrogate::1001-San-Carlos-Island.geo.tif,exact_group_0271,phash_group_0271,7879fc4a4ca74bc193b687a6d4377c569beda113900086ecfe3af3e11aaf6fd9,e09662481e3d7cf3,0.0
bb34524ab94205fdbad0fe086a25ddc7,075c882b270c498dacf02e138b2e401d,455,Hurricane Ian,1001-San-Carlos-Island.geo.tif,no damage,0,train,9188,13006,9505,13287,False,True,True,train_pool,excluded,orthomosaic::1001-San-Carlos-Island.geo.tif,orthomosaic_surrogate::1001-San-Carlos-Island.geo.tif,orthomosaic_surrogate::1001-San-Carlos-Island.geo.tif,exact_group_0272,phash_group_0272,11423cd787954827596938afae29069e8aa7ac31d3ad94d451d329579e714f76,a62d35a91d364697,0.0
bd1482325113df7dc17e094eea83b394,9b7ec67a36c544e195f51a44de3a8e2c,147,Hurricane Ian,1001-San-Carlos-Island.geo.tif,no damage,0,train,21489,16139,21986,16422,False,False,True,train_pool,excluded,orthomosaic::1001-San-Carlos-Island.geo.tif,orthomosaic_surrogate::1001-San-Carlos-Island.geo.tif,orthomosaic_surrogate::1001-San-Carlos-Island.geo.tif,exact_group_0273,phash_group_0273,6fdb412a9e8658dd0cf29385c0996ccdd1f3bcf65575c45955190d8db905b57e,81377e8b16d4c137,0.0
be1796d4a441276dacddd37e27debe61,e5a4eb6fa3a84fd2bc0fa83a2269b4dc,165,Hurricane Ian,1001-San-Carlos-Island.geo.tif,no damage,0,train,22630,14296,22965,14600,False,False,True,train_pool,excluded,orthomosaic::1001-San-Carlos-Island.geo.tif,orthomosaic_surrogate::1001-San-Carlos-Island.geo.tif,orthomosaic_surrogate::1001-San-Carlos-Island.geo.tif,exact_group_0274,phash_group_0274,40b7b10f49cfde03ea0191d54ad11204574628de72db05b6ca5035c44f772517,803e61f077c30fad,0.0
be1bcd48d57385686dc49408b1ff4193,7ec434c998be498fb9a3c768097b4459,407,Hurricane Ian,1001-San-Carlos-Island.geo.tif,no damage,0,train,27415,22139,27673,22352,False,True,True,train_pool,excluded,orthomosaic::1001-San-Carlos-Island.geo.tif,orthomosaic_surrogate::1001-San-Carlos-Island.geo.tif,orthomosaic_surrogate::1001-San-Carlos-Island.geo.tif,exact_group_0275,phash_group_0275,fb715cb76835b01751e67b70060e323599dfeb7080bfe88e3613dca13b1712ca,9590397e706f4a27,0.0
c1192b036c99e2e7ef09407a2d1d1cae,05c342ce24494d9daf41fa4aeb107a73,424,Hurricane Ian,1001-San-Carlos-Island.geo.tif,minor damage,1,val,6685,12298,7304,12972,False,False,False,excluded,evaluation,orthomosaic::1001-San-Carlos-Island.geo.tif,orthomosaic_surrogate::1001-San-Carlos-Island.geo.tif,orthomosaic_surrogate::1001-San-Carlos-Island.geo.tif,exact_group_0276,phash_group_0276,2bfdbab3cde4a2763969323381ea2445b122c1a7867676309854004a9221915f,953d721763ce21ca,0.0
c13bd9f7f45c7603f1d3126c181ce542,1aa4e7fbef044b96b929776fecfb0ea0,51,Hurricane Ida,20210901-Cocodrie-1.geo.tif,minor damage,1,val,17974,13233,18351,13590,False,False,False,evaluation,excluded,orthomosaic::20210901-Cocodrie-1.geo.tif,orthomosaic_surrogate::20210901-Cocodrie-1.geo.tif,orthomosaic_surrogate::20210901-Cocodrie-1.geo.tif,exact_group_0277,phash_group_0277,0ea57775f534875e2252899b0846cd1611fb5eb7836eb0219e20c1ff7768a964,dc78216f22a637b4,0.0
c2b437b65e44bc4b4bda3ae5c17f3413,b1bec4f0a7104b6597d750b3a86f70e8,65,Hurricane Ian,1001-San-Carlos-Island.geo.tif,no damage,0,train,12854,10860,13074,11070,False,True,True,train_pool,excluded,orthomosaic::1001-San-Carlos-Island.geo.tif,orthomosaic_surrogate::1001-San-Carlos-Island.geo.tif,orthomosaic_surrogate::1001-San-Carlos-Island.geo.tif,exact_group_0278,phash_group_0278,0bc4547b08919d64f07e9eff75c8137eeeab8ee9c02df77ec26b5658c82bf12f,d0005efd697a39c9,0.0
c3470281d2b95310408154989844a3c5,e82c1ef3ed0a45c29eb1f5b11d38a3e4,248,Hurricane Ian,1001-San-Carlos-Island.geo.tif,major damage,2,train,23741,18462,24133,18771,False,True,True,train_pool,excluded,orthomosaic::1001-San-Carlos-Island.geo.tif,orthomosaic_surrogate::1001-San-Carlos-Island.geo.tif,orthomosaic_surrogate::1001-San-Carlos-Island.geo.tif,exact_group_0279,phash_group_0279,986fe91f66f7f94de5384cdb2d83d052ef95c89b639965568b7123f79b480720,d1973a684d0a1d3f,0.0
c42c9ccc1ef1f714bf2648c65c531063,a3fb7101e8814e73b24ac2b6d189a546,5,Hurricane Ian,1001-San-Carlos-Island.geo.tif,destroyed,3,val,13537,19159,13773,19525,False,False,False,excluded,evaluation,orthomosaic::1001-San-Carlos-Island.geo.tif,orthomosaic_surrogate::1001-San-Carlos-Island.geo.tif,orthomosaic_surrogate::1001-San-Carlos-Island.geo.tif,exact_group_0280,phash_group_0280,f906be8a94e35fac0872de41726c72afda2469d38b2293132570d7402cc13185,93316c92c79e99b2,0.0
c50bf17572c485a23a4a9ba62759825c,2823fddea3cc493a9fa7c5b00ecd18cc,529,Hurricane Ian,1001-San-Carlos-Island.geo.tif,no damage,0,train,10958,11504,11265,11925,True,True,True,train_pool,excluded,orthomosaic::1001-San-Carlos-Island.geo.tif,orthomosaic_surrogate::1001-San-Carlos-Island.geo.tif,orthomosaic_surrogate::1001-San-Carlos-Island.geo.tif,exact_group_0281,phash_group_0281,f53738965ca34da10fbf5ec14b6dca16d5f4b8f3db399fd98aaadd29ae763586,91276f6c3b7234b0,0.0
c6ff1468546e7a719bba332534f71ff0,6e7b56d42a444e9a99b15a52277399fd,371,Hurricane Ian,1001-San-Carlos-Island.geo.tif,minor damage,1,train,28031,20467,28489,20827,False,True,True,train_pool,excluded,orthomosaic::1001-San-Carlos-Island.geo.tif,orthomosaic_surrogate::1001-San-Carlos-Island.geo.tif,orthomosaic_surrogate::1001-San-Carlos-Island.geo.tif,exact_group_0282,phash_group_0282,656f1d4515ebadba37ea01cca8a7823b0691cb7adbd13eb555d68dac6b87a292,c13162ea1f0f1f3c,0.0
c76ae05ea38729de2f985515db742f65,bc58281ce64148e690d17d6b958646d5,555,Hurricane Ian,1001-San-Carlos-Island.geo.tif,minor damage,1,val,23660,13691,24160,14060,False,False,False,excluded,evaluation,orthomosaic::1001-San-Carlos-Island.geo.tif,orthomosaic_surrogate::1001-San-Carlos-Island.geo.tif,orthomosaic_surrogate::1001-San-Carlos-Island.geo.tif,exact_group_0283,phash_group_0283,7539e996b3e726e0c58cd6cc5882fba59f33b95342a8061976a37002cea7022a,853f7fc05a9158b2,0.0
c84b4aa855062d7f57dbe174e139a8d3,5b7721717a5f4a30a1a20e223561ece1,234,Hurricane Ian,1001-San-Carlos-Island.geo.tif,no damage,0,val,24777,16106,25142,16383,False,False,False,excluded,evaluation,orthomosaic::1001-San-Carlos-Island.geo.tif,orthomosaic_surrogate::1001-San-Carlos-Island.geo.tif,orthomosaic_surrogate::1001-San-Carlos-Island.geo.tif,exact_group_0284,phash_group_0284,d6225a639a71cb988f6839640c4d29a24090c882ecabe89a7f020696d91a2f22,813676c87de50cda,0.0
c8661e08d23dbd3a588b54d4928c3b4d,746828ae59064094a88bc4c15e1f6ebf,544,Hurricane Ian,1001-San-Carlos-Island.geo.tif,major damage,2,train,10326,11217,10743,11662,True,True,True,train_pool,excluded,orthomosaic::1001-San-Carlos-Island.geo.tif,orthomosaic_surrogate::1001-San-Carlos-Island.geo.tif,orthomosaic_surrogate::1001-San-Carlos-Island.geo.tif,exact_group_0285,phash_group_0285,2f9aa15757f717df01eee45cb13466449563f54b32da55fbcc121d9ea5034a4a,853d1f21783f3067,0.0
c965c5e7156d1067e0caed0cb464a5c4,ee8dfefb04f743f98d6cbcc1d2c4f53e,145,Hurricane Ian,1001-San-Carlos-Island.geo.tif,no damage,0,train,21508,12518,21897,12702,False,False,True,train_pool,excluded,orthomosaic::1001-San-Carlos-Island.geo.tif,orthomosaic_surrogate::1001-San-Carlos-Island.geo.tif,orthomosaic_surrogate::1001-San-Carlos-Island.geo.tif,exact_group_0286,phash_group_0286,707770bfbf59554e73ae0a6ac3295bcdcfee92260f38ced3a8316387683450e7,d50a2af5d5cca42b,0.0
c9da18317e9703305f013d365ba54be0,778378a729f544159bc87532d314a270,146,Hurricane Ian,1001-San-Carlos-Island.geo.tif,no damage,0,train,19319,10805,19880,11359,False,False,True,train_pool,excluded,orthomosaic::1001-San-Carlos-Island.geo.tif,orthomosaic_surrogate::1001-San-Carlos-Island.geo.tif,orthomosaic_surrogate::1001-San-Carlos-Island.geo.tif,exact_group_0287,phash_group_0287,df67ec69117e5653c946da1c2cf2246cdc9182e070869a7d810b3602e626e421,91336bf1f1c3064e,0.0
cab2c38be39712fbd523466a56cccb5a,baabc66a800d4f04ab41aeda7dbd3eb4,108,Hurricane Ida,20210901-Cocodrie-1.geo.tif,no damage,0,train,12637,28228,13257,28732,False,True,True,excluded,train_pool,orthomosaic::20210901-Cocodrie-1.geo.tif,orthomosaic_surrogate::20210901-Cocodrie-1.geo.tif,orthomosaic_surrogate::20210901-Cocodrie-1.geo.tif,exact_group_0288,phash_group_0288,661da6939ed02fcb33b8b5dfceae1346194fa4dd34818f1f78dd6347a71753da,d4e42a0a6f3f1a65,0.0
cb8ae23c8ac042019ae5a1552bee644c,64dcbd16de69483697a2a13f32f4d202,295,Hurricane Ian,1001-San-Carlos-Island.geo.tif,minor damage,1,train,25908,13669,26386,14040,False,False,True,train_pool,excluded,orthomosaic::1001-San-Carlos-Island.geo.tif,orthomosaic_surrogate::1001-San-Carlos-Island.geo.tif,orthomosaic_surrogate::1001-San-Carlos-Island.geo.tif,exact_group_0289,phash_group_0289,51de18a7379d6bef48e47c6a073b5bb667c43de8869391fac7b997feaf4ba634,a24563ea1d351db9,0.0
cdd281cd488bb767b39bb9b72c584e0b,8dc29b261a4746dd89637cb48763fc37,414,Hurricane Ian,1001-San-Carlos-Island.geo.tif,minor damage,1,train,4864,4317,5531,4843,False,False,True,train_pool,excluded,orthomosaic::1001-San-Carlos-Island.geo.tif,orthomosaic_surrogate::1001-San-Carlos-Island.geo.tif,orthomosaic_surrogate::1001-San-Carlos-Island.geo.tif,exact_group_0290,phash_group_0290,1a636c83bf2949ed43be0f316faa9841c497e4f633a72f50d01b92214e294ab3,90327c0f23cc5bfc,0.0
cf620d19b8bd6dde45eb0bef44613423,3afa4c76aa1f48ceb59432c3a395323f,534,Hurricane Ian,1001-San-Carlos-Island.geo.tif,destroyed,3,train,10687,18953,10791,19135,False,True,True,train_pool,excluded,orthomosaic::1001-San-Carlos-Island.geo.tif,orthomosaic_surrogate::1001-San-Carlos-Island.geo.tif,orthomosaic_surrogate::1001-San-Carlos-Island.geo.tif,exact_group_0291,phash_group_0291,b7036ef61bd0b189987cd9c0ecab18c13b981cd3c7d58b595ddb01d0f6782cdd,dae69932cd9834c9,0.0
cf845d1568ebf226fc7ca2ef4f1292af,e7d1da03a1ca4da7993a27dbc2a76841,26,Hurricane Ian,1001-San-Carlos-Island.geo.tif,major damage,2,train,13239,22447,13771,22653,False,True,True,train_pool,excluded,orthomosaic::1001-San-Carlos-Island.geo.tif,orthomosaic_surrogate::1001-San-Carlos-Island.geo.tif,orthomosaic_surrogate::1001-San-Carlos-Island.geo.tif,exact_group_0292,phash_group_0292,67f4cc2a5857f2b0bcaad634d4dc6af0ec0c54cce57afcad371767c68f2547e7,c62405c9f336cced,0.0
cfb04e5f142a669f4cdb25b1b0e0e753,a26a77803a5d4a27a4875319c70f7a80,571,Hurricane Ian,1001-San-Carlos-Island.geo.tif,minor damage,1,val,22574,23102,22984,23327,False,False,False,excluded,evaluation,orthomosaic::1001-San-Carlos-Island.geo.tif,orthomosaic_surrogate::1001-San-Carlos-Island.geo.tif,orthomosaic_surrogate::1001-San-Carlos-Island.geo.tif,exact_group_0293,phash_group_0293,948840c0279b45bc3f8b5b448e9d8368b4cef48a7aac305ff5f2c46d5659520a,87d8780fda2687d8,0.0
cfe1d0ef2d064cbd662291691fc63b57,dc74e1517cd14be280348b8fbb810343,67,Hurricane Ida,20210901-Cocodrie-1.geo.tif,major damage,2,train,18674,5488,19136,5817,False,False,True,excluded,train_pool,orthomosaic::20210901-Cocodrie-1.geo.tif,orthomosaic_surrogate::20210901-Cocodrie-1.geo.tif,orthomosaic_surrogate::20210901-Cocodrie-1.geo.tif,exact_group_0294,phash_group_0294,9d01501d8a266dea9bacf8444765daf7e01547844921675a8785e21ae896eb33,d4ab2b16174a6ba5,0.0
d09288c356f259e8f27e8d034a794023,e565436ba1954477b6b32dd8253c392a,28,Hurricane Ian,1001-San-Carlos-Island.geo.tif,minor damage,1,train,12422,22961,12593,23322,True,True,True,train_pool,excluded,orthomosaic::1001-San-Carlos-Island.geo.tif,orthomosaic_surrogate::1001-San-Carlos-Island.geo.tif,orthomosaic_surrogate::1001-San-Carlos-Island.geo.tif,exact_group_0295,phash_group_0295,386f523fdf3008a33507eedeac60a2beb612888c80304e54e30dd839a2bcaad3,db74343634363476,0.0
d15a4650c506deeb35e75be1fbb4d00a,e08ce2bbb8534a6b95943398d381a740,73,Hurricane Ida,20210901-Cocodrie-1.geo.tif,destroyed,3,val,18388,6021,18822,6391,False,False,False,evaluation,excluded,orthomosaic::20210901-Cocodrie-1.geo.tif,orthomosaic_surrogate::20210901-Cocodrie-1.geo.tif,orthomosaic_surrogate::20210901-Cocodrie-1.geo.tif,exact_group_0296,phash_group_0296,2bade1a25f56f498c8de103a6b0bdebdb004e1449f54b7f10cb539e1546e4ac3,da06715b54d939a6,0.0
d18f9ba1b6686deb69bc719299a6f997,4f3dc9c3130f4aa78e7e464b18ead751,204,Hurricane Ian,1001-San-Carlos-Island.geo.tif,minor damage,1,train,23757,13403,24175,13704,True,True,True,train_pool,excluded,orthomosaic::1001-San-Carlos-Island.geo.tif,orthomosaic_surrogate::1001-San-Carlos-Island.geo.tif,orthomosaic_surrogate::1001-San-Carlos-Island.geo.tif,exact_group_0297,phash_group_0297,59264c2228ac850a349ffdb0a762dd7dfca7bd2fd037851f8e8bae95a9bbf004,941f6ae855441f3d,0.0
d3517389e70e211c40e323d0594ba34f,e7a2a3c751244e77a62593752938216f,314,Hurricane Ian,1001-San-Carlos-Island.geo.tif,no damage,0,val,27356,18816,27746,19144,False,False,False,excluded,evaluation,orthomosaic::1001-San-Carlos-Island.geo.tif,orthomosaic_surrogate::1001-San-Carlos-Island.geo.tif,orthomosaic_surrogate::1001-San-Carlos-Island.geo.tif,exact_group_0298,phash_group_0298,1f88e61d3de06fe79c796d93df48f770a2fa925e84c75e17de44e465f2e5b7e9,840f3eb173c758e8,0.0
d38fd79cc9935ad548a0a9972f4d1628,bcf540e64c7649258756271bb9c7d34b,461,Hurricane Ian,1001-San-Carlos-Island.geo.tif,minor damage,1,val,8301,22587,8786,22892,False,False,False,excluded,evaluation,orthomosaic::1001-San-Carlos-Island.geo.tif,orthomosaic_surrogate::1001-San-Carlos-Island.geo.tif,orthomosaic_surrogate::1001-San-Carlos-Island.geo.tif,exact_group_0299,phash_group_0299,90596d6cb74219b3fd8eea6f471dc258f43cf5c8a0ec3d11a4fc00bc1a08cc8e,8f3071cf1cd0873e,0.0
d605c66d594d8f7347c2bfb5fe24bc9c,313b08da1c88473db311a263237626f9,411,Hurricane Ian,1001-San-Carlos-Island.geo.tif,no damage,0,val,27437,23179,27756,23351,False,False,False,excluded,evaluation,orthomosaic::1001-San-Carlos-Island.geo.tif,orthomosaic_surrogate::1001-San-Carlos-Island.geo.tif,orthomosaic_surrogate::1001-San-Carlos-Island.geo.tif,exact_group_0300,phash_group_0300,9bb0ecbfd781cdb92bbcdbdbf0644ba0691588dde8b2c2539483caade8ffc317,95156aea8314fc3d,0.0
d64ec5b410a07dbe66d49a23feaf0ae4,7e6c0edbb2474997bf70b1d1e85250d7,95,Hurricane Ian,1001-San-Carlos-Island.geo.tif,minor damage,1,train,15421,10436,16144,11916,False,True,True,train_pool,excluded,orthomosaic::1001-San-Carlos-Island.geo.tif,orthomosaic_surrogate::1001-San-Carlos-Island.geo.tif,orthomosaic_surrogate::1001-San-Carlos-Island.geo.tif,exact_group_0301,phash_group_0301,b1e68a0aab6adec80df2a1daab3a19d8a3ca032117551b977a3b49f439e7c29f,9265c63ce3b2c3c3,0.0
d7950b78563e3a26abebfe42717881cc,a8042366db284350a82e6834eef614e9,11,Hurricane Ida,20210901-Cocodrie-1.geo.tif,major damage,2,val,15198,31159,16070,31727,False,False,False,evaluation,excluded,orthomosaic::20210901-Cocodrie-1.geo.tif,orthomosaic_surrogate::20210901-Cocodrie-1.geo.tif,orthomosaic_surrogate::20210901-Cocodrie-1.geo.tif,exact_group_0302,phash_group_0302,49c50b44f6dd0eaedeff921918e15d2cf0850d1883f478158fc1ef6c198fadaa,caea35055a139aeb,0.0
d85fd41ee132a895c808db2f0fac5d60,b945dffa9ec7412cbb8d540acecbbefa,34,Hurricane Ian,1001-San-Carlos-Island.geo.tif,minor damage,1,train,13430,22695,13708,22859,True,True,True,train_pool,excluded,orthomosaic::1001-San-Carlos-Island.geo.tif,orthomosaic_surrogate::1001-San-Carlos-Island.geo.tif,orthomosaic_surrogate::1001-San-Carlos-Island.geo.tif,exact_group_0303,phash_group_0303,e1f25792ddf272ab8d1e6eaea5cf628285a0f884eb0d7692da24113c80a073f7,e1e318dc0e24f3e3,0.0
d921ada11ac08bf928de695f8c2376c6,fd864a024f5e457184f511483d406bff,309,Hurricane Ian,1001-San-Carlos-Island.geo.tif,destroyed,3,train,27383,19170,27724,19453,False,False,True,train_pool,excluded,orthomosaic::1001-San-Carlos-Island.geo.tif,orthomosaic_surrogate::1001-San-Carlos-Island.geo.tif,orthomosaic_surrogate::1001-San-Carlos-Island.geo.tif,exact_group_0304,phash_group_0304,4441252e069c4327e25920fb73f52945859516ba6f212bc2a86ae3b12cc1be05,92ca75b5296a5636,0.0
da5fa18982aace51096245e8c52a8c9b,a6584369bd974dc69d47bf15577905e6,244,Hurricane Ian,1001-San-Carlos-Island.geo.tif,no damage,0,val,24802,19035,25203,19339,False,False,False,excluded,evaluation,orthomosaic::1001-San-Carlos-Island.geo.tif,orthomosaic_surrogate::1001-San-Carlos-Island.geo.tif,orthomosaic_surrogate::1001-San-Carlos-Island.geo.tif,exact_group_0305,phash_group_0305,5139c661df460938e18f16fcd576c21c208cbfa5461d80fc0a7653640e31eaed,d43f62e00d855f93,0.0
daa51d787680aa33a564e62fb99943ce,ec62f8a2bc7d46aea8a1988298dc99a5,159,Hurricane Ian,1001-San-Carlos-Island.geo.tif,minor damage,1,val,22553,13379,23019,13736,False,False,False,excluded,evaluation,orthomosaic::1001-San-Carlos-Island.geo.tif,orthomosaic_surrogate::1001-San-Carlos-Island.geo.tif,orthomosaic_surrogate::1001-San-Carlos-Island.geo.tif,exact_group_0306,phash_group_0306,5e499330f9459c9bf780d9ba4d5368a216b12be3b628716dc0163c9ea906d3a4,97bf6ac905047a72,0.0
dbdc376be8642320b01899de8185ee65,9cb40a1de43c480ebab7ecfc8bbaee88,109,Hurricane Ida,20210901-Cocodrie-1.geo.tif,major damage,2,train,13805,23278,14445,23731,False,False,True,excluded,train_pool,orthomosaic::20210901-Cocodrie-1.geo.tif,orthomosaic_surrogate::20210901-Cocodrie-1.geo.tif,orthomosaic_surrogate::20210901-Cocodrie-1.geo.tif,exact_group_0307,phash_group_0307,4502f55c9a98e075f170b0ddb945dfafe2596b8b4f1cb706bf6f67ebcf0de53f,90e96f14183e17d7,0.0
dbec3e37bd3e6d03bcf982542ecef4d3,9f0d0636bfb24921a6e5fe0e3562c445,182,Hurricane Ian,1001-San-Carlos-Island.geo.tif,no damage,0,train,23436,20291,23640,20725,True,True,True,train_pool,excluded,orthomosaic::1001-San-Carlos-Island.geo.tif,orthomosaic_surrogate::1001-San-Carlos-Island.geo.tif,orthomosaic_surrogate::1001-San-Carlos-Island.geo.tif,exact_group_0308,phash_group_0308,91a735c3405847ae9d966354fcd9d41426dce9457dcf4d23b8940f6cf08c25fe,cb98389c389e32cf,0.0
dc4cda9b43fa30a1598e1e63cc2ae99b,fa4c50de019e4f648521583c7dcfc744,256,Hurricane Ian,1001-San-Carlos-Island.geo.tif,no damage,0,val,26633,27893,26901,28249,False,False,False,excluded,evaluation,orthomosaic::1001-San-Carlos-Island.geo.tif,orthomosaic_surrogate::1001-San-Carlos-Island.geo.tif,orthomosaic_surrogate::1001-San-Carlos-Island.geo.tif,exact_group_0309,phash_group_0309,229605f6c2cc7b6df009bf49dc188c75c5f4a6a4c6be1adf56470b32e8a90bdd,853a7a6a7a3a6a2a,0.0
dd73eec32c1c76688f4de988b9795cda,91e881a672cf422c88f5b367f2dcb997,446,Hurricane Ian,1001-San-Carlos-Island.geo.tif,minor damage,1,val,6501,8366,6898,8832,False,False,False,excluded,evaluation,orthomosaic::1001-San-Carlos-Island.geo.tif,orthomosaic_surrogate::1001-San-Carlos-Island.geo.tif,orthomosaic_surrogate::1001-San-Carlos-Island.geo.tif,exact_group_0310,phash_group_0310,9a3d4f9342edd4ca0428335665ca7b03a0b03713272a51ba929104a8c4566c05,91d86d9565d8656a,0.0
ddaa832dcdfe846ebe52c86cf51b10c1,9d75db65dcaa4fe3b78b6440d28e0760,63,Hurricane Ida,20210901-Cocodrie-1.geo.tif,major damage,2,val,18391,9321,18913,9802,False,False,False,evaluation,excluded,orthomosaic::20210901-Cocodrie-1.geo.tif,orthomosaic_surrogate::20210901-Cocodrie-1.geo.tif,orthomosaic_surrogate::20210901-Cocodrie-1.geo.tif,exact_group_0311,phash_group_0311,e0321fd0fe6d9e9f4813ce87620641be08cc451639f51f872d1397abc3adaf2c,d30c69ea0e771c95,0.0
df2821301c8042fed39f5ce9bbc79655,f1161588513b4b9699ee35a0e91117a3,60,Hurricane Ida,20210901-Cocodrie-1.geo.tif,no damage,0,val,19458,3888,19819,4276,False,False,False,evaluation,excluded,orthomosaic::20210901-Cocodrie-1.geo.tif,orthomosaic_surrogate::20210901-Cocodrie-1.geo.tif,orthomosaic_surrogate::20210901-Cocodrie-1.geo.tif,exact_group_0312,phash_group_0312,05cb17c595265e625fe01eb06a70ccf08dbced775e049387b68a597e6bf38291,d16ab57668b09a69,0.0
e0d7a7653c06f541bbc85b10ed0a51f0,2057115c19844028acffaa59ccdd2531,442,Hurricane Ian,1001-San-Carlos-Island.geo.tif,minor damage,1,train,7500,5122,7925,5612,False,True,True,train_pool,excluded,orthomosaic::1001-San-Carlos-Island.geo.tif,orthomosaic_surrogate::1001-San-Carlos-Island.geo.tif,orthomosaic_surrogate::1001-San-Carlos-Island.geo.tif,exact_group_0313,phash_group_0313,66a0786fcc9186cfd6b3650fdec41361be0c4cfe668a74c837cd35ac1628923e,949334d932a5adb6,0.0
e0f6baf48730da410aad5292ae27027a,da84740f005c4587bb3a1590336c00da,573,Hurricane Ian,1001-San-Carlos-Island.geo.tif,no damage,0,train,22940,22676,23053,22889,False,False,True,train_pool,excluded,orthomosaic::1001-San-Carlos-Island.geo.tif,orthomosaic_surrogate::1001-San-Carlos-Island.geo.tif,orthomosaic_surrogate::1001-San-Carlos-Island.geo.tif,exact_group_0314,phash_group_0314,40a880a0f8a8b4ac9aa987b49c343593dad54c001e8258d1c247a26b836862e7,c7369b92cccd1899,0.0
e3d648dfe14a857a1f9706ce9b79ede1,aea5000fe918467ab6c05c2c4d79ee83,17,Hurricane Ida,20210901-Cocodrie-1.geo.tif,minor damage,1,train,16410,17154,16895,17747,True,True,True,excluded,train_pool,orthomosaic::20210901-Cocodrie-1.geo.tif,orthomosaic_surrogate::20210901-Cocodrie-1.geo.tif,orthomosaic_surrogate::20210901-Cocodrie-1.geo.tif,exact_group_0315,phash_group_0315,379e02e4026f60d96409a27d6cd5d605f184d57179dc1686d30db7249002c96c,c0072f6a6e683f6a,0.0
e42cd2ddeb5a381018c2bd63ce2cdb88,0101e74caa5f4599abed6c34ae6e4686,89,Hurricane Ian,1001-San-Carlos-Island.geo.tif,major damage,2,train,15013,19164,15257,19555,True,True,True,train_pool,excluded,orthomosaic::1001-San-Carlos-Island.geo.tif,orthomosaic_surrogate::1001-San-Carlos-Island.geo.tif,orthomosaic_surrogate::1001-San-Carlos-Island.geo.tif,exact_group_0316,phash_group_0316,6a387da0bce6a0eda480b150eff70ab16eee63333b25327319a4e8b7263f0708,9163ce3ce4b96139,0.0
e47efd1812375c86cf71457f3da838b7,8e3d433be1cc4bf0a6f159745000ef86,575,Hurricane Ian,1001-San-Carlos-Island.geo.tif,no damage,0,val,14992,17183,15184,17550,False,False,False,excluded,evaluation,orthomosaic::1001-San-Carlos-Island.geo.tif,orthomosaic_surrogate::1001-San-Carlos-Island.geo.tif,orthomosaic_surrogate::1001-San-Carlos-Island.geo.tif,exact_group_0317,phash_group_0317,36e3d719eaf31b667ee0e9431f56f2775aea8c318a28d6b314d663297c5288d6,9b336634316dc66c,0.0
e4cfd66ab985fb0fea5bf3d020aeb630,3d7c3d1506b741a8a64ce7ea009108e9,454,Hurricane Ian,1001-San-Carlos-Island.geo.tif,no damage,0,train,9233,12523,9705,12926,False,False,True,train_pool,excluded,orthomosaic::1001-San-Carlos-Island.geo.tif,orthomosaic_surrogate::1001-San-Carlos-Island.geo.tif,orthomosaic_surrogate::1001-San-Carlos-Island.geo.tif,exact_group_0318,phash_group_0318,6cb5ebcd6015b59646f5a6ac1c5e9ad75fc49d60a42454b8654a176dc05c21fb,852a7cc573f16ad0,0.0
e4f384b16d9345212445d48b561b6034,7cf10ff7916749dab8438558f6ea27de,74,Hurricane Ian,1001-San-Carlos-Island.geo.tif,minor damage,1,val,15211,15417,15854,15697,False,False,False,excluded,evaluation,orthomosaic::1001-San-Carlos-Island.geo.tif,orthomosaic_surrogate::1001-San-Carlos-Island.geo.tif,orthomosaic_surrogate::1001-San-Carlos-Island.geo.tif,exact_group_0319,phash_group_0319,fdda61aae63c18ecd5b5f948f5231d48d3b139ba993d5d4070cbe779dd470849,b67a4985e6369748,0.0
e5fe951b223a5f577f043eb702c73fda,3f23187581f84cdea68e6df8dce9f684,164,Hurricane Ian,1001-San-Carlos-Island.geo.tif,no damage,0,train,22615,14588,22951,14898,False,True,True,train_pool,excluded,orthomosaic::1001-San-Carlos-Island.geo.tif,orthomosaic_surrogate::1001-San-Carlos-Island.geo.tif,orthomosaic_surrogate::1001-San-Carlos-Island.geo.tif,exact_group_0320,phash_group_0320,21638fb07c2a59fc47205044b7aa30f4a3f1b3a0afa84e43d1f7033193ed2198,873667c25da34a9c,0.0
e6786231a66d6aa23438ceb94e586d62,ddcf108681484da5b0cf6ef00580326a,353,Hurricane Ian,1001-San-Carlos-Island.geo.tif,no damage,0,train,25946,13108,26324,13396,False,False,True,train_pool,excluded,orthomosaic::1001-San-Carlos-Island.geo.tif,orthomosaic_surrogate::1001-San-Carlos-Island.geo.tif,orthomosaic_surrogate::1001-San-Carlos-Island.geo.tif,exact_group_0321,phash_group_0321,6ccbd5e2441c06abbbade9bc7fcc0671585c2da340ddb1a762a7612aaa0ea60a,d6322de5450f5a3a,0.0
e779a16eb91a3cc23919a889a8e1de4d,0def86f99655412290a900715377cc88,58,Hurricane Ida,20210901-Cocodrie-1.geo.tif,major damage,2,val,16398,26335,16895,26744,False,False,False,evaluation,excluded,orthomosaic::20210901-Cocodrie-1.geo.tif,orthomosaic_surrogate::20210901-Cocodrie-1.geo.tif,orthomosaic_surrogate::20210901-Cocodrie-1.geo.tif,exact_group_0322,phash_group_0322,a07c12b0bcc85ebb1fb17e78fa091e1eaeae2731d2b84e5e0ff040769d72e3b7,8af5358b073a5555,0.0
e822d1118df8116011dc4d15a88f958a,ca3191b2ea35435baedd5e3a2799d99b,233,Hurricane Ian,1001-San-Carlos-Island.geo.tif,no damage,0,val,24623,17040,25191,17441,False,False,False,excluded,evaluation,orthomosaic::1001-San-Carlos-Island.geo.tif,orthomosaic_surrogate::1001-San-Carlos-Island.geo.tif,orthomosaic_surrogate::1001-San-Carlos-Island.geo.tif,exact_group_0323,phash_group_0323,a7beafc3c6588d94872a9d37664245730293ae64bc2b50adaad4d19f1fc51846,c4bf6fca10103b37,0.0
e85b9de3803b3096eb5f69212a7f0b07,90674ad122ec45148df3ff3644b8f6f2,41,Hurricane Ian,1001-San-Carlos-Island.geo.tif,no damage,0,train,12420,21543,12754,21858,False,True,True,train_pool,excluded,orthomosaic::1001-San-Carlos-Island.geo.tif,orthomosaic_surrogate::1001-San-Carlos-Island.geo.tif,orthomosaic_surrogate::1001-San-Carlos-Island.geo.tif,exact_group_0324,phash_group_0324,08071b14d4a7ac3a898f520610e6d39e13568cf99159abe465a8d69e75ca69f1,d4613012e3bd1fce,0.0
e97f8b1bc52c09c67e1bed0766823ab4,cc6884e0e9d54d52a658993525f6227b,543,Hurricane Ian,1001-San-Carlos-Island.geo.tif,minor damage,1,val,9908,10028,10435,10536,False,False,False,excluded,evaluation,orthomosaic::1001-San-Carlos-Island.geo.tif,orthomosaic_surrogate::1001-San-Carlos-Island.geo.tif,orthomosaic_surrogate::1001-San-Carlos-Island.geo.tif,exact_group_0325,phash_group_0325,29ecfad199d5a727ba0e72415bb05e1e9ace5c50dcbd603cc687cbbe7b64f93b,c1692f94345a72f6,0.0
eb5b5717c26d60252e2a801115a2cf0e,700cd9b8be0448828f67b13bfc73cf28,432,Hurricane Ian,1001-San-Carlos-Island.geo.tif,no damage,0,train,6670,7561,7056,7936,True,True,True,train_pool,excluded,orthomosaic::1001-San-Carlos-Island.geo.tif,orthomosaic_surrogate::1001-San-Carlos-Island.geo.tif,orthomosaic_surrogate::1001-San-Carlos-Island.geo.tif,exact_group_0326,phash_group_0326,04d2e014f8ef4538a9bb503502fa59202ef4d2a0f35c3250037d8e4cf2ffebc1,d6606a940fd8ec37,0.0
eb9d898f148bcd74f5efc69ff918ff4c,0c31d5c0dfd24e62b19063018af145cc,360,Hurricane Ian,1001-San-Carlos-Island.geo.tif,no damage,0,train,26651,11633,27131,11991,False,True,True,train_pool,excluded,orthomosaic::1001-San-Carlos-Island.geo.tif,orthomosaic_surrogate::1001-San-Carlos-Island.geo.tif,orthomosaic_surrogate::1001-San-Carlos-Island.geo.tif,exact_group_0327,phash_group_0327,6cc75b170686f59fa1374a7aabfc8b042a3e3800ff09d3b6013d524ebcab72f0,929f7be205224ebc,0.0
ec3bbb73d1cb5d49a42fa9d3994cac99,1d5104adcb214c42853c4a7e987feabd,215,Hurricane Ian,1001-San-Carlos-Island.geo.tif,minor damage,1,train,24685,21521,24979,21845,False,False,True,train_pool,excluded,orthomosaic::1001-San-Carlos-Island.geo.tif,orthomosaic_surrogate::1001-San-Carlos-Island.geo.tif,orthomosaic_surrogate::1001-San-Carlos-Island.geo.tif,exact_group_0328,phash_group_0328,f477570bfeb95e7b81ae5645edc0c25ea5f479ac3fc88ac167115fc02a3022e0,d1b0e78fd8d09f80,0.0
ed5267eb35c78b8d82a2eb5c31973cdd,e915069410ec4e2fa92f3b110d437f5c,452,Hurricane Ian,1001-San-Carlos-Island.geo.tif,minor damage,1,train,9608,11712,10102,12191,True,True,True,train_pool,excluded,orthomosaic::1001-San-Carlos-Island.geo.tif,orthomosaic_surrogate::1001-San-Carlos-Island.geo.tif,orthomosaic_surrogate::1001-San-Carlos-Island.geo.tif,exact_group_0329,phash_group_0329,d716330e98781343a8b2e3a58215a22e307929f0a81cf0c8e872880e55f1206a,8e0d6aa77164656d,0.0
eefa298bedee3de3378d3ac88a7f7d9a,4950df2e673c4a0995f53b68f9d66bfc,183,Hurricane Ian,1001-San-Carlos-Island.geo.tif,no damage,0,train,22574,22331,22784,22497,False,True,True,train_pool,excluded,orthomosaic::1001-San-Carlos-Island.geo.tif,orthomosaic_surrogate::1001-San-Carlos-Island.geo.tif,orthomosaic_surrogate::1001-San-Carlos-Island.geo.tif,exact_group_0330,phash_group_0330,ac3bf8bf9a4abe44f667ec17aed0d1d7c4d73d7672008ae247021cd86f05bfc5,902e6f886e955bd1,0.0
eff9da7a36aa1aa72ce37fcee4834f2e,ca6aefc9121a47e1b9b8debe00cb00f3,104,Hurricane Ian,1001-San-Carlos-Island.geo.tif,minor damage,1,train,17424,23661,17828,24345,True,True,True,train_pool,excluded,orthomosaic::1001-San-Carlos-Island.geo.tif,orthomosaic_surrogate::1001-San-Carlos-Island.geo.tif,orthomosaic_surrogate::1001-San-Carlos-Island.geo.tif,exact_group_0331,phash_group_0331,21e06f96beae54eaac9cf12107553e0cc79b2ea3d78664a53c698e366285c0b6,9a3c6934613e6367,0.0
f05add835ca92de99f72cd386097c4f4,6766f53754a54dbcb926ed95486a3a97,267,Hurricane Ian,1001-San-Carlos-Island.geo.tif,no damage,0,train,24027,11228,24236,11433,True,True,True,train_pool,excluded,orthomosaic::1001-San-Carlos-Island.geo.tif,orthomosaic_surrogate::1001-San-Carlos-Island.geo.tif,orthomosaic_surrogate::1001-San-Carlos-Island.geo.tif,exact_group_0332,phash_group_0332,f833a0f07a32982256ae56ef6007e2eef4707e5f26e9a60390386ae9845f9387,880d2cba73f1c3cd,0.0
f1786ee0e77067861b36fb15b55da46d,aad23c77c1a3493486a50340c91d51a0,261,Hurricane Ian,1001-San-Carlos-Island.geo.tif,minor damage,1,val,24899,10506,25300,10828,False,False,False,excluded,evaluation,orthomosaic::1001-San-Carlos-Island.geo.tif,orthomosaic_surrogate::1001-San-Carlos-Island.geo.tif,orthomosaic_surrogate::1001-San-Carlos-Island.geo.tif,exact_group_0333,phash_group_0333,0246ee22f8494ed033c23404d0948a4e8c8bf7ab9674188a2446f027733e3714,80277f1b38c878ee,0.0
f4f95db2d57bfae7cf2ee90a27bf9066,33abaa01f6c441869d1eca3b45cd1160,258,Hurricane Ian,1001-San-Carlos-Island.geo.tif,no damage,0,val,24151,11483,24356,11686,False,False,False,excluded,evaluation,orthomosaic::1001-San-Carlos-Island.geo.tif,orthomosaic_surrogate::1001-San-Carlos-Island.geo.tif,orthomosaic_surrogate::1001-San-Carlos-Island.geo.tif,exact_group_0334,phash_group_0334,9bc65a2714dc43da73e31f0be9bd7a191b9385fc4247556acbaae076e4ca11c5,c21f24bf72f161c1,0.0
f6a024d27bb32684e5ae733c2a55f54e,b654c774342e41c589e49d08fb6c6c5a,286,Hurricane Ian,1001-San-Carlos-Island.geo.tif,minor damage,1,val,27390,21850,27748,22143,False,False,False,excluded,evaluation,orthomosaic::1001-San-Carlos-Island.geo.tif,orthomosaic_surrogate::1001-San-Carlos-Island.geo.tif,orthomosaic_surrogate::1001-San-Carlos-Island.geo.tif,exact_group_0335,phash_group_0335,320bde972c0fa545404d16cd444dcac7d234d5281fe6ec7a0dc2cb6feec700c9,913f7acb45c40fd0,0.0
f7a8816a9de6b19cea7460e04be1b544,740f3ffd86124756af4e0226fb11fdd7,249,Hurricane Ian,1001-San-Carlos-Island.geo.tif,minor damage,1,train,23766,18956,24390,19372,True,True,True,train_pool,excluded,orthomosaic::1001-San-Carlos-Island.geo.tif,orthomosaic_surrogate::1001-San-Carlos-Island.geo.tif,orthomosaic_surrogate::1001-San-Carlos-Island.geo.tif,exact_group_0336,phash_group_0336,1583fd562fa72142d92cc6022a16c93c49abffc8b955b16dde18500e21c500da,b41d6d6a4ab06d5a,0.0
f7b307d1c58bd2b4fc0b23717174f5e7,116bfa72879747c1beacd825c29dc57a,319,Hurricane Ian,1001-San-Carlos-Island.geo.tif,no damage,0,train,25971,19309,26417,19665,False,False,True,train_pool,excluded,orthomosaic::1001-San-Carlos-Island.geo.tif,orthomosaic_surrogate::1001-San-Carlos-Island.geo.tif,orthomosaic_surrogate::1001-San-Carlos-Island.geo.tif,exact_group_0337,phash_group_0337,d9b7d43114b741d3784bfe5ef9cd894aabb2a62eb4e098b6176027b35057c7c6,857362c01b3f1f3a,0.0
f95a80c3a32f6fb3e4979a4798ff36c1,fe82612f6e1942ac97036fe771509425,70,Hurricane Ian,1001-San-Carlos-Island.geo.tif,minor damage,1,train,14415,17119,14935,17490,False,True,True,train_pool,excluded,orthomosaic::1001-San-Carlos-Island.geo.tif,orthomosaic_surrogate::1001-San-Carlos-Island.geo.tif,orthomosaic_surrogate::1001-San-Carlos-Island.geo.tif,exact_group_0338,phash_group_0338,50eb8a7a663a91bfb820d832d1b07b41c7b73ca74bb94115251ce3b1ab251eff,975250af6b8f48e8,0.0
fbc14480c2e1d3085d573fb41667e1c8,e3f3a61b74a04833b24eec164d743450,72,Hurricane Ian,1001-San-Carlos-Island.geo.tif,major damage,2,train,15157,17184,15374,17561,False,True,True,train_pool,excluded,orthomosaic::1001-San-Carlos-Island.geo.tif,orthomosaic_surrogate::1001-San-Carlos-Island.geo.tif,orthomosaic_surrogate::1001-San-Carlos-Island.geo.tif,exact_group_0339,phash_group_0339,37e4a92405d21aef63e60ba2c3851800039b3b5005c3a77d86ee5ff157ff34dc,923669c3e338b61b,0.0
fcc5311190cdc392fb42065d7effb244,56718a60898b49f8881138565c212667,30,Hurricane Ida,20210901-Cocodrie-1.geo.tif,major damage,2,val,17542,14354,17990,14759,False,False,False,evaluation,excluded,orthomosaic::20210901-Cocodrie-1.geo.tif,orthomosaic_surrogate::20210901-Cocodrie-1.geo.tif,orthomosaic_surrogate::20210901-Cocodrie-1.geo.tif,exact_group_0340,phash_group_0340,f3cb3945e043145798888821e5d17b37a60a7019972cb0f8bc9a39e09a79873e,d5603a962dbc5e46,0.0
fd1c6b0f832064d78f1a39a76cd185b2,539d0adc275c45c5834fe483b3d4811a,564,Hurricane Ian,1001-San-Carlos-Island.geo.tif,no damage,0,val,22544,18223,22985,18558,False,False,False,excluded,evaluation,orthomosaic::1001-San-Carlos-Island.geo.tif,orthomosaic_surrogate::1001-San-Carlos-Island.geo.tif,orthomosaic_surrogate::1001-San-Carlos-Island.geo.tif,exact_group_0341,phash_group_0341,31f5a0956e968536ee50142289814b6beac7dc85c40d40a278466291e0aa6700,841f7d605bd2270f,0.0
fe46da31e4d9679e20030bc5578e6cb4,5fe5b89e7c674be8bcdb9767c480a9a8,96,Hurricane Ida,20210901-Cocodrie-1.geo.tif,major damage,2,val,20105,6825,20652,7324,False,False,False,evaluation,excluded,orthomosaic::20210901-Cocodrie-1.geo.tif,orthomosaic_surrogate::20210901-Cocodrie-1.geo.tif,orthomosaic_surrogate::20210901-Cocodrie-1.geo.tif,exact_group_0342,phash_group_0342,bfb0136233e8effd3e1a4faec222377531fe0ebf42c4d13474ed39cb421a34e4,94f1678d6ac12b5a,0.0
fed1c23f4498520a0af993da030d6cea,0b7d8f022c834f42b8089d90d48a2425,11,Hurricane Ian,1001-San-Carlos-Island.geo.tif,no damage,0,train,11586,13417,12086,13931,False,True,True,train_pool,excluded,orthomosaic::1001-San-Carlos-Island.geo.tif,orthomosaic_surrogate::1001-San-Carlos-Island.geo.tif,orthomosaic_surrogate::1001-San-Carlos-Island.geo.tif,exact_group_0343,phash_group_0343,cc35341e8fac5ebbf33549c61f4a1760f7a6524c977c48cab1f6c68e595b8ffa,92254f5a729e39e1,0.0
ff1c6f81ea8393ef445b76f1975318a1,0350be7264fc403b8332208a6702ed65,90,Hurricane Ida,20210901-Cocodrie-1.geo.tif,no damage,0,val,19654,8967,20145,9415,False,False,False,evaluation,excluded,orthomosaic::20210901-Cocodrie-1.geo.tif,orthomosaic_surrogate::20210901-Cocodrie-1.geo.tif,orthomosaic_surrogate::20210901-Cocodrie-1.geo.tif,exact_group_0344,phash_group_0344,ff1d53d65b62b33dc053f0e00eec775809546d513a8b0c11bdcbb3892acbb735,d5686a4628b73d95,0.0
ff7110d544078b4c7ff943c0cd0b25e6,7af8f4d639e8455281e474ee5d9e3a44,10,Hurricane Ian,1001-San-Carlos-Island.geo.tif,minor damage,1,train,12645,13702,13187,14150,False,False,True,train_pool,excluded,orthomosaic::1001-San-Carlos-Island.geo.tif,orthomosaic_surrogate::1001-San-Carlos-Island.geo.tif,orthomosaic_surrogate::1001-San-Carlos-Island.geo.tif,exact_group_0345,phash_group_0345,93e481bb22f926f0ce12e8a37fedaeeae86399f2d53a5af797d31f8ba9dcee0d,e0181bff4ee52cc2,0.0
