sample_id,building_id,record_index,role,official_source_split,event,orthomosaic,label,class_id,in_fixed_train_30pct,in_fixed_evaluation_30pct,polygon_min_x,polygon_min_y,polygon_max_x,polygon_max_y,orthomosaic_group,flight_group,sequence_group,exact_duplicate_group,perceptual_duplicate_group,exact_hash_sha256,phash64,polygon_alpha_invalid_fraction,selection_rank_within_orthomosaic_class,eligible_count_within_orthomosaic_class,selected_count_within_orthomosaic_class
00107ac31768b7fd3e20692b683b0e14,ad4261efb9b94599a2236e2c69ca2a65,296,evaluation,Train,Hurricane Ida,20210902-LA-DIV-01.geo.tif,destroyed,3,False,True,57207,12550,57797,13152,orthomosaic::20210902-LA-DIV-01.geo.tif,orthomosaic_surrogate::20210902-LA-DIV-01.geo.tif,orthomosaic_surrogate::20210902-LA-DIV-01.geo.tif,exact_group_0001,phash_group_0001,51f2fad541d4eb0d2afec8011d720b36e32cb938ff7e1c8ae64793d126baeeef,c1c1c38f0e9e7eb0,0.0,11,69,21
00420927d571ca18ce9e7371a2337e8f,bb380bff2c644f059eb9c59e5afa312d,107,evaluation,Train,Hurricane Ida,20210902-LA-DIV-01.geo.tif,destroyed,3,False,True,30910,39740,31681,40371,orthomosaic::20210902-LA-DIV-01.geo.tif,orthomosaic_surrogate::20210902-LA-DIV-01.geo.tif,orthomosaic_surrogate::20210902-LA-DIV-01.geo.tif,exact_group_0002,phash_group_0002,05e538ce0e6be96147a1f2921c5cb8dd8dbb87195c213353dd732e2360b1e40d,cad1712d272e593a,0.0,4,69,21
00b53f06983da9ada1ecd032c22ded12,b08f1291041a4d78b9ac34bd26c4bb0c,265,evaluation,Train,Hurricane Ian,1002-Ft-Myers-Beach-TFD.geo.tif,no damage,0,False,True,35127,29287,35892,30077,orthomosaic::1002-Ft-Myers-Beach-TFD.geo.tif,orthomosaic_surrogate::1002-Ft-Myers-Beach-TFD.geo.tif,orthomosaic_surrogate::1002-Ft-Myers-Beach-TFD.geo.tif,exact_group_0003,phash_group_0003,1b79fabf425c9a87744658cd523d14a1549f8b10e8eee5fe01677411bd21125c,952f785045866f5e,0.0,90,359,108
00bf8ec419a10b8be6200111570e5d32,5b807c9fbc8d448c9bf4daf0d1dc3e84,110,evaluation,Train,Hurricane Ian,1002-Ft-Myers-Beach-TFD.geo.tif,no damage,0,False,True,17591,11331,18241,11876,orthomosaic::1002-Ft-Myers-Beach-TFD.geo.tif,orthomosaic_surrogate::1002-Ft-Myers-Beach-TFD.geo.tif,orthomosaic_surrogate::1002-Ft-Myers-Beach-TFD.geo.tif,exact_group_0004,phash_group_0004,7f9efdb7bfdd60dc7b94e954ef7892a0ffaf1d38c8375ade5f4e72a0ac29b253,85ca78be6af53450,0.0,96,359,108
0171c79aee4d8db8b4ecf7fcf2e4e747,cac1e348f72b4cedbfaa27094e5359b5,257,train,Train,Hurricane Ian,1001-San-Carlos-Island.geo.tif,minor damage,1,True,False,26003,28376,26319,28834,orthomosaic::1001-San-Carlos-Island.geo.tif,orthomosaic_surrogate::1001-San-Carlos-Island.geo.tif,orthomosaic_surrogate::1001-San-Carlos-Island.geo.tif,exact_group_0005,phash_group_0005,84f43444398495195dd27eb516521cb4014b90bc6d400a0253c8136e177885b7,95686c3e613e3d62,0.0,,,
0266799dea4ffc776f1c5dcd3ae08620,03f662a30c95472ebb9b271ae9b0210d,220,train,Train,Hurricane Ian,1001-San-Carlos-Island.geo.tif,no damage,0,True,False,24754,12142,25262,12521,orthomosaic::1001-San-Carlos-Island.geo.tif,orthomosaic_surrogate::1001-San-Carlos-Island.geo.tif,orthomosaic_surrogate::1001-San-Carlos-Island.geo.tif,exact_group_0006,phash_group_0006,73b8cde42aaee76cc9bd871dfc384be52124030305e5c4f7a643ad904f3db785,b03d79c20f271e3a,0.0,,,
029b424d3a52b39168ef8cb9e8319e40,2360f39bdc0640c59431810b4bad7d36,678,evaluation,Train,Hurricane Ian,1002-Ft-Myers-Beach-TFD.geo.tif,no damage,0,False,True,7427,10836,8123,11409,orthomosaic::1002-Ft-Myers-Beach-TFD.geo.tif,orthomosaic_surrogate::1002-Ft-Myers-Beach-TFD.geo.tif,orthomosaic_surrogate::1002-Ft-Myers-Beach-TFD.geo.tif,exact_group_0007,phash_group_0007,c6e65275a978ee7ba6bb996240008343327a63650d39d70c9a5d824bf217f0a2,f7911746197e28b8,0.0,101,359,108
03a71b222d54242e4f93bcb0c4dc7447,eca5a6745d84402b9196d6ccaac6ead7,492,train,Train,Hurricane Ian,1001-San-Carlos-Island.geo.tif,no damage,0,True,False,8364,23516,9004,23939,orthomosaic::1001-San-Carlos-Island.geo.tif,orthomosaic_surrogate::1001-San-Carlos-Island.geo.tif,orthomosaic_surrogate::1001-San-Carlos-Island.geo.tif,exact_group_0008,phash_group_0008,0dd9fe62267c6dc59388224b2dae3fe1fe30d9896598cdc6486dce79dc52df15,80237f99399c8d4f,0.0,,,
03b4a62e4468082a42386d13a6699cb5,ef5b997fa774474dab192bcfc266d562,16,evaluation,Train,Hurricane Ida,20210902-LA-DIV-01.geo.tif,destroyed,3,False,True,15174,58014,15919,58674,orthomosaic::20210902-LA-DIV-01.geo.tif,orthomosaic_surrogate::20210902-LA-DIV-01.geo.tif,orthomosaic_surrogate::20210902-LA-DIV-01.geo.tif,exact_group_0009,phash_group_0009,2a07097825b5a20354747ec414c8a8bf3c59e2fc180ae78408c5bb6019588fae,a49f5bc522fe0703,0.0,14,69,21
03ca824f9480e146d9bc3fb1f9a85470,c462bf5c83fc477ba9c0967463fdf55e,528,evaluation,Train,Hurricane Ian,1002-Ft-Myers-Beach-TFD.geo.tif,destroyed,3,False,True,51196,46813,51633,47245,orthomosaic::1002-Ft-Myers-Beach-TFD.geo.tif,orthomosaic_surrogate::1002-Ft-Myers-Beach-TFD.geo.tif,orthomosaic_surrogate::1002-Ft-Myers-Beach-TFD.geo.tif,exact_group_0010,phash_group_0010,79c495136f5a14581124bbbc43e71a9a24bcbf55edd870fa58ed2d05d8e7ccf6,868d62fbd4635da0,0.0,4,148,44
03e67100e316c707e2726a79571c4667,4abbb6dde2e2475facb6174a44fbf7f7,147,evaluation,Train,Hurricane Ian,1002-Ft-Myers-Beach-TFD.geo.tif,no damage,0,False,True,21296,11251,21967,11930,orthomosaic::1002-Ft-Myers-Beach-TFD.geo.tif,orthomosaic_surrogate::1002-Ft-Myers-Beach-TFD.geo.tif,orthomosaic_surrogate::1002-Ft-Myers-Beach-TFD.geo.tif,exact_group_0011,phash_group_0011,14ba63e9ea3c66ce2ec35f3f0694b5190847f0b49d114f363f0721d4fbc3dc5d,d42e5ae860a0b77b,0.0,86,359,108
040d79b97599fe28853a8b915721a1a1,9b93a762a91f4e579485c4f3204116d6,129,evaluation,Train,Hurricane Ida,20210902-LA-DIV-01.geo.tif,minor damage,1,False,True,36044,25366,36691,26102,orthomosaic::20210902-LA-DIV-01.geo.tif,orthomosaic_surrogate::20210902-LA-DIV-01.geo.tif,orthomosaic_surrogate::20210902-LA-DIV-01.geo.tif,exact_group_0012,phash_group_0012,84733d2d226fb75ad306be86b0f333c4bade6074fb1a366e49d826851f6db6e2,c0d8b3e14eec698b,0.0,8,100,30
045868bc0eea706bf84102cd3e7d8ece,5e9f25b1c3bb4f98b2cdc27d90f981f8,407,evaluation,Train,Hurricane Ian,1002-Ft-Myers-Beach-TFD.geo.tif,minor damage,1,False,True,44312,41540,44970,42196,orthomosaic::1002-Ft-Myers-Beach-TFD.geo.tif,orthomosaic_surrogate::1002-Ft-Myers-Beach-TFD.geo.tif,orthomosaic_surrogate::1002-Ft-Myers-Beach-TFD.geo.tif,exact_group_0013,phash_group_0013,c77e41cb3f38265be75429db9385446822b41204edac08a0df0d4e5c75dbad52,ef14e6e7070cf80c,0.0,43,203,61
0495e5a181b463d83de0d9d8deff4e67,89bf950e89454d4789c6967512a8d4ac,584,evaluation,Train,Hurricane Ian,1002-Ft-Myers-Beach-TFD.geo.tif,no damage,0,False,True,54002,37658,54410,38137,orthomosaic::1002-Ft-Myers-Beach-TFD.geo.tif,orthomosaic_surrogate::1002-Ft-Myers-Beach-TFD.geo.tif,orthomosaic_surrogate::1002-Ft-Myers-Beach-TFD.geo.tif,exact_group_0014,phash_group_0014,809896d4db79488cca49bcff6fd04b40caa583812c3aa021edfa099f4a2b7005,9587549778c33c87,0.0,10,359,108
05bad69af965c1e1d5af6eed3040e794,2b12dec5ce644ee4a075941d2c010380,727,evaluation,Train,Hurricane Ian,1002-Ft-Myers-Beach-TFD.geo.tif,destroyed,3,False,True,9013,12754,9635,13389,orthomosaic::1002-Ft-Myers-Beach-TFD.geo.tif,orthomosaic_surrogate::1002-Ft-Myers-Beach-TFD.geo.tif,orthomosaic_surrogate::1002-Ft-Myers-Beach-TFD.geo.tif,exact_group_0015,phash_group_0015,52ea904079d1bf36c22f8676470a8efdfc8162ab263cc5a131afc275b725824d,b5e9748547b4cc16,0.0,41,148,44
077278cf5b35789eb484f73993c7e0b7,09788bf0110845329748dd052a136137,569,evaluation,Train,Hurricane Ian,1002-Ft-Myers-Beach-TFD.geo.tif,destroyed,3,False,True,52237,52333,52936,53010,orthomosaic::1002-Ft-Myers-Beach-TFD.geo.tif,orthomosaic_surrogate::1002-Ft-Myers-Beach-TFD.geo.tif,orthomosaic_surrogate::1002-Ft-Myers-Beach-TFD.geo.tif,exact_group_0016,phash_group_0016,d6ab8c419e3c2989dbb4bb72163348127055fd1642caa404e7cb9c53446fd3bc,829529deb5eb1689,0.0,44,148,44
07b805569dd5828409ce84b8db937347,b1ad2b52f50546878eaffc408bb26c20,114,evaluation,Train,Hurricane Ian,1002-Ft-Myers-Beach-TFD.geo.tif,minor damage,1,False,True,18456,11760,19130,12480,orthomosaic::1002-Ft-Myers-Beach-TFD.geo.tif,orthomosaic_surrogate::1002-Ft-Myers-Beach-TFD.geo.tif,orthomosaic_surrogate::1002-Ft-Myers-Beach-TFD.geo.tif,exact_group_0017,phash_group_0017,94907c75274f29bd133df52f6174181667aa23e8762c94e56a057981a2c88bbd,85144fde4d187cf8,0.0,41,203,61
07c1e08197eaab9d10d16f6959d7ac8b,71034da4167f4bae95b0e648627064e6,688,evaluation,Train,Hurricane Ian,1002-Ft-Myers-Beach-TFD.geo.tif,no damage,0,False,True,60201,45631,60748,46139,orthomosaic::1002-Ft-Myers-Beach-TFD.geo.tif,orthomosaic_surrogate::1002-Ft-Myers-Beach-TFD.geo.tif,orthomosaic_surrogate::1002-Ft-Myers-Beach-TFD.geo.tif,exact_group_0018,phash_group_0018,ab9928847afd3ceeb3afd4b6193b4287259e982919e1e36e450ad700871d1fef,9fb67a17207840ed,0.0,22,359,108
0871b81176e98c0b0733d3cd703d4d53,0cf86620f95143839a37218953838121,43,train,Train,Hurricane Ian,1001-San-Carlos-Island.geo.tif,minor damage,1,True,False,13223,22277,13541,22460,orthomosaic::1001-San-Carlos-Island.geo.tif,orthomosaic_surrogate::1001-San-Carlos-Island.geo.tif,orthomosaic_surrogate::1001-San-Carlos-Island.geo.tif,exact_group_0019,phash_group_0019,3170b3e359cd9eab00866872f0033324f665c477e985fef37508ece2bd4974bb,d5302abf6bc2e035,0.0,,,
09bd64abd104718439ce38bd3e9f7b6f,6d261bb073084fdd8e205a402c27e309,191,evaluation,Train,Hurricane Ian,1002-Ft-Myers-Beach-TFD.geo.tif,major damage,2,False,True,29225,23078,29717,23628,orthomosaic::1002-Ft-Myers-Beach-TFD.geo.tif,orthomosaic_surrogate::1002-Ft-Myers-Beach-TFD.geo.tif,orthomosaic_surrogate::1002-Ft-Myers-Beach-TFD.geo.tif,exact_group_0020,phash_group_0020,64e5e8769f91674e95d852d04cf1c38e4d9c5aeca9874f08454b611552be98ef,94997a70f11b49f2,0.0,4,51,15
0a1c26cc54116be6432908a8b66abcd2,b24ae212970c470390d655208babc923,84,train,Train,Hurricane Ida,20210901-Cocodrie-1.geo.tif,no damage,0,True,False,20491,3808,21024,4333,orthomosaic::20210901-Cocodrie-1.geo.tif,orthomosaic_surrogate::20210901-Cocodrie-1.geo.tif,orthomosaic_surrogate::20210901-Cocodrie-1.geo.tif,exact_group_0021,phash_group_0021,22744f998510b77bb7f93ac4f160bfe69a309e003ab7b61b66963cebc430753c,c2272dfb3481789b,0.0,,,
0a34d1843ee9fbe1d1418ccaeabd1325,374e652e0e62459fa4cf3720e6e3a872,308,train,Train,Hurricane Ian,1001-San-Carlos-Island.geo.tif,destroyed,3,True,False,26705,14018,27087,14319,orthomosaic::1001-San-Carlos-Island.geo.tif,orthomosaic_surrogate::1001-San-Carlos-Island.geo.tif,orthomosaic_surrogate::1001-San-Carlos-Island.geo.tif,exact_group_0022,phash_group_0022,4348f78907e7b6275bb27057f7b80f1918833f4bad75d79ede2f1308c32dc729,cbb76de8394c3209,0.0,,,
0a5c314dea704140cdeaaafcf78bd94a,90b5780174cb49d4bb5b5b092db4dfdc,17,evaluation,Train,Hurricane Ian,1002-Ft-Myers-Beach-TFD.geo.tif,destroyed,3,False,True,13358,15576,13911,16113,orthomosaic::1002-Ft-Myers-Beach-TFD.geo.tif,orthomosaic_surrogate::1002-Ft-Myers-Beach-TFD.geo.tif,orthomosaic_surrogate::1002-Ft-Myers-Beach-TFD.geo.tif,exact_group_0023,phash_group_0023,558c721edf7b65930d2102eb7a8f43c40faf82336770e1389e8e7fe70dc52fb4,d6b560d975d43cc0,0.0,10,148,44
0a6a85831455dc4e7b49e4624f55c7ce,59b292bb6ac844c69911aa6f08a0006f,617,evaluation,Train,Hurricane Ian,1002-Ft-Myers-Beach-TFD.geo.tif,minor damage,1,False,True,54876,47440,55567,48058,orthomosaic::1002-Ft-Myers-Beach-TFD.geo.tif,orthomosaic_surrogate::1002-Ft-Myers-Beach-TFD.geo.tif,orthomosaic_surrogate::1002-Ft-Myers-Beach-TFD.geo.tif,exact_group_0024,phash_group_0024,b49e13cdb4f45ec703baa633110184d7a0c0e716b0117966db33626527d72cf1,ff2872c90ad72712,0.0,48,203,61
0c8510ca9eb35ff82a46c025b6c0c9fc,bac59d35e995455d801affd6918b4bba,169,evaluation,Train,Hurricane Ian,1002-Ft-Myers-Beach-TFD.geo.tif,minor damage,1,False,True,20530,20981,21229,21666,orthomosaic::1002-Ft-Myers-Beach-TFD.geo.tif,orthomosaic_surrogate::1002-Ft-Myers-Beach-TFD.geo.tif,orthomosaic_surrogate::1002-Ft-Myers-Beach-TFD.geo.tif,exact_group_0025,phash_group_0025,3a5de3105b5a3547752f3a24eaed65110a85fbc021dfb8f7e9158e79ddd72ef0,f056c7c60e4e7cc4,0.0,14,203,61
0cb3aa954be89fb0d997ae9754843d19,af862b4d28db486da13e2585122a8dba,447,train,Train,Hurricane Ian,1001-San-Carlos-Island.geo.tif,no damage,0,True,False,7350,8219,7831,8689,orthomosaic::1001-San-Carlos-Island.geo.tif,orthomosaic_surrogate::1001-San-Carlos-Island.geo.tif,orthomosaic_surrogate::1001-San-Carlos-Island.geo.tif,exact_group_0026,phash_group_0026,4cd3cc4cbe56f0845886db7858668b4a191d7d26236c98c3b3d2bfe5fc8b8489,81af6f7e6caa7010,0.0,,,
0d57e11c11401ae4e97a7dc6d60a90a7,f50d4854a21b435ebe197ceb4cbcd7c5,197,evaluation,Train,Hurricane Ian,1002-Ft-Myers-Beach-TFD.geo.tif,destroyed,3,False,True,27050,26317,27728,27053,orthomosaic::1002-Ft-Myers-Beach-TFD.geo.tif,orthomosaic_surrogate::1002-Ft-Myers-Beach-TFD.geo.tif,orthomosaic_surrogate::1002-Ft-Myers-Beach-TFD.geo.tif,exact_group_0027,phash_group_0027,030531f5a5d695310bbfcb530625170d75666882ee469c1449d445e89d154e4f,851fe6f8eec801c5,0.0,28,148,44
0d6315f17dd8f61f02c2136d3ecaba49,6a567b59128f43669435abd3bf3c5c6b,303,evaluation,Train,Hurricane Ida,20210902-LA-DIV-01.geo.tif,minor damage,1,False,True,7889,55117,8611,55908,orthomosaic::20210902-LA-DIV-01.geo.tif,orthomosaic_surrogate::20210902-LA-DIV-01.geo.tif,orthomosaic_surrogate::20210902-LA-DIV-01.geo.tif,exact_group_0028,phash_group_0028,36dcf3eaf7975ff1ab947b022ab2f6b806ab2578d16b96d59edcd39b119cb857,d41e4f4ca5b13273,0.0,7,100,30
0d7ea6d28ad498c4475c0c9eb621cfbd,d47d61eee6ff4457b1117aa0eea2cc86,379,evaluation,Train,Hurricane Ian,1002-Ft-Myers-Beach-TFD.geo.tif,no damage,0,False,True,42961,42510,43467,43018,orthomosaic::1002-Ft-Myers-Beach-TFD.geo.tif,orthomosaic_surrogate::1002-Ft-Myers-Beach-TFD.geo.tif,orthomosaic_surrogate::1002-Ft-Myers-Beach-TFD.geo.tif,exact_group_0029,phash_group_0029,195af1e266a7dd1e907aac4d1b0a34e5aa627cb36feaef43d7413c1a401f242d,f8346bd364c8b18b,0.0,49,359,108
0d823e616f2f53b90e5f9e9ae90d8dcc,877d52a65ab7449aa6f9f84d9de8a1e3,638,evaluation,Train,Hurricane Ian,1002-Ft-Myers-Beach-TFD.geo.tif,destroyed,3,False,True,6164,13583,6723,14213,orthomosaic::1002-Ft-Myers-Beach-TFD.geo.tif,orthomosaic_surrogate::1002-Ft-Myers-Beach-TFD.geo.tif,orthomosaic_surrogate::1002-Ft-Myers-Beach-TFD.geo.tif,exact_group_0030,phash_group_0030,701b93746895030d95c79088e1b77c7e6711b71f6e4c4cfb29f735798395692e,c5968ca11b670f3e,0.0,30,148,44
0d90117a870f840632f4212bfc4e6708,4e1df6dd761548ce9642a9ca8804344a,562,train,Train,Hurricane Ian,1001-San-Carlos-Island.geo.tif,minor damage,1,True,False,25890,18431,26318,18745,orthomosaic::1001-San-Carlos-Island.geo.tif,orthomosaic_surrogate::1001-San-Carlos-Island.geo.tif,orthomosaic_surrogate::1001-San-Carlos-Island.geo.tif,exact_group_0031,phash_group_0031,9d37231d9ab9d551a78ff96afe11833caa743554792edf7bbf54db79c9c9a07f,85b76a401c1f72b7,0.0,,,
0dc18373d79d2ee6db282f59f069e342,a89b92fa58814c5ca7276476c32379eb,301,evaluation,Train,Hurricane Ian,1002-Ft-Myers-Beach-TFD.geo.tif,no damage,0,False,True,37887,31759,38618,32491,orthomosaic::1002-Ft-Myers-Beach-TFD.geo.tif,orthomosaic_surrogate::1002-Ft-Myers-Beach-TFD.geo.tif,orthomosaic_surrogate::1002-Ft-Myers-Beach-TFD.geo.tif,exact_group_0032,phash_group_0032,cee91a7eb9fc44f74f4c195960640809d8f6c9d7599f2d3732e380abd27e3f87,9f2178d7e90e60cc,0.0,7,359,108
0ded75b68bd90da14a42e9e14f3df24e,0c0b913b20ef483c8c0208414c6cfd0f,347,evaluation,Train,Hurricane Ida,20210902-LA-DIV-01.geo.tif,minor damage,1,False,True,10574,58858,10992,59273,orthomosaic::20210902-LA-DIV-01.geo.tif,orthomosaic_surrogate::20210902-LA-DIV-01.geo.tif,orthomosaic_surrogate::20210902-LA-DIV-01.geo.tif,exact_group_0033,phash_group_0033,93e615d44d28d4987e7b0c374f00a17bfb5513254685c06893c25968d8f01fc3,ccd3320e4bfa7c05,0.0,6,100,30
0e3bdf064d773b7a351c3183f6a407bb,fd21839cdb4d4af8ba0466f51630b5a1,249,evaluation,Train,Hurricane Ian,1002-Ft-Myers-Beach-TFD.geo.tif,major damage,2,False,True,32100,28087,32952,28801,orthomosaic::1002-Ft-Myers-Beach-TFD.geo.tif,orthomosaic_surrogate::1002-Ft-Myers-Beach-TFD.geo.tif,orthomosaic_surrogate::1002-Ft-Myers-Beach-TFD.geo.tif,exact_group_0034,phash_group_0034,3ce8db5b414fd4cd0402ca620fdb3b8df0dfe7d1a8e68bb5f046e603f2616e6d,b3bd41c04dc33e56,0.0,15,51,15
0eb2e2b285a89d69ce575ca3adf09ba0,15dd3091cca84cd096df91e2949be1ab,539,train,Train,Hurricane Ian,1001-San-Carlos-Island.geo.tif,minor damage,1,True,False,8568,8818,9011,9377,orthomosaic::1001-San-Carlos-Island.geo.tif,orthomosaic_surrogate::1001-San-Carlos-Island.geo.tif,orthomosaic_surrogate::1001-San-Carlos-Island.geo.tif,exact_group_0035,phash_group_0035,90c5698ac1e0aa2a8ec0bb4e584602f1543426d8e62be190850efab209e72680,d0b06c497ccf3cc6,0.0,,,
0edfa0b25ae46bca5ed0583b619c9761,7d73135b322445218e0080eaa101c592,97,train,Train,Hurricane Ida,20210901-Cocodrie-1.geo.tif,major damage,2,True,False,21652,4046,22223,4539,orthomosaic::20210901-Cocodrie-1.geo.tif,orthomosaic_surrogate::20210901-Cocodrie-1.geo.tif,orthomosaic_surrogate::20210901-Cocodrie-1.geo.tif,exact_group_0036,phash_group_0036,90467a71f974918817d4f64023a4a33c26ba0a1e594bb95e6529cb2939e008d6,d2e93f84633a0f32,0.0,,,
0ee72490289a4535959fe0f2fd58f001,ed6a1926c66d4e0f93b9187a9fe5b933,38,evaluation,Train,Hurricane Ian,1002-Ft-Myers-Beach-TFD.geo.tif,minor damage,1,False,True,12494,6390,12984,6886,orthomosaic::1002-Ft-Myers-Beach-TFD.geo.tif,orthomosaic_surrogate::1002-Ft-Myers-Beach-TFD.geo.tif,orthomosaic_surrogate::1002-Ft-Myers-Beach-TFD.geo.tif,exact_group_0037,phash_group_0037,877d322d36a52c2349643c94bf13250a7f8b59b841a546a1c555214a378ebf1e,9cd27a3a28abe169,0.0,30,203,61
0efc2b9de67c08f382148a620b370ea2,bdfc6b21ce2849f78ece5f6a1aa71f68,333,train,Train,Hurricane Ian,1001-San-Carlos-Island.geo.tif,minor damage,1,True,False,25925,16944,26403,17307,orthomosaic::1001-San-Carlos-Island.geo.tif,orthomosaic_surrogate::1001-San-Carlos-Island.geo.tif,orthomosaic_surrogate::1001-San-Carlos-Island.geo.tif,exact_group_0038,phash_group_0038,e7389d3123cfcaddd8b316ea05b2dbbfafc3509875394d87ff4d46a41b80192d,a41f7be053610f1b,0.0,,,
0f25cadbf569104a63423ad6591d13a9,91152d9937e1461da9088a1c14cf493f,5,train,Train,Hurricane Ida,20210901-Cocodrie-1.geo.tif,no damage,0,True,False,13836,25850,14225,26484,orthomosaic::20210901-Cocodrie-1.geo.tif,orthomosaic_surrogate::20210901-Cocodrie-1.geo.tif,orthomosaic_surrogate::20210901-Cocodrie-1.geo.tif,exact_group_0039,phash_group_0039,e8a04c2caef8ac9b13dde739f113f6598d456badf87c115ef17152f0d04dc91d,c39870699b6a719b,0.0,,,
105b17469b422c65bd69ef66b4976710,86041bb193a444288f8d7a2b89048239,336,evaluation,Train,Hurricane Ian,1002-Ft-Myers-Beach-TFD.geo.tif,destroyed,3,False,True,4882,12932,5596,13469,orthomosaic::1002-Ft-Myers-Beach-TFD.geo.tif,orthomosaic_surrogate::1002-Ft-Myers-Beach-TFD.geo.tif,orthomosaic_surrogate::1002-Ft-Myers-Beach-TFD.geo.tif,exact_group_0040,phash_group_0040,fd5146a4128a84245446037a6b49b00ed4fc3afeda1e1697204bf89076ffbcf3,960c40e13f5e7de2,0.0,2,148,44
1170373d363709e027c4fd7e0999bef5,92bc390d167f4947a919819b21a94ecc,131,evaluation,Train,Hurricane Ida,20210902-LA-DIV-01.geo.tif,minor damage,1,False,True,33892,31784,34769,32664,orthomosaic::20210902-LA-DIV-01.geo.tif,orthomosaic_surrogate::20210902-LA-DIV-01.geo.tif,orthomosaic_surrogate::20210902-LA-DIV-01.geo.tif,exact_group_0041,phash_group_0041,c80f9e006e74c841f561e6cb83e8349aab308bbe38461a65ce2fc940f07b8592,947839e1b1a7a61e,0.0,29,100,30
117a75bef34375be7e42e77fdefe57fb,a748bdb0ccf04a3b950b3c3aed0b5969,236,train,Train,Hurricane Ian,1001-San-Carlos-Island.geo.tif,no damage,0,True,False,24796,16410,25196,16722,orthomosaic::1001-San-Carlos-Island.geo.tif,orthomosaic_surrogate::1001-San-Carlos-Island.geo.tif,orthomosaic_surrogate::1001-San-Carlos-Island.geo.tif,exact_group_0042,phash_group_0042,3a636cc2849974255af043b124ea521c698bc64e3eb2a5ebfa7a84c49f7e140e,851e7ae20be51f31,0.0,,,
11bb2c880eb44381f50c1ce06404fd8b,4e9a57c0e4794cebae39c5d669ef13bc,490,train,Train,Hurricane Ian,1001-San-Carlos-Island.geo.tif,no damage,0,True,False,7995,15036,8532,15425,orthomosaic::1001-San-Carlos-Island.geo.tif,orthomosaic_surrogate::1001-San-Carlos-Island.geo.tif,orthomosaic_surrogate::1001-San-Carlos-Island.geo.tif,exact_group_0043,phash_group_0043,10154e353b9f01559d96878cb62be46e9180f8f17b6c25a814bb91a186c3e8de,a02d7ad707581f74,0.0,,,
121623097656bf9e75301e0d2e7c2d10,25b6353543804009a8162be70b134aa8,631,evaluation,Train,Hurricane Ian,1002-Ft-Myers-Beach-TFD.geo.tif,no damage,0,False,True,57647,42442,58213,42913,orthomosaic::1002-Ft-Myers-Beach-TFD.geo.tif,orthomosaic_surrogate::1002-Ft-Myers-Beach-TFD.geo.tif,orthomosaic_surrogate::1002-Ft-Myers-Beach-TFD.geo.tif,exact_group_0044,phash_group_0044,3a9167d04e38a97f5be85cb42bd6ccdd930ee64fb23a34013edc4f68e1c52a23,80157f9d7fc062e2,0.0,33,359,108
1277cbadbd4ae34cae2c1ff2cffaaccf,e32db07226a448788afa42740caac0e4,24,train,Train,Hurricane Ida,20210901-Cocodrie-1.geo.tif,minor damage,1,True,False,17381,13661,18194,14142,orthomosaic::20210901-Cocodrie-1.geo.tif,orthomosaic_surrogate::20210901-Cocodrie-1.geo.tif,orthomosaic_surrogate::20210901-Cocodrie-1.geo.tif,exact_group_0045,phash_group_0045,403dca162b04b23d1305c83c1d99e68d9047b88ad75c21d0c11080071e8eac14,cb67359840e1b557,0.0,,,
127bfb40a409ad82d90a86dada01105b,f66fe3840581498cbe4351eded0f7675,112,evaluation,Train,Hurricane Ian,1002-Ft-Myers-Beach-TFD.geo.tif,minor damage,1,False,True,17683,12475,18368,13161,orthomosaic::1002-Ft-Myers-Beach-TFD.geo.tif,orthomosaic_surrogate::1002-Ft-Myers-Beach-TFD.geo.tif,orthomosaic_surrogate::1002-Ft-Myers-Beach-TFD.geo.tif,exact_group_0046,phash_group_0046,6264f97019bb0893ffc6ccf2fb5aad52c8f130718761087618cebf3c6f799b04,983a5a20a3abe5f5,0.0,10,203,61
12c01a032d6476874fc060e931bd3338,c1c4f458df4847019c397adc4c67fb0f,180,train,Train,Hurricane Ian,1001-San-Carlos-Island.geo.tif,no damage,0,True,False,23087,20132,23325,20617,orthomosaic::1001-San-Carlos-Island.geo.tif,orthomosaic_surrogate::1001-San-Carlos-Island.geo.tif,orthomosaic_surrogate::1001-San-Carlos-Island.geo.tif,exact_group_0047,phash_group_0047,9a163ed8b2b8f26f2398b255b2d2889b34d6fa9913b910fed502d8da54a2e340,cb3239326d363933,0.0,,,
12c2eb34db1775ed3aea5ec476e1d523,73b8fda9b36044968f97ffb3fbc90f73,17,evaluation,Train,Hurricane Ida,20210902-LA-DIV-01.geo.tif,major damage,2,False,True,14683,60021,15345,60669,orthomosaic::20210902-LA-DIV-01.geo.tif,orthomosaic_surrogate::20210902-LA-DIV-01.geo.tif,orthomosaic_surrogate::20210902-LA-DIV-01.geo.tif,exact_group_0048,phash_group_0048,8f2527608b4e14a7f38565fe0cb1011b488beb135f096647661f851b8f272180,9ad62d4936f07872,0.0,17,116,35
13e0fd1c3c896595edd5fe83827ac23d,d6e5ffa4075f47e5a947465bfce37e6d,336,train,Train,Hurricane Ian,1001-San-Carlos-Island.geo.tif,no damage,0,True,False,27367,20291,27736,20557,orthomosaic::1001-San-Carlos-Island.geo.tif,orthomosaic_surrogate::1001-San-Carlos-Island.geo.tif,orthomosaic_surrogate::1001-San-Carlos-Island.geo.tif,exact_group_0049,phash_group_0049,5802a6ec42d9c2a1fee5c442bf12bc32897e5a6e6e9dc5985b3b8f7be93529dd,e49f62c00b397f31,0.0,,,
1555dafbecd3d7a5fd8148002a38daaf,36bdf6ced41d4ea0b6b913312ceb49d1,311,evaluation,Train,Hurricane Ida,20210902-LA-DIV-01.geo.tif,destroyed,3,False,True,60007,13288,60587,13866,orthomosaic::20210902-LA-DIV-01.geo.tif,orthomosaic_surrogate::20210902-LA-DIV-01.geo.tif,orthomosaic_surrogate::20210902-LA-DIV-01.geo.tif,exact_group_0050,phash_group_0050,15f12c857ed94c3a3d9dc092a5a54612ac053951426e45bd11fc09b39e28c01e,c3309ca1fe0379e9,0.0,5,69,21
15bd985314f2286bb6ed3555f2aefdcc,0d465ef1e790458d816bdcfbd4d99add,224,evaluation,Train,Hurricane Ida,20210902-LA-DIV-01.geo.tif,destroyed,3,False,True,49084,13638,49673,14214,orthomosaic::20210902-LA-DIV-01.geo.tif,orthomosaic_surrogate::20210902-LA-DIV-01.geo.tif,orthomosaic_surrogate::20210902-LA-DIV-01.geo.tif,exact_group_0051,phash_group_0051,1031c7ec716e26370deac0145355606ea559918335963cd5337f0a13e26205e6,d303fb07617e03d8,0.0,16,69,21
168cb88138d3db1d5b8e4411e6d92679,84c239ea4c924147a6eaa525462e3326,181,train,Train,Hurricane Ian,1001-San-Carlos-Island.geo.tif,no damage,0,True,False,22492,20047,22836,20485,orthomosaic::1001-San-Carlos-Island.geo.tif,orthomosaic_surrogate::1001-San-Carlos-Island.geo.tif,orthomosaic_surrogate::1001-San-Carlos-Island.geo.tif,exact_group_0052,phash_group_0052,33b4f9b1d827d98b6f9a79f8ebfe62144e7498be5844adba9e93e9d196bf1f3b,d07061633ff27817,0.0,,,
1889027a4ac4f6b3e03d0e52a2a555bf,590db7d4633b45c09007e857ac58c8e5,634,evaluation,Train,Hurricane Ian,1002-Ft-Myers-Beach-TFD.geo.tif,no damage,0,False,True,56973,44025,57482,44370,orthomosaic::1002-Ft-Myers-Beach-TFD.geo.tif,orthomosaic_surrogate::1002-Ft-Myers-Beach-TFD.geo.tif,orthomosaic_surrogate::1002-Ft-Myers-Beach-TFD.geo.tif,exact_group_0053,phash_group_0053,33cca2210750402e0dd21c7d7d8ec9b1225667302b31034c9f33ca6543fd350d,9f2f70d01d06037f,0.0,85,359,108
1b2befcd2d0148512bd16fbb735cc7a8,f30730b72da546c79af987f3e0898fc5,717,evaluation,Train,Hurricane Ian,1002-Ft-Myers-Beach-TFD.geo.tif,minor damage,1,False,True,63129,43764,63878,44267,orthomosaic::1002-Ft-Myers-Beach-TFD.geo.tif,orthomosaic_surrogate::1002-Ft-Myers-Beach-TFD.geo.tif,orthomosaic_surrogate::1002-Ft-Myers-Beach-TFD.geo.tif,exact_group_0054,phash_group_0054,6d82815d92fd7a7e48d8b51b0dece88dbcf7cc89ed93dee8a9045ad0cdab3d3f,f3a148f40f4f8f09,0.0,55,203,61
1c26fba3924f62b811d448fdc39f6d22,6bf1effcd8c14a6bb097e7d792d91015,247,train,Train,Hurricane Ian,1001-San-Carlos-Island.geo.tif,minor damage,1,True,False,23719,18069,24399,18481,orthomosaic::1001-San-Carlos-Island.geo.tif,orthomosaic_surrogate::1001-San-Carlos-Island.geo.tif,orthomosaic_surrogate::1001-San-Carlos-Island.geo.tif,exact_group_0055,phash_group_0055,1262f45250fa907f508b6b5a71fa0ee6561062baa479fbc585c394c85fd72041,943c6dc21b1bbd62,0.0,,,
1c47a889457d5568cdb9c2a4cc1cfe6d,e0ba291c8f904746a404296d7cb218ca,134,evaluation,Train,Hurricane Ian,1002-Ft-Myers-Beach-TFD.geo.tif,no damage,0,False,True,19497,9572,20205,10266,orthomosaic::1002-Ft-Myers-Beach-TFD.geo.tif,orthomosaic_surrogate::1002-Ft-Myers-Beach-TFD.geo.tif,orthomosaic_surrogate::1002-Ft-Myers-Beach-TFD.geo.tif,exact_group_0056,phash_group_0056,13c5923ae9f82040205dd778e296ca88d1a1bfc3e69ec285b91c4d1b30331aa8,914d7aa027f05757,0.0,73,359,108
1c9dcc74b5ea5cb4b782a1b35611910d,62d686de74164c46b92a9dbcf09d241f,327,train,Train,Hurricane Ian,1001-San-Carlos-Island.geo.tif,major damage,2,True,False,26660,16673,27119,17017,orthomosaic::1001-San-Carlos-Island.geo.tif,orthomosaic_surrogate::1001-San-Carlos-Island.geo.tif,orthomosaic_surrogate::1001-San-Carlos-Island.geo.tif,exact_group_0057,phash_group_0057,2e699d67256511e8381788f9495eef5701a13507a23cc2d107dffd2619b7e858,c2857d6a4d1f1a33,0.0,,,
1d4e2d621de5efdc92cd56755a72ce17,027ba2008fc74fd1a1fda6a1e0deeb4b,162,evaluation,Train,Hurricane Ida,20210902-LA-DIV-01.geo.tif,destroyed,3,False,True,37208,33603,37994,34363,orthomosaic::20210902-LA-DIV-01.geo.tif,orthomosaic_surrogate::20210902-LA-DIV-01.geo.tif,orthomosaic_surrogate::20210902-LA-DIV-01.geo.tif,exact_group_0058,phash_group_0058,23ed9cc26e2028040799f1275790367943355e5654bdf13b66b3cf449d48acf7,84e176130ab67b5e,0.0,15,69,21
1d73a742f72d2fbf00391b9fd0339ca4,c38f811c2878417dbb3a16676430bc33,555,evaluation,Train,Hurricane Ian,1002-Ft-Myers-Beach-TFD.geo.tif,major damage,2,False,True,52512,36313,53050,36765,orthomosaic::1002-Ft-Myers-Beach-TFD.geo.tif,orthomosaic_surrogate::1002-Ft-Myers-Beach-TFD.geo.tif,orthomosaic_surrogate::1002-Ft-Myers-Beach-TFD.geo.tif,exact_group_0059,phash_group_0059,96f82fc905ced8aa8afc5f4eea24bc60b6dc574e28ef0bf1c3fae2a644909536,a6ae5899097c09df,0.0,14,51,15
1dc8b760a82a403fc4bc106c763fbe37,f5de4b601aaa4f309abeb7fef15d324a,87,evaluation,Train,Hurricane Ian,1002-Ft-Myers-Beach-TFD.geo.tif,no damage,0,False,True,14090,8201,14597,8703,orthomosaic::1002-Ft-Myers-Beach-TFD.geo.tif,orthomosaic_surrogate::1002-Ft-Myers-Beach-TFD.geo.tif,orthomosaic_surrogate::1002-Ft-Myers-Beach-TFD.geo.tif,exact_group_0060,phash_group_0060,72507096c51e2ae3d4fc0c35151959684cf64e5a7806690aa6c9ebddd3b5b9e7,9472795a62ab0fc3,0.0,68,359,108
1e10783e60f9a6435cc18e90664bef91,ebb79ee22ecd469798297ce6cdefb87c,343,evaluation,Train,Hurricane Ian,1002-Ft-Myers-Beach-TFD.geo.tif,minor damage,1,False,True,40452,31701,41237,32488,orthomosaic::1002-Ft-Myers-Beach-TFD.geo.tif,orthomosaic_surrogate::1002-Ft-Myers-Beach-TFD.geo.tif,orthomosaic_surrogate::1002-Ft-Myers-Beach-TFD.geo.tif,exact_group_0061,phash_group_0061,2701ed6fc1cc7bb2e16fa63ce9d4191701e0a4253b169349fb5dcde0402d071e,946527387e69e439,0.0,35,203,61
1e46f50f8a44d3f338c10f79a272ef14,236e7b8b9e5c4610b902523390f06157,11,evaluation,Train,Hurricane Ida,20210902-LA-DIV-01.geo.tif,major damage,2,False,True,13624,59365,14190,59922,orthomosaic::20210902-LA-DIV-01.geo.tif,orthomosaic_surrogate::20210902-LA-DIV-01.geo.tif,orthomosaic_surrogate::20210902-LA-DIV-01.geo.tif,exact_group_0062,phash_group_0062,a4720e167c1992a986733299dd62fdf9aa7fb4aeabbd444ec570dd737bcdb858,8fc7267e36b2501a,0.0,23,116,35
1f0c721592f46264ef5bdd256f654c99,df99b58329864b60b0facdaf5cf7f96b,83,train,Train,Hurricane Ida,20210901-Cocodrie-1.geo.tif,major damage,2,True,False,21389,2585,21892,3091,orthomosaic::20210901-Cocodrie-1.geo.tif,orthomosaic_surrogate::20210901-Cocodrie-1.geo.tif,orthomosaic_surrogate::20210901-Cocodrie-1.geo.tif,exact_group_0063,phash_group_0063,862feb47741a76d53638fec02a58e161e544a6e281b5cfaeec13bcbc55270162,c5ec05e23e017ab7,0.0,,,
1f5695b3a06664a841c0547a89169175,a253525ca77e4091828ad1bab2f943a2,150,train,Train,Hurricane Ian,1001-San-Carlos-Island.geo.tif,major damage,2,True,False,3680,6320,4273,6806,orthomosaic::1001-San-Carlos-Island.geo.tif,orthomosaic_surrogate::1001-San-Carlos-Island.geo.tif,orthomosaic_surrogate::1001-San-Carlos-Island.geo.tif,exact_group_0064,phash_group_0064,e924fbc826510510da4387667de6d34b6114bf09ad0fa96d7fe79965759f4227,b5654abb17427266,0.0,,,
1fd6149d4d71ef9571bff035eda9a134,9cd9d3c17bc6479d8bae25076f8e3905,157,evaluation,Train,Hurricane Ian,1002-Ft-Myers-Beach-TFD.geo.tif,minor damage,1,False,True,21243,16823,21725,17287,orthomosaic::1002-Ft-Myers-Beach-TFD.geo.tif,orthomosaic_surrogate::1002-Ft-Myers-Beach-TFD.geo.tif,orthomosaic_surrogate::1002-Ft-Myers-Beach-TFD.geo.tif,exact_group_0065,phash_group_0065,15fe2c37d39d6e5e7af97ddf366eba26ef0c4ce7db5fd2f2c73af69f3d747913,96785a8271cf632b,0.0,12,203,61
20132051024cb7242b6df9201df2f674,601abb2d9f5e426a95fbdf6398e8ae3f,417,train,Train,Hurricane Ian,1001-San-Carlos-Island.geo.tif,minor damage,1,True,False,4275,7510,4831,8088,orthomosaic::1001-San-Carlos-Island.geo.tif,orthomosaic_surrogate::1001-San-Carlos-Island.geo.tif,orthomosaic_surrogate::1001-San-Carlos-Island.geo.tif,exact_group_0066,phash_group_0066,f307b86af27cf4ddedfcb855cbfb73d6bc4239dd19203f40d91c73080453d2ed,9535f8977813682d,0.0,,,
208d3165c023ea8b489ab91077e435cc,dc214c9ce54a4800bdf46646b77274ab,282,train,Train,Hurricane Ian,1001-San-Carlos-Island.geo.tif,minor damage,1,True,False,26291,21552,26661,21786,orthomosaic::1001-San-Carlos-Island.geo.tif,orthomosaic_surrogate::1001-San-Carlos-Island.geo.tif,orthomosaic_surrogate::1001-San-Carlos-Island.geo.tif,exact_group_0067,phash_group_0067,a3ca99cd69cf200bf2de0006fe20467ee30d05a7de9cc84a1c8758d98667438a,d6146be3071db934,0.0,,,
2193d557eaa25f48401aa284b060213d,6321a3defed54aa889737e09515cc86c,603,evaluation,Train,Hurricane Ian,1002-Ft-Myers-Beach-TFD.geo.tif,no damage,0,False,True,55459,36380,55970,36865,orthomosaic::1002-Ft-Myers-Beach-TFD.geo.tif,orthomosaic_surrogate::1002-Ft-Myers-Beach-TFD.geo.tif,orthomosaic_surrogate::1002-Ft-Myers-Beach-TFD.geo.tif,exact_group_0068,phash_group_0068,6e9d5aceebc7af3b326b31571d0c0202157f8a3557a5f334517e63422ea01af8,877e35a56d8838d1,0.0,63,359,108
21f80e38c8c9bea047269ff154584933,9e1a0d2f3bab4bb1ac5ce61311c574fd,273,evaluation,Train,Hurricane Ida,20210902-LA-DIV-01.geo.tif,minor damage,1,False,True,54857,17860,55657,18631,orthomosaic::20210902-LA-DIV-01.geo.tif,orthomosaic_surrogate::20210902-LA-DIV-01.geo.tif,orthomosaic_surrogate::20210902-LA-DIV-01.geo.tif,exact_group_0069,phash_group_0069,1a8d7657b1c2c2342b6a1bc0ed0534b4d40dda3f9f6804196b618868696e6ace,c3622f957f937801,0.0,12,100,30
22a848de4836506d86c5e9e39725faa2,bf1e59c28a2947d9a9bd5677f12df365,551,evaluation,Train,Hurricane Ian,1002-Ft-Myers-Beach-TFD.geo.tif,minor damage,1,False,True,51514,31377,52285,32164,orthomosaic::1002-Ft-Myers-Beach-TFD.geo.tif,orthomosaic_surrogate::1002-Ft-Myers-Beach-TFD.geo.tif,orthomosaic_surrogate::1002-Ft-Myers-Beach-TFD.geo.tif,exact_group_0070,phash_group_0070,ab7bdd9909c6634acc26e5753498f8c32ace8fbd815fb5ac8615a729553d6311,8e86628cbc5cd39e,0.0,32,203,61
22c73b78b27509c08b57172d0bed3916,865c1ad021444450b268c352ddffbc41,40,train,Train,Hurricane Ida,20210901-Cocodrie-1.geo.tif,major damage,2,True,False,18199,17456,18740,17745,orthomosaic::20210901-Cocodrie-1.geo.tif,orthomosaic_surrogate::20210901-Cocodrie-1.geo.tif,orthomosaic_surrogate::20210901-Cocodrie-1.geo.tif,exact_group_0071,phash_group_0071,af8111185cd4c6050e8fc01e33e75c7342417ddcac79dfd91d0441aff35434b0,fdea03152a00f4fe,0.0,,,
22dfb08aac89f2ee1818456cb1fba7cd,6967b3fb62ea4398bc57c90ecffbb944,100,evaluation,Train,Hurricane Ida,20210902-LA-DIV-01.geo.tif,minor damage,1,False,True,29355,35749,30084,36464,orthomosaic::20210902-LA-DIV-01.geo.tif,orthomosaic_surrogate::20210902-LA-DIV-01.geo.tif,orthomosaic_surrogate::20210902-LA-DIV-01.geo.tif,exact_group_0072,phash_group_0072,6a3bc32be9bb3ad4902ee8ccb8b830952052e72dca2e7f817aae39bbfc936339,874f2eb4f0521b8b,0.0,16,100,30
237a440f30521ce56a5e09105512a372,e353f39d17324ab2aba113a0fa8267ef,217,train,Train,Hurricane Ian,1001-San-Carlos-Island.geo.tif,minor damage,1,True,False,25338,21884,25454,22061,orthomosaic::1001-San-Carlos-Island.geo.tif,orthomosaic_surrogate::1001-San-Carlos-Island.geo.tif,orthomosaic_surrogate::1001-San-Carlos-Island.geo.tif,exact_group_0073,phash_group_0073,f31fb249aa8c43c2be4cdc730c5c0330da99fd241d68f9b5b2433ec2ddde13b8,93c770c9341c4e7b,0.0,,,
23c8bf2b417bded6cc2f3c69e6972ddf,8d262f1e1cd1412b8ca3e25c524c987f,95,evaluation,Train,Hurricane Ida,20210902-LA-DIV-01.geo.tif,no damage,0,False,True,29669,34415,30399,35163,orthomosaic::20210902-LA-DIV-01.geo.tif,orthomosaic_surrogate::20210902-LA-DIV-01.geo.tif,orthomosaic_surrogate::20210902-LA-DIV-01.geo.tif,exact_group_0074,phash_group_0074,6721109fb96516425dda813ef40d103161e0d7cc738450bf76e72ae86ef35c2f,d0197b615307ee2e,0.0,2,57,17
23ef17aa3776d345fe2d5538d3ffd1d5,70b49b3833304a65ace3f0ff46cd2d9d,278,evaluation,Train,Hurricane Ida,20210902-LA-DIV-01.geo.tif,major damage,2,False,True,55156,8915,55725,9533,orthomosaic::20210902-LA-DIV-01.geo.tif,orthomosaic_surrogate::20210902-LA-DIV-01.geo.tif,orthomosaic_surrogate::20210902-LA-DIV-01.geo.tif,exact_group_0075,phash_group_0075,c7f20d1a07945820210ba812b26c16ddc0bbbc650362d3c675e3478a5d2f781d,d072f0f2e2cef242,0.0,12,116,35
245ea8706cca5766d23b22b5eeb8bb35,aaa2c1bcf6c14e5dac4c8502507f00f5,525,train,Train,Hurricane Ian,1001-San-Carlos-Island.geo.tif,minor damage,1,True,False,8082,7042,8523,7495,orthomosaic::1001-San-Carlos-Island.geo.tif,orthomosaic_surrogate::1001-San-Carlos-Island.geo.tif,orthomosaic_surrogate::1001-San-Carlos-Island.geo.tif,exact_group_0076,phash_group_0076,b672682ac1c73f69849afbc6cf84e78f7dee213ba948d4901e73bd44a765dba1,9734d212f382ca3f,0.0,,,
246be884d2170bfb594ac72ceff0f33b,5d9d2ada8c484fb387932c489721c856,256,evaluation,Train,Hurricane Ian,1002-Ft-Myers-Beach-TFD.geo.tif,minor damage,1,False,True,34299,22698,35033,23532,orthomosaic::1002-Ft-Myers-Beach-TFD.geo.tif,orthomosaic_surrogate::1002-Ft-Myers-Beach-TFD.geo.tif,orthomosaic_surrogate::1002-Ft-Myers-Beach-TFD.geo.tif,exact_group_0077,phash_group_0077,9b332a46943eb4fc120cdad6211780e11ec13e871f078bb7774d06218a1df603,95355e787c03708f,0.0,37,203,61
246f430c78fc44186a91acfa602a7840,88f50565b3c04deb945bc19145cef3f7,148,evaluation,Train,Hurricane Ida,20210902-LA-DIV-01.geo.tif,major damage,2,False,True,37355,24145,38248,25101,orthomosaic::20210902-LA-DIV-01.geo.tif,orthomosaic_surrogate::20210902-LA-DIV-01.geo.tif,orthomosaic_surrogate::20210902-LA-DIV-01.geo.tif,exact_group_0078,phash_group_0078,81ea975e2710945e9770d0349c34aac74e7ac477a22698af2a70fb52b2596a86,c0d83d7af0e3c62c,0.0,10,116,35
2507f6cfe9b88e3de356c85894765e69,84f250fbbcbe4770b58275ee282461f7,188,evaluation,Train,Hurricane Ian,1002-Ft-Myers-Beach-TFD.geo.tif,no damage,0,False,True,26497,28067,26960,28492,orthomosaic::1002-Ft-Myers-Beach-TFD.geo.tif,orthomosaic_surrogate::1002-Ft-Myers-Beach-TFD.geo.tif,orthomosaic_surrogate::1002-Ft-Myers-Beach-TFD.geo.tif,exact_group_0079,phash_group_0079,06177876ebd7762ccebf9d5840dab4f2a24269968f878108556159314fce86b3,be0d4c3b51e86897,0.0,12,359,108
25b5680be5abd26469bbc4d67b96d68a,db402b8acd2c4d61860bb7deb424b623,330,evaluation,Train,Hurricane Ida,20210902-LA-DIV-01.geo.tif,major damage,2,False,True,62040,10292,62821,11041,orthomosaic::20210902-LA-DIV-01.geo.tif,orthomosaic_surrogate::20210902-LA-DIV-01.geo.tif,orthomosaic_surrogate::20210902-LA-DIV-01.geo.tif,exact_group_0080,phash_group_0080,a6d4507d2e4cbaeb7b4cecc538c5fce1cb95bf73a1a0ef58c19fe2fc8862e189,f14b3515523b0ddc,0.0,13,116,35
25e641f8648602fede03052ac24d0277,19b296dc38da427d9549719ac40ac87c,235,train,Train,Hurricane Ian,1001-San-Carlos-Island.geo.tif,minor damage,1,True,False,23630,17132,24418,17653,orthomosaic::1001-San-Carlos-Island.geo.tif,orthomosaic_surrogate::1001-San-Carlos-Island.geo.tif,orthomosaic_surrogate::1001-San-Carlos-Island.geo.tif,exact_group_0081,phash_group_0081,67d3a92915f30e2411c0dbf43dd44807beac3a12cac874c676511a71129e5828,82c374fd1a3a63c6,0.0,,,
2664e24714bedcc06e46f512cc5d25f2,92ce2220d7e047eaa97cc319fcadcabf,413,train,Train,Hurricane Ian,1001-San-Carlos-Island.geo.tif,minor damage,1,True,False,5456,4910,5958,5379,orthomosaic::1001-San-Carlos-Island.geo.tif,orthomosaic_surrogate::1001-San-Carlos-Island.geo.tif,orthomosaic_surrogate::1001-San-Carlos-Island.geo.tif,exact_group_0082,phash_group_0082,40a2400ee8632b6df174b6033ea125f01fc3b58d40e8845b0596a17606dd5e39,9eb466cd384143ee,0.0,,,
27a151ae44a358829fd738f2a569c046,d173d3b734ff49b984a441a52fa6439e,513,evaluation,Train,Hurricane Ian,1002-Ft-Myers-Beach-TFD.geo.tif,minor damage,1,False,True,51965,38500,52361,39152,orthomosaic::1002-Ft-Myers-Beach-TFD.geo.tif,orthomosaic_surrogate::1002-Ft-Myers-Beach-TFD.geo.tif,orthomosaic_surrogate::1002-Ft-Myers-Beach-TFD.geo.tif,exact_group_0083,phash_group_0083,6ec1164e411e2c90bcd61c1094db291608382ecebe6795c38176c41cc2738891,9684639c6f9867ca,0.0,2,203,61
27b985718056c0737d343dd6727b9588,4a5ac82791ba406a936d4c3a55d962a1,318,evaluation,Train,Hurricane Ian,1002-Ft-Myers-Beach-TFD.geo.tif,no damage,0,False,True,40244,30308,40973,31047,orthomosaic::1002-Ft-Myers-Beach-TFD.geo.tif,orthomosaic_surrogate::1002-Ft-Myers-Beach-TFD.geo.tif,orthomosaic_surrogate::1002-Ft-Myers-Beach-TFD.geo.tif,exact_group_0084,phash_group_0084,831a43a961c6bf96844ad0a44597461ccff8424f5db9e0f382489e6494e8a6fc,9cb1211727ee52e6,0.0,15,359,108
284f419f47180c900e7869d8a1c56608,3d7534f48ee542be99bbc5e1fcf6244b,356,train,Train,Hurricane Ian,1001-San-Carlos-Island.geo.tif,no damage,0,True,False,25891,11630,26339,11977,orthomosaic::1001-San-Carlos-Island.geo.tif,orthomosaic_surrogate::1001-San-Carlos-Island.geo.tif,orthomosaic_surrogate::1001-San-Carlos-Island.geo.tif,exact_group_0085,phash_group_0085,9798412d98859e235fc47c4ba05fd557315b84a6a620a76ff0a666c067e10287,c13f6fed16005ab1,0.0,,,
29b89e6562350a89e2a99cd39b771a73,fdd6ab88a76a421d9631e81cfdb31b11,183,evaluation,Train,Hurricane Ida,20210902-LA-DIV-01.geo.tif,minor damage,1,False,True,41456,12659,42151,13429,orthomosaic::20210902-LA-DIV-01.geo.tif,orthomosaic_surrogate::20210902-LA-DIV-01.geo.tif,orthomosaic_surrogate::20210902-LA-DIV-01.geo.tif,exact_group_0086,phash_group_0086,084fbab99f0c010b07603ec61e26effbab9cf1858edeef885ecbfb2f028f1b46,d0616ec1b59e968e,0.0,9,100,30
2a8ab18b4be1389f0ad2f05dd92948bb,6fe9d0df791643f0b7b35eb4271d1185,401,train,Train,Hurricane Ian,1001-San-Carlos-Island.geo.tif,no damage,0,True,False,28068,21674,28541,22013,orthomosaic::1001-San-Carlos-Island.geo.tif,orthomosaic_surrogate::1001-San-Carlos-Island.geo.tif,orthomosaic_surrogate::1001-San-Carlos-Island.geo.tif,exact_group_0087,phash_group_0087,493cb5d63edf000e8f4eec26e8c6e00e2649bdd6de886a30fff6565411289fbd,907d63ca1b356d1a,0.0,,,
2aa72ffe9b751fa7dd6b8ba7b15b81e7,c6e997b7eb654b5d87b9b4c50bbfa9eb,306,train,Train,Hurricane Ian,1001-San-Carlos-Island.geo.tif,minor damage,1,True,False,26677,15515,27142,15821,orthomosaic::1001-San-Carlos-Island.geo.tif,orthomosaic_surrogate::1001-San-Carlos-Island.geo.tif,orthomosaic_surrogate::1001-San-Carlos-Island.geo.tif,exact_group_0088,phash_group_0088,74576b15256e7910b53d11e8bf94d0b27a86b87e3d7379ea35119098cfc6b4ec,901d6bea4e058f7a,0.0,,,
2aab4955ba4a5e274ac8920522bfc439,63f0eb1be7554d24ac3aa060189d466d,582,evaluation,Train,Hurricane Ian,1002-Ft-Myers-Beach-TFD.geo.tif,no damage,0,False,True,53302,37636,53763,38236,orthomosaic::1002-Ft-Myers-Beach-TFD.geo.tif,orthomosaic_surrogate::1002-Ft-Myers-Beach-TFD.geo.tif,orthomosaic_surrogate::1002-Ft-Myers-Beach-TFD.geo.tif,exact_group_0089,phash_group_0089,6ee55bbee55754d570106cbeecc2e3177b570586ccb1cce7925dc03726bd844a,9471639f711a3cc6,0.0,45,359,108
2ab4b8b0cec0274d0b990aa0c367ba26,0c9984da748341d3a8ef7d7fffeb4080,163,evaluation,Train,Hurricane Ian,1002-Ft-Myers-Beach-TFD.geo.tif,destroyed,3,False,True,21539,18337,22141,18924,orthomosaic::1002-Ft-Myers-Beach-TFD.geo.tif,orthomosaic_surrogate::1002-Ft-Myers-Beach-TFD.geo.tif,orthomosaic_surrogate::1002-Ft-Myers-Beach-TFD.geo.tif,exact_group_0090,phash_group_0090,55ea3fa91854c6c10ab7976774c5c4c0e4288f5728a5b5d3e272f5c3b042e253,c9a648bb5629764e,0.0,22,148,44
2ad25081a20108f71503e32d3db8ff6f,3a5664fa57df45748ecbab1cfdb84eeb,8,train,Train,Hurricane Ian,1001-San-Carlos-Island.geo.tif,destroyed,3,True,False,13610,18740,13886,19171,orthomosaic::1001-San-Carlos-Island.geo.tif,orthomosaic_surrogate::1001-San-Carlos-Island.geo.tif,orthomosaic_surrogate::1001-San-Carlos-Island.geo.tif,exact_group_0091,phash_group_0091,15fca67d9204caaaef46255b7cc2f5b8a9d29384afb58b89d90fe506d13ab02f,963849973cb69672,0.0,,,
2b319d8c25690ccb29cbe94927e0c82b,3160bfbe237945b3ba194073b1e7cbd3,18,train,Train,Hurricane Ian,1001-San-Carlos-Island.geo.tif,minor damage,1,True,False,12965,24801,13592,25718,orthomosaic::1001-San-Carlos-Island.geo.tif,orthomosaic_surrogate::1001-San-Carlos-Island.geo.tif,orthomosaic_surrogate::1001-San-Carlos-Island.geo.tif,exact_group_0092,phash_group_0092,1577c44d2a8019f5f507aa798519ae5878263405aa07490256ae84d6fd3c29e9,969cc93661c34ea7,0.0,,,
2bdb7dd40b0bc76a3d54fa12fc1f4cca,1e6f729257c34833a9e7fda749478383,506,train,Train,Hurricane Ian,1001-San-Carlos-Island.geo.tif,no damage,0,True,False,11359,20599,11580,20902,orthomosaic::1001-San-Carlos-Island.geo.tif,orthomosaic_surrogate::1001-San-Carlos-Island.geo.tif,orthomosaic_surrogate::1001-San-Carlos-Island.geo.tif,exact_group_0093,phash_group_0093,7111c77bbf439b7100db6956237e645b2854e082a3653a4b0efb95976c1c75fc,c0246d6b68393b3f,0.0,,,
2c681b5149e19d6740ec8553f4bcf365,131545798c314409884bc2fde5c3ace7,109,train,Train,Hurricane Ian,1001-San-Carlos-Island.geo.tif,destroyed,3,True,False,15905,20981,16159,21123,orthomosaic::1001-San-Carlos-Island.geo.tif,orthomosaic_surrogate::1001-San-Carlos-Island.geo.tif,orthomosaic_surrogate::1001-San-Carlos-Island.geo.tif,exact_group_0094,phash_group_0094,56a8e48392d2f6ae9090a57fc4639173048d7d0ed7913e9c1710540682c08e78,c07c3f8163da962d,0.0,,,
2dc31fb300cd63a8c4d65a4ea9cb42c9,d70a939574924bb8a3562f212ed0721f,59,evaluation,Train,Hurricane Ida,20210902-LA-DIV-01.geo.tif,major damage,2,False,True,26344,45780,27205,46623,orthomosaic::20210902-LA-DIV-01.geo.tif,orthomosaic_surrogate::20210902-LA-DIV-01.geo.tif,orthomosaic_surrogate::20210902-LA-DIV-01.geo.tif,exact_group_0095,phash_group_0095,9771e261df3a091a737715cb6e78fc035ab22309dbb92d2e76cbb96a772c814f,8642279f767b6a30,0.0,35,116,35
2dd4238fcf68d10cafff96dd1f216153,2dfadfbbe6514177bf00443071ec245b,442,evaluation,Train,Hurricane Ian,1002-Ft-Myers-Beach-TFD.geo.tif,destroyed,3,False,True,45026,42316,45492,42775,orthomosaic::1002-Ft-Myers-Beach-TFD.geo.tif,orthomosaic_surrogate::1002-Ft-Myers-Beach-TFD.geo.tif,orthomosaic_surrogate::1002-Ft-Myers-Beach-TFD.geo.tif,exact_group_0096,phash_group_0096,e8cceaa4da21fd102759b478a583c74aba604f89c1b08440955c5faadb6b0da0,9fbeee306105099b,0.0,37,148,44
2df4746de82e34c2a0877c77523f5b2e,2c76d27b9be74eb48bd4840d54fe94ab,218,evaluation,Train,Hurricane Ian,1002-Ft-Myers-Beach-TFD.geo.tif,minor damage,1,False,True,31148,24773,31690,25372,orthomosaic::1002-Ft-Myers-Beach-TFD.geo.tif,orthomosaic_surrogate::1002-Ft-Myers-Beach-TFD.geo.tif,orthomosaic_surrogate::1002-Ft-Myers-Beach-TFD.geo.tif,exact_group_0097,phash_group_0097,52defcb8873792ec14eaeeef9cd4aa39e8a3f932c773bc1e6a308f7e23062d94,91b461c146feceb1,0.0,25,203,61
2e71be6cfd7a15d789101a04e21682a5,b14ad4d9a7d140528d05a71d45853703,446,evaluation,Train,Hurricane Ian,1002-Ft-Myers-Beach-TFD.geo.tif,destroyed,3,False,True,46103,43096,46633,43619,orthomosaic::1002-Ft-Myers-Beach-TFD.geo.tif,orthomosaic_surrogate::1002-Ft-Myers-Beach-TFD.geo.tif,orthomosaic_surrogate::1002-Ft-Myers-Beach-TFD.geo.tif,exact_group_0098,phash_group_0098,0f38bc281e235b9ece27e8c117408a30afd73f4e3788e053408896408f3fe0c1,d0b32e73e4447a66,0.0,7,148,44
2e7b3c5a181341bba92513edd9d50983,dd6b2707cd524f1c82ee3183fa4048ec,376,train,Train,Hurricane Ian,1001-San-Carlos-Island.geo.tif,minor damage,1,True,False,28040,20770,28501,21141,orthomosaic::1001-San-Carlos-Island.geo.tif,orthomosaic_surrogate::1001-San-Carlos-Island.geo.tif,orthomosaic_surrogate::1001-San-Carlos-Island.geo.tif,exact_group_0099,phash_group_0099,4be5b4f0c043a4f08cca65e440a78773ee8cbcc2430bddd48da4c48ddf39e803,84476bb771d3071c,0.0,,,
2f822d409249ea99114d4a6fb4620ae4,ab3c4e7ed31640fc9ee48dc6afb440e1,69,train,Train,Hurricane Ida,20210901-Cocodrie-1.geo.tif,destroyed,3,True,False,18742,4604,19416,5274,orthomosaic::20210901-Cocodrie-1.geo.tif,orthomosaic_surrogate::20210901-Cocodrie-1.geo.tif,orthomosaic_surrogate::20210901-Cocodrie-1.geo.tif,exact_group_0100,phash_group_0100,1dfe6de5a89e39ec99b1d001051a5e34ff99436b593d6eaf942b166e2201c960,932495f15dc7701e,0.0,,,
2f91d6b05bab0cf7e72497763dbb5299,ca2054db4d0a484f8d1054bd9c2fbfca,288,evaluation,Train,Hurricane Ian,1002-Ft-Myers-Beach-TFD.geo.tif,minor damage,1,False,True,38835,22069,39528,22674,orthomosaic::1002-Ft-Myers-Beach-TFD.geo.tif,orthomosaic_surrogate::1002-Ft-Myers-Beach-TFD.geo.tif,orthomosaic_surrogate::1002-Ft-Myers-Beach-TFD.geo.tif,exact_group_0101,phash_group_0101,2749de082086f279db742ac4a1aba9bd33950cd39099de318489e2aa4b498c94,86ab7c0971576ab4,0.0,52,203,61
302991a910416e9687a957c022f9b19a,440169172da64f34aa36641b89146dd0,702,evaluation,Train,Hurricane Ian,1002-Ft-Myers-Beach-TFD.geo.tif,minor damage,1,False,True,61562,44678,62418,45446,orthomosaic::1002-Ft-Myers-Beach-TFD.geo.tif,orthomosaic_surrogate::1002-Ft-Myers-Beach-TFD.geo.tif,orthomosaic_surrogate::1002-Ft-Myers-Beach-TFD.geo.tif,exact_group_0102,phash_group_0102,55225e09104c68ee1ae3b8a86907140cbdf0957b803c3cd8afc7bac1f959eae7,a2014afd7cfa01af,0.0,38,203,61
303b519aed0e57f170877d741cd9ae11,6c23b63eb3df4297b43d903c0743cafd,44,train,Train,Hurricane Ida,20210901-Cocodrie-1.geo.tif,no damage,0,True,False,18333,16541,18737,16781,orthomosaic::20210901-Cocodrie-1.geo.tif,orthomosaic_surrogate::20210901-Cocodrie-1.geo.tif,orthomosaic_surrogate::20210901-Cocodrie-1.geo.tif,exact_group_0103,phash_group_0103,10c5bf5018992235cef165e1440768311d7061ca97cfb3f766529e37c373e0aa,d5d52a2a292ad5d5,0.0,,,
30c5c4ec7a6e1c1e30eadae6351c9491,e7bb18c03b644436a75ed82d68561d82,519,train,Train,Hurricane Ian,1001-San-Carlos-Island.geo.tif,no damage,0,True,False,10763,17078,11143,17444,orthomosaic::1001-San-Carlos-Island.geo.tif,orthomosaic_surrogate::1001-San-Carlos-Island.geo.tif,orthomosaic_surrogate::1001-San-Carlos-Island.geo.tif,exact_group_0104,phash_group_0104,53ea4b33afa2f6d9b8209b57ed1b91415940750997783fe4c8c35d9a6e6f0eb8,80077e783c991fdc,0.0,,,
31bd88a38771516e154dbaf249a20fdb,bad6004cf2ad475a828c1c059117115b,159,evaluation,Train,Hurricane Ida,20210902-LA-DIV-01.geo.tif,major damage,2,False,True,38724,31875,39561,32682,orthomosaic::20210902-LA-DIV-01.geo.tif,orthomosaic_surrogate::20210902-LA-DIV-01.geo.tif,orthomosaic_surrogate::20210902-LA-DIV-01.geo.tif,exact_group_0105,phash_group_0105,56c87fcf2e4a18c3f1386abd217b5a492bba205ebcbfc8393c89a34faaa3aca2,c4e2322727b23b9b,0.0,22,116,35
31e36c845d2234640804b984ed7d3f9b,8185d0fc410f45a9903bfd8b6f9a364a,659,evaluation,Train,Hurricane Ian,1002-Ft-Myers-Beach-TFD.geo.tif,minor damage,1,False,True,57306,48382,57859,48927,orthomosaic::1002-Ft-Myers-Beach-TFD.geo.tif,orthomosaic_surrogate::1002-Ft-Myers-Beach-TFD.geo.tif,orthomosaic_surrogate::1002-Ft-Myers-Beach-TFD.geo.tif,exact_group_0106,phash_group_0106,3ed5505e0b79cd677e4d29e1dc547a6ca26484b306dd57a125d85cc3ad40722b,9d92391b4171f746,0.0,40,203,61
31f50000aadf1d5f2d16ed70acd602fb,0f30a5234b9741f3a71771189765231d,472,evaluation,Train,Hurricane Ian,1002-Ft-Myers-Beach-TFD.geo.tif,no damage,0,False,True,48494,41614,48817,41934,orthomosaic::1002-Ft-Myers-Beach-TFD.geo.tif,orthomosaic_surrogate::1002-Ft-Myers-Beach-TFD.geo.tif,orthomosaic_surrogate::1002-Ft-Myers-Beach-TFD.geo.tif,exact_group_0107,phash_group_0107,43b2470047727978f34beab90bfcb2b6c8933e4d10714d7bd7ff7b21dd3a37d4,b3b039e6f050c4f3,0.0,97,359,108
32584cb3613b0ed1638a3eb254b754bc,1eb3be2a80b1452baf2dc1b508d4a53e,624,evaluation,Train,Hurricane Ian,1002-Ft-Myers-Beach-TFD.geo.tif,minor damage,1,False,True,57058,36324,57665,36669,orthomosaic::1002-Ft-Myers-Beach-TFD.geo.tif,orthomosaic_surrogate::1002-Ft-Myers-Beach-TFD.geo.tif,orthomosaic_surrogate::1002-Ft-Myers-Beach-TFD.geo.tif,exact_group_0108,phash_group_0108,eace1357575d1be2b3ee08deb2e0e1278108823bd7b6cc527bbf720131b1bf86,ff4340bf0680ff42,0.0,59,203,61
3290d767df18ad6b4e647c796acdeacd,6adbb3816bec4b678aed711fa5882178,10,evaluation,Train,Hurricane Ian,1002-Ft-Myers-Beach-TFD.geo.tif,minor damage,1,False,True,12700,12672,13369,13220,orthomosaic::1002-Ft-Myers-Beach-TFD.geo.tif,orthomosaic_surrogate::1002-Ft-Myers-Beach-TFD.geo.tif,orthomosaic_surrogate::1002-Ft-Myers-Beach-TFD.geo.tif,exact_group_0109,phash_group_0109,ae8835775a4982113c0bf8dff447581063c40378772d04cd89a9ca3d76b3f9ae,8dc8782d6b351753,0.0,58,203,61
32b3dd1da44b496fbae9bf0c09a8b634,ac35e1cee0dc489bab4d2d2a638c8fdb,272,train,Train,Hurricane Ian,1001-San-Carlos-Island.geo.tif,no damage,0,True,False,23770,20903,24135,21210,orthomosaic::1001-San-Carlos-Island.geo.tif,orthomosaic_surrogate::1001-San-Carlos-Island.geo.tif,orthomosaic_surrogate::1001-San-Carlos-Island.geo.tif,exact_group_0110,phash_group_0110,c0957f861b8d4d04e6814f4458f1a4b43fdf38df96bb1341731b08e055943651,d33426ef69c114cb,0.0,,,
334e51b11830698a917062d0f3c04446,17fa285dfbb5405693876454aa79d132,427,train,Train,Hurricane Ian,1001-San-Carlos-Island.geo.tif,major damage,2,True,False,5817,10781,6396,11307,orthomosaic::1001-San-Carlos-Island.geo.tif,orthomosaic_surrogate::1001-San-Carlos-Island.geo.tif,orthomosaic_surrogate::1001-San-Carlos-Island.geo.tif,exact_group_0111,phash_group_0111,99d13b7ce54d15fb0586b101777f1dc414ed0bf931e27f0c023f679bb3e54782,b82a469d72466dcd,0.0,,,
3392abcf7cbf7f9ebb6b46111bc3e0a9,4aad9d05a95640f896796105ca192960,565,evaluation,Train,Hurricane Ian,1002-Ft-Myers-Beach-TFD.geo.tif,destroyed,3,False,True,51707,48168,52108,48695,orthomosaic::1002-Ft-Myers-Beach-TFD.geo.tif,orthomosaic_surrogate::1002-Ft-Myers-Beach-TFD.geo.tif,orthomosaic_surrogate::1002-Ft-Myers-Beach-TFD.geo.tif,exact_group_0112,phash_group_0112,5e31cc473eb0bf31cf6fd7633dcf894d19c2485bdef39eb6263ebc91044a14e6,90e1371bf8271de1,0.0,29,148,44
34353b9eda3d395507529f405a89c898,9490b1cd4c5444768def3076440ccc22,550,train,Train,Hurricane Ian,1001-San-Carlos-Island.geo.tif,no damage,0,True,False,9684,16276,10075,16828,orthomosaic::1001-San-Carlos-Island.geo.tif,orthomosaic_surrogate::1001-San-Carlos-Island.geo.tif,orthomosaic_surrogate::1001-San-Carlos-Island.geo.tif,exact_group_0113,phash_group_0113,e49fefd89dd3ec3e6717cdd1044c80a4e205d2997f979cc91bfcbf3b5e8be132,91b6250f694d725b,0.0,,,
343863fc4c337aa0691a6763cf7500c4,fcb7e2ae9f1b496f8d6f7d4e409e4867,282,evaluation,Train,Hurricane Ida,20210902-LA-DIV-01.geo.tif,no damage,0,False,True,54668,6078,55283,6661,orthomosaic::20210902-LA-DIV-01.geo.tif,orthomosaic_surrogate::20210902-LA-DIV-01.geo.tif,orthomosaic_surrogate::20210902-LA-DIV-01.geo.tif,exact_group_0114,phash_group_0114,30ece492d1169772310765625a7ae2328f027e56e878ad885665b202190adb56,d3642bb6339a1b89,0.0,16,57,17
34539e6ab76ac2c364a018f496f1917d,3e368ecf504d4de18e91440ddac906c8,340,train,Train,Hurricane Ian,1001-San-Carlos-Island.geo.tif,minor damage,1,True,False,25893,19878,26411,20300,orthomosaic::1001-San-Carlos-Island.geo.tif,orthomosaic_surrogate::1001-San-Carlos-Island.geo.tif,orthomosaic_surrogate::1001-San-Carlos-Island.geo.tif,exact_group_0115,phash_group_0115,07141424850a9d66ff3abab05c44a0b2844d5936bafa5ca7477f7de6f2c59f2d,a41f75c94b125bb2,0.0,,,
34ddffc8a41de94db82847fe48b9d5c3,2ecb724e3f0449ee8b8f768877f37945,667,evaluation,Train,Hurricane Ian,1002-Ft-Myers-Beach-TFD.geo.tif,minor damage,1,False,True,7714,11979,8317,12598,orthomosaic::1002-Ft-Myers-Beach-TFD.geo.tif,orthomosaic_surrogate::1002-Ft-Myers-Beach-TFD.geo.tif,orthomosaic_surrogate::1002-Ft-Myers-Beach-TFD.geo.tif,exact_group_0116,phash_group_0116,7d7f40fe9497bc6a4bf5c7cddd0b1dfa030ce3641a1efb07dfdca267079c4ea8,cc5a2b2bec249eaa,0.0,3,203,61
35429a5a41d59b49f087823fbe357139,e1e2011ef5fc4a7087b33b736f3dcb01,19,train,Train,Hurricane Ida,20210901-Cocodrie-1.geo.tif,major damage,2,True,False,17435,16320,17696,16567,orthomosaic::20210901-Cocodrie-1.geo.tif,orthomosaic_surrogate::20210901-Cocodrie-1.geo.tif,orthomosaic_surrogate::20210901-Cocodrie-1.geo.tif,exact_group_0117,phash_group_0117,eeadcf1a1e7e71e1480cda76bc23a00bdcede5191f697a2c1ee5ce4b2aee44dd,f0e503b87b1726f0,0.0,,,
35666a8dfd0d9b780832592820c37899,b3d6da6687b64fe9975232426ba9d490,588,evaluation,Train,Hurricane Ian,1002-Ft-Myers-Beach-TFD.geo.tif,minor damage,1,False,True,53968,39328,54436,39835,orthomosaic::1002-Ft-Myers-Beach-TFD.geo.tif,orthomosaic_surrogate::1002-Ft-Myers-Beach-TFD.geo.tif,orthomosaic_surrogate::1002-Ft-Myers-Beach-TFD.geo.tif,exact_group_0118,phash_group_0118,50454eeb3549467d3333b2fe093afc62727f1a77c45aa78c6dcc123fdd92f2be,95f60dd229c2b867,0.0,44,203,61
356d970e8178428108a5f40ac39172c0,a541cdfc398f48649432842c2368c7ee,103,evaluation,Train,Hurricane Ian,1002-Ft-Myers-Beach-TFD.geo.tif,no damage,0,False,True,15711,6127,16450,6866,orthomosaic::1002-Ft-Myers-Beach-TFD.geo.tif,orthomosaic_surrogate::1002-Ft-Myers-Beach-TFD.geo.tif,orthomosaic_surrogate::1002-Ft-Myers-Beach-TFD.geo.tif,exact_group_0119,phash_group_0119,554902c05d3cd830b52902f38766e173a2f96bebb09a67cfaa15832edcf46c16,8dfd78d5a150652a,0.0,94,359,108
357ee7ef373b9ee0478883fddc5c2b00,7a8e0204e7e5466e99e228d63f2df928,216,evaluation,Train,Hurricane Ian,1002-Ft-Myers-Beach-TFD.geo.tif,no damage,0,False,True,29957,21663,30520,22492,orthomosaic::1002-Ft-Myers-Beach-TFD.geo.tif,orthomosaic_surrogate::1002-Ft-Myers-Beach-TFD.geo.tif,orthomosaic_surrogate::1002-Ft-Myers-Beach-TFD.geo.tif,exact_group_0120,phash_group_0120,999f544444f616258bdd85b1b4b67231728a03f02bcd594f4ce4d281c952f9f9,913c64e5694b9adc,0.0,62,359,108
35aeb5766694f28b466896597ea653b3,5b090dc34fde4e01a2e6a39bcb90593c,26,evaluation,Train,Hurricane Ida,20210902-LA-DIV-01.geo.tif,destroyed,3,False,True,20836,41485,22108,42862,orthomosaic::20210902-LA-DIV-01.geo.tif,orthomosaic_surrogate::20210902-LA-DIV-01.geo.tif,orthomosaic_surrogate::20210902-LA-DIV-01.geo.tif,exact_group_0121,phash_group_0121,78e608308802152aac20f0dc2513b0060a55fdbf1a8cec2784b931d220cf53fa,c11cc9cfb8e33c70,0.0,12,69,21
36163285db6a400453a8a807844e3b71,b982913d24bb4a8e833f7565fcaba083,649,evaluation,Train,Hurricane Ian,1002-Ft-Myers-Beach-TFD.geo.tif,major damage,2,False,True,55412,44384,56024,44503,orthomosaic::1002-Ft-Myers-Beach-TFD.geo.tif,orthomosaic_surrogate::1002-Ft-Myers-Beach-TFD.geo.tif,orthomosaic_surrogate::1002-Ft-Myers-Beach-TFD.geo.tif,exact_group_0122,phash_group_0122,7e875dfa22da09b243008f78664fb7fe51f75bc25c5754c637265e19bc577c0a,c4d83b27c4da3e25,0.0,11,51,15
367f85ea4bc75cbb512b9377bccf75d2,acd9780fac924e2598753b69c4110f6d,160,train,Train,Hurricane Ian,1001-San-Carlos-Island.geo.tif,no damage,0,True,False,22604,13107,22969,13431,orthomosaic::1001-San-Carlos-Island.geo.tif,orthomosaic_surrogate::1001-San-Carlos-Island.geo.tif,orthomosaic_surrogate::1001-San-Carlos-Island.geo.tif,exact_group_0123,phash_group_0123,1a07d28bca6de2bd4b535ab4cfc028635fcaa0d1f6a9ca904ae61f4663c94131,835a2be077c5468f,0.0,,,
3687648f349f56f70c96bc4a675b3e30,a0dd0c38debf4972be445e78be143258,279,train,Train,Hurricane Ian,1001-San-Carlos-Island.geo.tif,minor damage,1,True,False,27401,23374,27754,23602,orthomosaic::1001-San-Carlos-Island.geo.tif,orthomosaic_surrogate::1001-San-Carlos-Island.geo.tif,orthomosaic_surrogate::1001-San-Carlos-Island.geo.tif,exact_group_0124,phash_group_0124,1ff1b2dd72f09b08a4fd4d300983f7e627245a6b2247e92d7486fc6b568a74b5,85373b48f0cf8d31,0.0,,,
37955dea8a833298b16d6365d91e76b5,e1433d2168394c43aeec67bbb358030d,167,train,Train,Hurricane Ian,1001-San-Carlos-Island.geo.tif,no damage,0,True,False,21569,13891,21961,14191,orthomosaic::1001-San-Carlos-Island.geo.tif,orthomosaic_surrogate::1001-San-Carlos-Island.geo.tif,orthomosaic_surrogate::1001-San-Carlos-Island.geo.tif,exact_group_0125,phash_group_0125,6e1638be3503999c1c8d0de82c2e01882a3e77267924baed64bedee952264c2b,952e6a515bc25cd5,0.0,,,
379b25346e5e9e517b3d113b3775ddc0,3041988f848d44f1abb57729aeff695f,344,train,Train,Hurricane Ian,1001-San-Carlos-Island.geo.tif,no damage,0,True,False,27319,19609,27791,19904,orthomosaic::1001-San-Carlos-Island.geo.tif,orthomosaic_surrogate::1001-San-Carlos-Island.geo.tif,orthomosaic_surrogate::1001-San-Carlos-Island.geo.tif,exact_group_0126,phash_group_0126,79d0ce070d3f262c6426a47ff2a4525461c3db38b2d4e4d15cd3fd87b8f8cf4c,973466cb081ff871,0.0,,,
387e11eab5ebdc8ca5b0cd45d4b7aac7,5bb7feb7cf5c4e8cad0246a0788b474e,289,evaluation,Train,Hurricane Ian,1002-Ft-Myers-Beach-TFD.geo.tif,no damage,0,False,True,38014,21780,38747,22650,orthomosaic::1002-Ft-Myers-Beach-TFD.geo.tif,orthomosaic_surrogate::1002-Ft-Myers-Beach-TFD.geo.tif,orthomosaic_surrogate::1002-Ft-Myers-Beach-TFD.geo.tif,exact_group_0127,phash_group_0127,79e4215b78b20da5a3d5c45f97667c8ff02e1d3573470d460f9bb06f3dfce6ef,d41e4b1a3cc8e6b5,0.0,13,359,108
388d66420f0220d9aa2b1689f931f2a1,4dd425bf6a0849169c04bba2957e953c,142,train,Train,Hurricane Ian,1001-San-Carlos-Island.geo.tif,major damage,2,True,False,3526,5776,4080,6294,orthomosaic::1001-San-Carlos-Island.geo.tif,orthomosaic_surrogate::1001-San-Carlos-Island.geo.tif,orthomosaic_surrogate::1001-San-Carlos-Island.geo.tif,exact_group_0128,phash_group_0128,b857da3fc167457d05f92619d8b81e023c919f7a162a568a4e7e8d78e52a49ae,88273f187fb671c0,0.0,,,
38d1fdd5eed4599ebffb6df72d3e9f15,15b1e6782b36495499046c93e0f95851,747,evaluation,Train,Hurricane Ian,1002-Ft-Myers-Beach-TFD.geo.tif,no damage,0,False,True,8225,8324,8777,8881,orthomosaic::1002-Ft-Myers-Beach-TFD.geo.tif,orthomosaic_surrogate::1002-Ft-Myers-Beach-TFD.geo.tif,orthomosaic_surrogate::1002-Ft-Myers-Beach-TFD.geo.tif,exact_group_0129,phash_group_0129,46e15b9f946d379b870aa65bf864cb8d94ec992c8b99a40f3d4cb1a9e3bf4f17,974e223e6a3ba8e8,0.0,98,359,108
39d244de75dc6c183449f87ba4308234,14e668a22f374f4fa37e398df3ae569d,225,evaluation,Train,Hurricane Ida,20210902-LA-DIV-01.geo.tif,minor damage,1,False,True,49238,14329,49865,14966,orthomosaic::20210902-LA-DIV-01.geo.tif,orthomosaic_surrogate::20210902-LA-DIV-01.geo.tif,orthomosaic_surrogate::20210902-LA-DIV-01.geo.tif,exact_group_0130,phash_group_0130,e2dcce1952a3f66131068f76183338178f5de7401d005922bd490a4ad5f4e257,987a67e40ecc1979,0.0,13,100,30
3a06d197f56d6c7827ca8eea3fdb3d15,a6a70647ef9c4538a11420e7ca85ecd7,223,evaluation,Train,Hurricane Ian,1002-Ft-Myers-Beach-TFD.geo.tif,destroyed,3,False,True,29448,26866,30068,27572,orthomosaic::1002-Ft-Myers-Beach-TFD.geo.tif,orthomosaic_surrogate::1002-Ft-Myers-Beach-TFD.geo.tif,orthomosaic_surrogate::1002-Ft-Myers-Beach-TFD.geo.tif,exact_group_0131,phash_group_0131,87106079f0760e42449b31fc84b903c455a421e03f8ed2f74eae38c37df36ed3,953d7ce18e469907,0.0,39,148,44
3a4ebd5526ceba19cb69e23cd46ad646,f1f130ee4f5748d9a4c2fd055acaf75d,0,evaluation,Train,Hurricane Ida,20210902-LA-DIV-01.geo.tif,major damage,2,False,True,11144,57130,11774,57727,orthomosaic::20210902-LA-DIV-01.geo.tif,orthomosaic_surrogate::20210902-LA-DIV-01.geo.tif,orthomosaic_surrogate::20210902-LA-DIV-01.geo.tif,exact_group_0132,phash_group_0132,9ee2abeccab78acf94236a83156ccfd1e24250165d36034f3e645fcc29fdb2ef,8a5c37ad0ea256f1,0.0,15,116,35
3a61cf84db0bb0016cd88cd8a15ac446,42706b2e54594e2684e459a1c50cf106,121,train,Train,Hurricane Ian,1001-San-Carlos-Island.geo.tif,minor damage,1,True,False,16923,14371,17503,14729,orthomosaic::1001-San-Carlos-Island.geo.tif,orthomosaic_surrogate::1001-San-Carlos-Island.geo.tif,orthomosaic_surrogate::1001-San-Carlos-Island.geo.tif,exact_group_0133,phash_group_0133,07abe75c6f8462bdf142fa0be17470a810cbd9c139bc6934168a14c5ef732905,a2155fea7669a914,0.0,,,
3a8de4dd5d093278e900980d2444ca8a,2937c674222b46099174f756b0bf5124,242,evaluation,Train,Hurricane Ian,1002-Ft-Myers-Beach-TFD.geo.tif,destroyed,3,False,True,32305,30139,33130,31013,orthomosaic::1002-Ft-Myers-Beach-TFD.geo.tif,orthomosaic_surrogate::1002-Ft-Myers-Beach-TFD.geo.tif,orthomosaic_surrogate::1002-Ft-Myers-Beach-TFD.geo.tif,exact_group_0134,phash_group_0134,edd1f25ea3bfadd7d81710069be5eae7714cbffd72383e77aa5fba57819bdba0,cc1f9354b66cacc8,0.0,3,148,44
3aee0bcfae1ec1f5c14972e2447504ba,5f89434fab4842f9b715830f95151bad,107,evaluation,Train,Hurricane Ian,1002-Ft-Myers-Beach-TFD.geo.tif,minor damage,1,False,True,16433,10558,17005,11045,orthomosaic::1002-Ft-Myers-Beach-TFD.geo.tif,orthomosaic_surrogate::1002-Ft-Myers-Beach-TFD.geo.tif,orthomosaic_surrogate::1002-Ft-Myers-Beach-TFD.geo.tif,exact_group_0135,phash_group_0135,7637b946b79a550cc2da95a71d29311b46a68a54d6080c157f213dd8fc1c111c,eb433d8a01bc1ef1,0.0,36,203,61
3bad2958542844c0db2c424b46a0ace0,3ec8f2276ae5483e8314fe981dc38bd4,284,train,Train,Hurricane Ian,1001-San-Carlos-Island.geo.tif,minor damage,1,True,False,26076,21728,26474,22130,orthomosaic::1001-San-Carlos-Island.geo.tif,orthomosaic_surrogate::1001-San-Carlos-Island.geo.tif,orthomosaic_surrogate::1001-San-Carlos-Island.geo.tif,exact_group_0136,phash_group_0136,47e713e50705c57f04653854019dfcc8d6d1c9a57faf4c1ab45d93a45432a2dd,d0c372931b1e971e,0.0,,,
3bd3975dd403bcfa1fa8e1b6a0b56b97,d85e9588257549e0b4fe65253130f454,463,train,Train,Hurricane Ian,1001-San-Carlos-Island.geo.tif,minor damage,1,True,False,8731,20350,8900,20687,orthomosaic::1001-San-Carlos-Island.geo.tif,orthomosaic_surrogate::1001-San-Carlos-Island.geo.tif,orthomosaic_surrogate::1001-San-Carlos-Island.geo.tif,exact_group_0137,phash_group_0137,183256c50fac47a87b14583551f2da38cda22316974f994e5175ca950d5b50e4,9a67666664666c69,0.0,,,
3c487aa72efb7a25cc0ea3914c1f0305,e00618b092f94c51a38b4d47402bba9c,82,evaluation,Train,Hurricane Ian,1002-Ft-Myers-Beach-TFD.geo.tif,minor damage,1,False,True,16234,13719,16995,14454,orthomosaic::1002-Ft-Myers-Beach-TFD.geo.tif,orthomosaic_surrogate::1002-Ft-Myers-Beach-TFD.geo.tif,orthomosaic_surrogate::1002-Ft-Myers-Beach-TFD.geo.tif,exact_group_0138,phash_group_0138,09a4f338a8a2a0d577e523b07c7f9216eb486bdca5c7fb3283dd1c4e6dece0db,904237ca1ebf6ab8,0.0,17,203,61
3cae8df19954c20b882fbcd6d3eabde2,70d0eaf8f9d44f929108dadb1db8bd35,218,train,Train,Hurricane Ian,1001-San-Carlos-Island.geo.tif,minor damage,1,True,False,24553,21121,25078,21498,orthomosaic::1001-San-Carlos-Island.geo.tif,orthomosaic_surrogate::1001-San-Carlos-Island.geo.tif,orthomosaic_surrogate::1001-San-Carlos-Island.geo.tif,exact_group_0139,phash_group_0139,7efb414e7b4627241e20fb267e6d2b2543e91a5accb744bf291284ce9e6f2c71,876e7e9079912363,0.0,,,
3ce71cc5649ec5103cfe85c36a3e89b2,dd5a1daab2a54d91875704c5164c2187,483,evaluation,Train,Hurricane Ian,1002-Ft-Myers-Beach-TFD.geo.tif,destroyed,3,False,True,48529,45584,49445,46490,orthomosaic::1002-Ft-Myers-Beach-TFD.geo.tif,orthomosaic_surrogate::1002-Ft-Myers-Beach-TFD.geo.tif,orthomosaic_surrogate::1002-Ft-Myers-Beach-TFD.geo.tif,exact_group_0140,phash_group_0140,256a3810fd474c86ae508514847ecbad8b3b1cf442f4ecd8f6c4b2a0510f1581,c8355ad2b24aa9eb,0.0,13,148,44
3d8178bb2504adbf0bc2dfaae5b3e69b,f8351b79bd914deb8178aa57ebb46a1e,538,evaluation,Train,Hurricane Ian,1002-Ft-Myers-Beach-TFD.geo.tif,no damage,0,False,True,49190,44332,49806,44934,orthomosaic::1002-Ft-Myers-Beach-TFD.geo.tif,orthomosaic_surrogate::1002-Ft-Myers-Beach-TFD.geo.tif,orthomosaic_surrogate::1002-Ft-Myers-Beach-TFD.geo.tif,exact_group_0141,phash_group_0141,37d2f934696dd5b691e5ee86a20f71969f5dfe119d6ce695dd3a4a2aeb191b54,9bb668d6a50c1ce9,0.0,46,359,108
3db9236b5c13bcfeb087158486a83189,724f2997cdcf45fdb2fc6589b04b1499,208,evaluation,Train,Hurricane Ida,20210902-LA-DIV-01.geo.tif,major damage,2,False,True,47378,14632,47792,15045,orthomosaic::20210902-LA-DIV-01.geo.tif,orthomosaic_surrogate::20210902-LA-DIV-01.geo.tif,orthomosaic_surrogate::20210902-LA-DIV-01.geo.tif,exact_group_0142,phash_group_0142,14e21daef55e34d424733d150223fc85fd8634ab1a0a4081db16c572d704e6fd,c4ca2d643d36f61a,0.0,27,116,35
3dcfd7fe3ec8ed299a5b80c935d5257d,539a4ae5288e44dfa96480a8d0f0d695,48,train,Train,Hurricane Ian,1001-San-Carlos-Island.geo.tif,destroyed,3,True,False,13735,20134,13915,20454,orthomosaic::1001-San-Carlos-Island.geo.tif,orthomosaic_surrogate::1001-San-Carlos-Island.geo.tif,orthomosaic_surrogate::1001-San-Carlos-Island.geo.tif,exact_group_0143,phash_group_0143,99197c393d701f6cf5b25d2833b8c0bdb4c4626200a6a2e6adfa438bb787be0e,8638b66c98671d79,0.0,,,
3e7e7fc9d2f976b899189781e617eefa,152cf55a7fc74db0890acf2b25c43e6a,192,train,Train,Hurricane Ian,1001-San-Carlos-Island.geo.tif,major damage,2,True,False,22798,26786,23068,27318,orthomosaic::1001-San-Carlos-Island.geo.tif,orthomosaic_surrogate::1001-San-Carlos-Island.geo.tif,orthomosaic_surrogate::1001-San-Carlos-Island.geo.tif,exact_group_0144,phash_group_0144,d0fbd6bacdedf71b2edfaa292c3fbd5673d957a767f6da53c4506cd3ea4c9127,93cf6d363126316c,0.0,,,
407b8e39ea5d89480fd780faa69823f3,72c69fb6ff3045ee8d03f27ecb6d8d8a,173,evaluation,Train,Hurricane Ida,20210902-LA-DIV-01.geo.tif,major damage,2,False,True,41262,29330,42025,30078,orthomosaic::20210902-LA-DIV-01.geo.tif,orthomosaic_surrogate::20210902-LA-DIV-01.geo.tif,orthomosaic_surrogate::20210902-LA-DIV-01.geo.tif,exact_group_0145,phash_group_0145,949b216132e4166ca86c198450a8d0f2ca2969dffa58ca0e28617c793db053a6,c161629787523dbd,0.0,29,116,35
40bba80d445a4ae0d92f077bb3c14f19,31b7183fac00487bac2dbc2117ecf842,203,evaluation,Train,Hurricane Ian,1002-Ft-Myers-Beach-TFD.geo.tif,no damage,0,False,True,29123,24626,29693,25214,orthomosaic::1002-Ft-Myers-Beach-TFD.geo.tif,orthomosaic_surrogate::1002-Ft-Myers-Beach-TFD.geo.tif,orthomosaic_surrogate::1002-Ft-Myers-Beach-TFD.geo.tif,exact_group_0146,phash_group_0146,f1e3cb9081e8db3a4be94dec6ad0ad61e17dbf75133bcfd222d3fa4fabd9b8d1,953173e0e31fc463,0.0,79,359,108
414c250c662b149125c683e566dbe2b4,b4d8c548ae414d23afdc991d65d19d47,3,train,Train,Hurricane Ida,20210901-Cocodrie-1.geo.tif,minor damage,1,True,False,15189,32994,15635,33759,orthomosaic::20210901-Cocodrie-1.geo.tif,orthomosaic_surrogate::20210901-Cocodrie-1.geo.tif,orthomosaic_surrogate::20210901-Cocodrie-1.geo.tif,exact_group_0147,phash_group_0147,3a113c0bde402f20bfc1df188163789cb207b4c1976d80120b1c8bed76eef89a,c71976623ccd7432,0.0,,,
42739ae74cff29630c1966b5d26864ca,c94be039c0694c4ba14bc34db1bf85fc,662,evaluation,Train,Hurricane Ian,1002-Ft-Myers-Beach-TFD.geo.tif,no damage,0,False,True,56687,49466,57308,50072,orthomosaic::1002-Ft-Myers-Beach-TFD.geo.tif,orthomosaic_surrogate::1002-Ft-Myers-Beach-TFD.geo.tif,orthomosaic_surrogate::1002-Ft-Myers-Beach-TFD.geo.tif,exact_group_0148,phash_group_0148,fc0b99b281a0bc0e8e12d321f1e603c4d22497d326448606e6d2ab66d9973229,b3846173676e46c5,0.0,52,359,108
430de6f926a3cfab0ced66eaaa70ed76,72bbe21c781f46e68e00bd1f43b433a7,126,train,Train,Hurricane Ian,1001-San-Carlos-Island.geo.tif,minor damage,1,True,False,16388,22020,16564,22257,orthomosaic::1001-San-Carlos-Island.geo.tif,orthomosaic_surrogate::1001-San-Carlos-Island.geo.tif,orthomosaic_surrogate::1001-San-Carlos-Island.geo.tif,exact_group_0149,phash_group_0149,3efb3944c6827fb92c58f9477256e08cc4bd0fd27a24d7206b6f3ef2e8f4d14e,d03e6d3c2f2d3069,0.0,,,
4321a212f215d5530236faa3660b8a2e,44613771992e4cada124ca1b026365a6,202,evaluation,Train,Hurricane Ian,1002-Ft-Myers-Beach-TFD.geo.tif,minor damage,1,False,True,28802,24204,29441,24874,orthomosaic::1002-Ft-Myers-Beach-TFD.geo.tif,orthomosaic_surrogate::1002-Ft-Myers-Beach-TFD.geo.tif,orthomosaic_surrogate::1002-Ft-Myers-Beach-TFD.geo.tif,exact_group_0150,phash_group_0150,6e65c0848e9ddd988cf1a4eaa8755262989d6e5dac7a2e2bc574845e6cfa944f,91346b52b70ed07d,0.0,34,203,61
435439358d45fed7b5ed038ffdda2e46,55a35271fe26447fa4ee2df02870b043,139,train,Train,Hurricane Ian,1001-San-Carlos-Island.geo.tif,minor damage,1,True,False,18441,9669,19693,10576,orthomosaic::1001-San-Carlos-Island.geo.tif,orthomosaic_surrogate::1001-San-Carlos-Island.geo.tif,orthomosaic_surrogate::1001-San-Carlos-Island.geo.tif,exact_group_0151,phash_group_0151,42fe1ec7b70dbaefb88980cbe13c111233e8ecc88e867e420b7768a5a2e2dd79,c04663b91ea57f1c,0.0,,,
44ba93e19892d6a045a11d3bd7c513c1,545eba6d3da649f889d800a50b1dfde8,365,train,Train,Hurricane Ian,1001-San-Carlos-Island.geo.tif,minor damage,1,True,False,28569,19773,29079,20171,orthomosaic::1001-San-Carlos-Island.geo.tif,orthomosaic_surrogate::1001-San-Carlos-Island.geo.tif,orthomosaic_surrogate::1001-San-Carlos-Island.geo.tif,exact_group_0152,phash_group_0152,036e3fa66bd5ef9cc17ff3f41ad9cb4195821362f7fe0e00758d9990c63dff75,c93632cd1f093e39,0.40050932545687956,,,
44c291405d6ab5afe9b9805a0258903f,d0e2fa279f894803919f6b8462ec112a,66,evaluation,Train,Hurricane Ida,20210902-LA-DIV-01.geo.tif,no damage,0,False,True,28255,33088,28731,33566,orthomosaic::20210902-LA-DIV-01.geo.tif,orthomosaic_surrogate::20210902-LA-DIV-01.geo.tif,orthomosaic_surrogate::20210902-LA-DIV-01.geo.tif,exact_group_0153,phash_group_0153,c36722f02a0926606ec8b204f025c6e89a431fbef65e3f7be0583016f9173087,d5197c5870a1ab2f,0.0,4,57,17
44ec40ea381f948b64052abe54f8fb8e,501b8a65b7e7413b9c2eabf10ee495c0,252,evaluation,Train,Hurricane Ian,1002-Ft-Myers-Beach-TFD.geo.tif,no damage,0,False,True,33382,21504,34099,22297,orthomosaic::1002-Ft-Myers-Beach-TFD.geo.tif,orthomosaic_surrogate::1002-Ft-Myers-Beach-TFD.geo.tif,orthomosaic_surrogate::1002-Ft-Myers-Beach-TFD.geo.tif,exact_group_0154,phash_group_0154,87b6186f84890bd3351571a4069174973c9e23e05b2f5c6684beffc2c30a7165,953069d367e4b86c,0.0,30,359,108
44f8c9d9af8772ce3bfd1474de334707,1b993677f28e4b4590b1827196ab1b68,707,evaluation,Train,Hurricane Ian,1002-Ft-Myers-Beach-TFD.geo.tif,no damage,0,False,True,61310,48260,61961,48909,orthomosaic::1002-Ft-Myers-Beach-TFD.geo.tif,orthomosaic_surrogate::1002-Ft-Myers-Beach-TFD.geo.tif,orthomosaic_surrogate::1002-Ft-Myers-Beach-TFD.geo.tif,exact_group_0155,phash_group_0155,aeff3f10de3a63a0fcd7bb9f610f6ea0812b1c0b7401c5bc5c091c6c867205c5,85256ed36cda7249,0.0285382310373647,14,359,108
44f9e2b03cc1a54c014e3b27062093cc,4bc320b26bff4a2192ff3c24d6c178b3,305,evaluation,Train,Hurricane Ida,20210902-LA-DIV-01.geo.tif,no damage,0,False,True,60032,4939,60503,5412,orthomosaic::20210902-LA-DIV-01.geo.tif,orthomosaic_surrogate::20210902-LA-DIV-01.geo.tif,orthomosaic_surrogate::20210902-LA-DIV-01.geo.tif,exact_group_0156,phash_group_0156,c3d88c306353e1a051853968caf4a20ba2d645782da4c06abf9d8d47d04dc501,ce6c34d2631f9ec0,0.3177725908636212,12,57,17
4597af8947e9b04d1f91a9db9869b485,275b142383a442ff877c71bca4a97550,62,evaluation,Train,Hurricane Ian,1002-Ft-Myers-Beach-TFD.geo.tif,major damage,2,False,True,14825,15087,15608,15793,orthomosaic::1002-Ft-Myers-Beach-TFD.geo.tif,orthomosaic_surrogate::1002-Ft-Myers-Beach-TFD.geo.tif,orthomosaic_surrogate::1002-Ft-Myers-Beach-TFD.geo.tif,exact_group_0157,phash_group_0157,92447afcd5ec3cf90ca88af62ee391b250fe8c3b52b87aede077e1b52c0f112c,91467fba44e10eb9,0.0,5,51,15
45f4ebe761fedd65a5534b3ab25fb865,2f3e33b3638c4feb8eb831a184a265b2,24,evaluation,Train,Hurricane Ian,1002-Ft-Myers-Beach-TFD.geo.tif,destroyed,3,False,True,11992,17579,12700,18242,orthomosaic::1002-Ft-Myers-Beach-TFD.geo.tif,orthomosaic_surrogate::1002-Ft-Myers-Beach-TFD.geo.tif,orthomosaic_surrogate::1002-Ft-Myers-Beach-TFD.geo.tif,exact_group_0158,phash_group_0158,b242a34c4edb76854074e956c7afebe81f69f3b60be86b8d509b9270ceb36b01,928f4a143bf66cd8,0.0,40,148,44
45f582c470e964dce3bbe08c539784be,f3e3fd40c53d4fe7ad655d08a0d6f3d7,206,train,Train,Hurricane Ian,1001-San-Carlos-Island.geo.tif,no damage,0,True,False,23710,15662,24417,16108,orthomosaic::1001-San-Carlos-Island.geo.tif,orthomosaic_surrogate::1001-San-Carlos-Island.geo.tif,orthomosaic_surrogate::1001-San-Carlos-Island.geo.tif,exact_group_0159,phash_group_0159,97bbe93d07a2fe50b876136de210cc2231aab5dc021b188fd968943ad551ade8,80876de81b13fd63,0.0,,,
465f7fdab0a4744f69c383743b518e1e,6ca631efa1154ea6ae3f56877202e3be,212,evaluation,Train,Hurricane Ian,1002-Ft-Myers-Beach-TFD.geo.tif,no damage,0,False,True,28879,31245,29872,32161,orthomosaic::1002-Ft-Myers-Beach-TFD.geo.tif,orthomosaic_surrogate::1002-Ft-Myers-Beach-TFD.geo.tif,orthomosaic_surrogate::1002-Ft-Myers-Beach-TFD.geo.tif,exact_group_0160,phash_group_0160,0d1f85fcaa90a7989f2a96274f21073759eaa46aeb5aff86cece3a596775b29a,95cf0d2c21795cd3,0.0,41,359,108
46ac2b08a6885ae31396d63e48074109,8457b94f79384ed39c20d87b3740f245,572,train,Train,Hurricane Ian,1001-San-Carlos-Island.geo.tif,minor damage,1,True,False,22651,22688,22844,22907,orthomosaic::1001-San-Carlos-Island.geo.tif,orthomosaic_surrogate::1001-San-Carlos-Island.geo.tif,orthomosaic_surrogate::1001-San-Carlos-Island.geo.tif,exact_group_0161,phash_group_0161,ca3b72414dabd93fbef5d23b7b2130e8797e373a859696da15a7130e45920079,952d6a58499f7ac1,0.0,,,
47e55996e21f14eaed6e56abb009556e,53a1e4edd3a64927a663c78a47fb0c22,37,evaluation,Train,Hurricane Ian,1002-Ft-Myers-Beach-TFD.geo.tif,no damage,0,False,True,12525,7837,13130,8301,orthomosaic::1002-Ft-Myers-Beach-TFD.geo.tif,orthomosaic_surrogate::1002-Ft-Myers-Beach-TFD.geo.tif,orthomosaic_surrogate::1002-Ft-Myers-Beach-TFD.geo.tif,exact_group_0162,phash_group_0162,8eb230e29ac3f8bb9ca3bfab3979ac63a8d3a0793b5e9a3dd5274edd874d1e05,8de6683c56b170f2,0.0,67,359,108
48296bedf3791064357de8cb3632cfda,d7f42c1f0072408b9935e511af3167c1,597,evaluation,Train,Hurricane Ian,1002-Ft-Myers-Beach-TFD.geo.tif,no damage,0,False,True,53783,50911,54588,51704,orthomosaic::1002-Ft-Myers-Beach-TFD.geo.tif,orthomosaic_surrogate::1002-Ft-Myers-Beach-TFD.geo.tif,orthomosaic_surrogate::1002-Ft-Myers-Beach-TFD.geo.tif,exact_group_0163,phash_group_0163,92f164f36e7d7fe732fbdbe445df2f3857cdc80ca01196c173d1c730512af971,9a357b72e1422e8e,0.0,76,359,108
488494d38251154092dd64db9307f40b,937fd0f7abcc489cb8dfdc691d1dc854,559,train,Train,Hurricane Ian,1001-San-Carlos-Island.geo.tif,major damage,2,True,False,25934,12816,26291,13086,orthomosaic::1001-San-Carlos-Island.geo.tif,orthomosaic_surrogate::1001-San-Carlos-Island.geo.tif,orthomosaic_surrogate::1001-San-Carlos-Island.geo.tif,exact_group_0164,phash_group_0164,aba336479a9ea77c16f6c897452983781a5334bcf0d7193aef12a00184b11283,9cb761c40f1a3c79,0.0,,,
4894172a2d7ac23da3680f13b87c7d40,654871f18cf84e3282d9391a845219c5,647,evaluation,Train,Hurricane Ian,1002-Ft-Myers-Beach-TFD.geo.tif,destroyed,3,False,True,6611,9817,7160,10370,orthomosaic::1002-Ft-Myers-Beach-TFD.geo.tif,orthomosaic_surrogate::1002-Ft-Myers-Beach-TFD.geo.tif,orthomosaic_surrogate::1002-Ft-Myers-Beach-TFD.geo.tif,exact_group_0165,phash_group_0165,ca851c2ac6a4cf2a9eb308f478aeca3a4f50882226dfe2ab7ad763f1b774b087,bdd26d0b860f5315,0.0,26,148,44
489eed8d6a7a600450a406730d328267,e01fc4238e5d4bf7be2a6311704b6ff2,34,evaluation,Train,Hurricane Ida,20210902-LA-DIV-01.geo.tif,major damage,2,False,True,22248,42700,24277,44536,orthomosaic::20210902-LA-DIV-01.geo.tif,orthomosaic_surrogate::20210902-LA-DIV-01.geo.tif,orthomosaic_surrogate::20210902-LA-DIV-01.geo.tif,exact_group_0166,phash_group_0166,63ff339329679d75c6b1166b95bb3d5ce4a987da8169d62ce8faa1cae2c28783,90787da6729e4e89,0.0,24,116,35
493ec617f6f62d80e141bd5db8f3b928,2be72f5b3bf948739eedc45485dd27d7,643,evaluation,Train,Hurricane Ian,1002-Ft-Myers-Beach-TFD.geo.tif,destroyed,3,False,True,7113,9232,7668,9871,orthomosaic::1002-Ft-Myers-Beach-TFD.geo.tif,orthomosaic_surrogate::1002-Ft-Myers-Beach-TFD.geo.tif,orthomosaic_surrogate::1002-Ft-Myers-Beach-TFD.geo.tif,exact_group_0167,phash_group_0167,de6c9831280cef3e481f308d50dbd7b28fa9bf778dcc1d7bb80ee36b489c5d99,94a9723b36c7664a,0.0,9,148,44
4966e62fc14cca3d4f289fd6387ecc2b,041512e4b1844edf982348280e040529,263,evaluation,Train,Hurricane Ian,1002-Ft-Myers-Beach-TFD.geo.tif,no damage,0,False,True,34572,27409,35485,28275,orthomosaic::1002-Ft-Myers-Beach-TFD.geo.tif,orthomosaic_surrogate::1002-Ft-Myers-Beach-TFD.geo.tif,orthomosaic_surrogate::1002-Ft-Myers-Beach-TFD.geo.tif,exact_group_0168,phash_group_0168,6b0c75dcc3f58d42098434767da2dc3524bb81d6081e9c142875b841015028a2,967d7ad06102657b,0.0,56,359,108
49b2cedae46a8277f18aa4c178962a6b,4d0e1a80d53b465ea30f0f66e59bbce8,739,evaluation,Train,Hurricane Ian,1002-Ft-Myers-Beach-TFD.geo.tif,minor damage,1,False,True,9153,4191,9800,4830,orthomosaic::1002-Ft-Myers-Beach-TFD.geo.tif,orthomosaic_surrogate::1002-Ft-Myers-Beach-TFD.geo.tif,orthomosaic_surrogate::1002-Ft-Myers-Beach-TFD.geo.tif,exact_group_0169,phash_group_0169,3befe331dffd0e52b7f4262a19aa1ded234157e34fec5679a09cb848019cbd28,cfc2d8a93327055d,0.0,42,203,61
49f5928ab3ab78a94594ed55c6301b8a,4d7678c930774917a943c4c4173d24dc,383,train,Train,Hurricane Ian,1001-San-Carlos-Island.geo.tif,minor damage,1,True,False,27468,18466,27888,18790,orthomosaic::1001-San-Carlos-Island.geo.tif,orthomosaic_surrogate::1001-San-Carlos-Island.geo.tif,orthomosaic_surrogate::1001-San-Carlos-Island.geo.tif,exact_group_0170,phash_group_0170,a9e6b7444e9dda0a221d5c533d8afc72d33b3f918d010c90103d02bb471cb57e,806a3f9565174eea,0.0,,,
4a659d33e972ab502569836cffe3adf7,63c4277a415f4988bd6f7494131f6490,690,evaluation,Train,Hurricane Ian,1002-Ft-Myers-Beach-TFD.geo.tif,no damage,0,False,True,59825,47834,60518,48330,orthomosaic::1002-Ft-Myers-Beach-TFD.geo.tif,orthomosaic_surrogate::1002-Ft-Myers-Beach-TFD.geo.tif,orthomosaic_surrogate::1002-Ft-Myers-Beach-TFD.geo.tif,exact_group_0171,phash_group_0171,e4994ce293069ef0b6dad1fe913402d358ed260270e7163c110b9eb704c57e7c,85976e7a3a686515,0.0,82,359,108
4aa7073b45a329861de8aea1e5839ebf,585430783a1a41afa46f36bfbf17ebf1,231,evaluation,Train,Hurricane Ian,1002-Ft-Myers-Beach-TFD.geo.tif,no damage,0,False,True,32135,23397,32759,23957,orthomosaic::1002-Ft-Myers-Beach-TFD.geo.tif,orthomosaic_surrogate::1002-Ft-Myers-Beach-TFD.geo.tif,orthomosaic_surrogate::1002-Ft-Myers-Beach-TFD.geo.tif,exact_group_0172,phash_group_0172,be50ee248e9505d4af597f1ab1facfe6cb74f24f57176c0e29d1f522adeb6112,993a76e979a34684,0.0,47,359,108
4b91d76441c04252b0896e1ff6f7ed3c,af2c69b940374e35b9d8a129e607647b,128,evaluation,Train,Hurricane Ian,1002-Ft-Myers-Beach-TFD.geo.tif,destroyed,3,False,True,19197,20389,19792,20982,orthomosaic::1002-Ft-Myers-Beach-TFD.geo.tif,orthomosaic_surrogate::1002-Ft-Myers-Beach-TFD.geo.tif,orthomosaic_surrogate::1002-Ft-Myers-Beach-TFD.geo.tif,exact_group_0173,phash_group_0173,dc8e7eee1510a58f170d5e03da57507d8a362a2a9bd9218692e336a471bf9bce,bf1f273a9ca0d80c,0.0,18,148,44
4c402ec9615077094ac73e34bf0d6d7e,5579bdf6c4b645f580670fe51360680d,472,train,Train,Hurricane Ian,1001-San-Carlos-Island.geo.tif,destroyed,3,True,False,8405,20330,8622,20675,orthomosaic::1001-San-Carlos-Island.geo.tif,orthomosaic_surrogate::1001-San-Carlos-Island.geo.tif,orthomosaic_surrogate::1001-San-Carlos-Island.geo.tif,exact_group_0174,phash_group_0174,df0eec835c342bbe1b29a2ca0dc31783f86af0c3ee299959f28042ca3fbc5737,c7631c4b66363936,0.0,,,
4cb0a8d0956a64e681f79d195cacc460,a4d4430ebd1b490b849bd7fa9a629ce7,239,evaluation,Train,Hurricane Ida,20210902-LA-DIV-01.geo.tif,major damage,2,False,True,49971,21978,50780,22722,orthomosaic::20210902-LA-DIV-01.geo.tif,orthomosaic_surrogate::20210902-LA-DIV-01.geo.tif,orthomosaic_surrogate::20210902-LA-DIV-01.geo.tif,exact_group_0175,phash_group_0175,29989a1d18b82a6773982c70f7d7ee3425f7efdb00c468cceec46a93d59f199a,d2e53217415b1d6d,0.0,21,116,35
4cd0b9465089ff23b3f898957819b768,c3de52060c4b410084b27f959aafca0c,133,evaluation,Train,Hurricane Ida,20210902-LA-DIV-01.geo.tif,destroyed,3,False,True,34270,37959,34758,38448,orthomosaic::20210902-LA-DIV-01.geo.tif,orthomosaic_surrogate::20210902-LA-DIV-01.geo.tif,orthomosaic_surrogate::20210902-LA-DIV-01.geo.tif,exact_group_0176,phash_group_0176,19217fbbbd4390ebfe6c0445ebf9274b6abbaa7906b7b3daafb5468117d24dd6,bb66649d960cac3c,0.0,20,69,21
4ce611adbb0548aace6634dd50f91df0,fe67318bbe934c2980e9f7a11ea7c941,25,evaluation,Train,Hurricane Ian,1002-Ft-Myers-Beach-TFD.geo.tif,destroyed,3,False,True,11337,16918,12123,17619,orthomosaic::1002-Ft-Myers-Beach-TFD.geo.tif,orthomosaic_surrogate::1002-Ft-Myers-Beach-TFD.geo.tif,orthomosaic_surrogate::1002-Ft-Myers-Beach-TFD.geo.tif,exact_group_0177,phash_group_0177,6bfdd1e0f24427bea65ed25b443f2b314c1b13ec6694b2a24aa06cc788934faf,93ac2f36291b3a69,0.0,1,148,44
4d3d0e75d5df3189b21420cac6245035,bcccfa76713947ceae4a16bace6a0242,30,evaluation,Train,Hurricane Ian,1002-Ft-Myers-Beach-TFD.geo.tif,no damage,0,False,True,12570,3184,13182,3764,orthomosaic::1002-Ft-Myers-Beach-TFD.geo.tif,orthomosaic_surrogate::1002-Ft-Myers-Beach-TFD.geo.tif,orthomosaic_surrogate::1002-Ft-Myers-Beach-TFD.geo.tif,exact_group_0178,phash_group_0178,3dac0ffa512f1aaa9a9ead06c60fa0188f7566154e65bd23f073ec9f60620b1d,dce86e142acd2477,0.0,84,359,108
4de08eefbbd739a8fef7dcb8fa54e04e,93d0d585646f4aa9b09881339dedd459,156,train,Train,Hurricane Ian,1001-San-Carlos-Island.geo.tif,destroyed,3,True,False,22557,11893,22984,12234,orthomosaic::1001-San-Carlos-Island.geo.tif,orthomosaic_surrogate::1001-San-Carlos-Island.geo.tif,orthomosaic_surrogate::1001-San-Carlos-Island.geo.tif,exact_group_0179,phash_group_0179,7ad6c8c917669d60846d7206217e8da93ebf7505a86882905986a9766e19bc1a,c4cf397273612c33,0.0,,,
4dea91af4e07803cf1957e511418ec3d,5cccd5de56ec42539d49ee31b07de5ea,88,train,Train,Hurricane Ian,1001-San-Carlos-Island.geo.tif,major damage,2,True,False,13918,18850,14265,19074,orthomosaic::1001-San-Carlos-Island.geo.tif,orthomosaic_surrogate::1001-San-Carlos-Island.geo.tif,orthomosaic_surrogate::1001-San-Carlos-Island.geo.tif,exact_group_0180,phash_group_0180,530833c2cfd4ca0bec386bd8d9b1703eeb858ae4b380dc1a286021c90e346b10,83576ea83c84d35b,0.0,,,
4deb90444dc1497eeaaf9480c1215f30,c9b804ecc74343febf89e946b7fe0d9a,57,evaluation,Train,Hurricane Ida,20210902-LA-DIV-01.geo.tif,no damage,0,False,True,26648,36271,27183,36809,orthomosaic::20210902-LA-DIV-01.geo.tif,orthomosaic_surrogate::20210902-LA-DIV-01.geo.tif,orthomosaic_surrogate::20210902-LA-DIV-01.geo.tif,exact_group_0181,phash_group_0181,f2bbe038083f5ba4f66a3b2bf6c257fa6e1699e68d25853f8211c484094de940,95953e593a49236e,0.0,15,57,17
4e101d8b989415f2e8cbcfaf38fa071c,3b4d4c6521454277ba0d53ffb9f8e1bb,348,evaluation,Train,Hurricane Ian,1002-Ft-Myers-Beach-TFD.geo.tif,destroyed,3,False,True,41041,38342,41714,39016,orthomosaic::1002-Ft-Myers-Beach-TFD.geo.tif,orthomosaic_surrogate::1002-Ft-Myers-Beach-TFD.geo.tif,orthomosaic_surrogate::1002-Ft-Myers-Beach-TFD.geo.tif,exact_group_0182,phash_group_0182,a5f9756b6e237f13568908afa15b5a36b23d9d9fce542cdfa100e327f3147965,9383733b0bc57a58,0.0,31,148,44
4e5056d0ea064c67ad69aa37225b856f,4b877e44cd984bed9c961fa1c8d60fc8,719,evaluation,Train,Hurricane Ian,1002-Ft-Myers-Beach-TFD.geo.tif,no damage,0,False,True,63616,45738,64200,46267,orthomosaic::1002-Ft-Myers-Beach-TFD.geo.tif,orthomosaic_surrogate::1002-Ft-Myers-Beach-TFD.geo.tif,orthomosaic_surrogate::1002-Ft-Myers-Beach-TFD.geo.tif,exact_group_0183,phash_group_0183,bb30100416723182abe1edf0b7953f43fc6a53d2f38cce7fd2491cfd24fe115f,87337de462690bd8,0.0,64,359,108
4e787704112d5eedc10ac4d6302bbccf,b9ba0f29b5a947d7af0d3dec07a132fc,254,evaluation,Train,Hurricane Ida,20210902-LA-DIV-01.geo.tif,major damage,2,False,True,53012,14664,53474,15146,orthomosaic::20210902-LA-DIV-01.geo.tif,orthomosaic_surrogate::20210902-LA-DIV-01.geo.tif,orthomosaic_surrogate::20210902-LA-DIV-01.geo.tif,exact_group_0184,phash_group_0184,dcad5ca6e65a55d8e516af24271c827ce61442ef4fcccaab57431b7a886969b2,94129bca5b4acced,0.0,2,116,35
4ea5d4e9fae3cb830b14c58bee5c8a46,b7beca67f22d4c0cac4e652dea35c5ab,178,evaluation,Train,Hurricane Ida,20210902-LA-DIV-01.geo.tif,major damage,2,False,True,41671,23063,42329,23735,orthomosaic::20210902-LA-DIV-01.geo.tif,orthomosaic_surrogate::20210902-LA-DIV-01.geo.tif,orthomosaic_surrogate::20210902-LA-DIV-01.geo.tif,exact_group_0185,phash_group_0185,47f6e315b176ce89c62b554b000184957373a97b85bdce2206767101da019da9,b4e84ac6670f98ec,0.0,8,116,35
4fac82a1e02fded89587b55fb4efc3cb,a57d64d0010d47469c94d9b4b1a7effe,637,evaluation,Train,Hurricane Ian,1002-Ft-Myers-Beach-TFD.geo.tif,no damage,0,False,True,57086,45930,57680,46620,orthomosaic::1002-Ft-Myers-Beach-TFD.geo.tif,orthomosaic_surrogate::1002-Ft-Myers-Beach-TFD.geo.tif,orthomosaic_surrogate::1002-Ft-Myers-Beach-TFD.geo.tif,exact_group_0186,phash_group_0186,9001e7cb0d30fe971b2f5f29282953c515d2512682706be19ba7b243de8556b4,956378636a694dc9,0.0,16,359,108
501d8f5e5177a6f8af33e576fb505e19,e3907e3a4729457ca9c2e1fdaaa71c1a,199,evaluation,Train,Hurricane Ida,20210902-LA-DIV-01.geo.tif,major damage,2,False,True,46146,11704,47132,12379,orthomosaic::20210902-LA-DIV-01.geo.tif,orthomosaic_surrogate::20210902-LA-DIV-01.geo.tif,orthomosaic_surrogate::20210902-LA-DIV-01.geo.tif,exact_group_0187,phash_group_0187,29f836c0b77bb0fb118c6a6dd173146e9388aa679f7bcebaf160e425c4fcc459,c3a737995864609f,0.0,6,116,35
51693363b2bd4f67ee37109c98cdf660,f2a6bdd3611643e6bc643ff20efacad0,87,train,Train,Hurricane Ian,1001-San-Carlos-Island.geo.tif,minor damage,1,True,False,13885,19080,14244,19272,orthomosaic::1001-San-Carlos-Island.geo.tif,orthomosaic_surrogate::1001-San-Carlos-Island.geo.tif,orthomosaic_surrogate::1001-San-Carlos-Island.geo.tif,exact_group_0188,phash_group_0188,0999f1cdb47890f368c5de11ed31a4546e137141b53b2d24185a062dc7c23a4f,c46c3bbbf404c96a,0.0,,,
51b1497483fbcbcf82ddfb81dda1f124,251d2e281e054a40954b8be1e8744327,21,evaluation,Train,Hurricane Ian,1002-Ft-Myers-Beach-TFD.geo.tif,no damage,0,False,True,12584,13850,13311,14579,orthomosaic::1002-Ft-Myers-Beach-TFD.geo.tif,orthomosaic_surrogate::1002-Ft-Myers-Beach-TFD.geo.tif,orthomosaic_surrogate::1002-Ft-Myers-Beach-TFD.geo.tif,exact_group_0189,phash_group_0189,f4d95e7196ec091f01a4edea7eed06042f5a5c6017f81768f793408eb981c4fb,8f447a9aeaa83c2b,0.0,93,359,108
51c5294fb4752ca029a3965f2b678879,65af0cbef015415a8bac6426c7e98e41,186,train,Train,Hurricane Ian,1001-San-Carlos-Island.geo.tif,major damage,2,True,False,22605,17904,22973,18200,orthomosaic::1001-San-Carlos-Island.geo.tif,orthomosaic_surrogate::1001-San-Carlos-Island.geo.tif,orthomosaic_surrogate::1001-San-Carlos-Island.geo.tif,exact_group_0190,phash_group_0190,7fcd96ca873f01093c383b3966e7a7440de63435f2204c2db76cba14daf675bf,c17f6ac81f320747,0.0,,,
51d7f3de0dfeae788f54c9d1279edcb7,ed270ed231b249ea926638c5f25ded62,412,evaluation,Train,Hurricane Ian,1002-Ft-Myers-Beach-TFD.geo.tif,no damage,0,False,True,46651,26843,47060,27755,orthomosaic::1002-Ft-Myers-Beach-TFD.geo.tif,orthomosaic_surrogate::1002-Ft-Myers-Beach-TFD.geo.tif,orthomosaic_surrogate::1002-Ft-Myers-Beach-TFD.geo.tif,exact_group_0191,phash_group_0191,7de76a6dcbfb639af00581068814996d7cfe36b6f0fb4eb4025fe5bb51160e43,db993892669c64d9,0.0,17,359,108
522a3ceb3a1212b08382a12029b69f30,22c679327b2a4266b457d841d01990e5,213,evaluation,Train,Hurricane Ida,20210902-LA-DIV-01.geo.tif,minor damage,1,False,True,48334,19872,48949,20475,orthomosaic::20210902-LA-DIV-01.geo.tif,orthomosaic_surrogate::20210902-LA-DIV-01.geo.tif,orthomosaic_surrogate::20210902-LA-DIV-01.geo.tif,exact_group_0192,phash_group_0192,5c6ea74f843c117a5604319721a9442de712a9e1847af8aa374aafe44f627e1d,c4c26e07a73e5e0b,0.0,19,100,30
5232dadb8e813cb2a1e0104f1b50c09d,a61b3257509f4a0b966b1599fdf34993,133,evaluation,Train,Hurricane Ian,1002-Ft-Myers-Beach-TFD.geo.tif,minor damage,1,False,True,18256,8620,19058,9417,orthomosaic::1002-Ft-Myers-Beach-TFD.geo.tif,orthomosaic_surrogate::1002-Ft-Myers-Beach-TFD.geo.tif,orthomosaic_surrogate::1002-Ft-Myers-Beach-TFD.geo.tif,exact_group_0193,phash_group_0193,9145968744e628e6828bf36dbacd879dbd4bfbcdadd2a4b3afbb47ce973983fd,831f539323eb471c,0.0,24,203,61
5242f35764403a26b78a813d5bc72bb8,e667f1ec631f4e03bd19595107d085b9,239,train,Train,Hurricane Ian,1001-San-Carlos-Island.geo.tif,no damage,0,True,False,23732,16014,24383,16384,orthomosaic::1001-San-Carlos-Island.geo.tif,orthomosaic_surrogate::1001-San-Carlos-Island.geo.tif,orthomosaic_surrogate::1001-San-Carlos-Island.geo.tif,exact_group_0194,phash_group_0194,a5f8c9b40e9a66fec9533e99446e10294787da162e44676b395a1be49ba3861c,86f46d0b1b35e1f0,0.0,,,
52f2737acf49445be2ca274185256f01,461b320bb88b4a01b3bf6f94f73110e3,615,evaluation,Train,Hurricane Ian,1002-Ft-Myers-Beach-TFD.geo.tif,minor damage,1,False,True,56186,42533,56727,42856,orthomosaic::1002-Ft-Myers-Beach-TFD.geo.tif,orthomosaic_surrogate::1002-Ft-Myers-Beach-TFD.geo.tif,orthomosaic_surrogate::1002-Ft-Myers-Beach-TFD.geo.tif,exact_group_0195,phash_group_0195,217eff34609724482a1ed266bccea04ac2ea98023f7efb2cb597c8690f1c9aee,81c67f394e39b0c6,0.0,61,203,61
53441d5eeb5c6c55d960aa28a15a16bc,08bd42fe9d274f56a258862a15e6ebbb,535,evaluation,Train,Hurricane Ian,1002-Ft-Myers-Beach-TFD.geo.tif,no damage,0,False,True,49039,41954,49658,42592,orthomosaic::1002-Ft-Myers-Beach-TFD.geo.tif,orthomosaic_surrogate::1002-Ft-Myers-Beach-TFD.geo.tif,orthomosaic_surrogate::1002-Ft-Myers-Beach-TFD.geo.tif,exact_group_0196,phash_group_0196,349bdb31bd9d627a62f2875cf56497bebbbf785d12fded94eb21e8ddc235b6e6,a53767562d1855c9,0.0,43,359,108
5396a43f07c4b016e8373ace653a7c5a,4b3c9859b78f4b3fa4bc4dbe2b8595b8,725,evaluation,Train,Hurricane Ian,1002-Ft-Myers-Beach-TFD.geo.tif,destroyed,3,False,True,8153,11617,8757,12212,orthomosaic::1002-Ft-Myers-Beach-TFD.geo.tif,orthomosaic_surrogate::1002-Ft-Myers-Beach-TFD.geo.tif,orthomosaic_surrogate::1002-Ft-Myers-Beach-TFD.geo.tif,exact_group_0197,phash_group_0197,2dea602916f879ba78d589f1fea604928e5a2faf6755aba3544951ad677d80ca,84e67d98e33b1f04,0.0,35,148,44
54bb8fcba0185ebdc7c665c5ff5b4c35,c037e19a3db54a44997af8d08c0b85ae,465,evaluation,Train,Hurricane Ian,1002-Ft-Myers-Beach-TFD.geo.tif,no damage,0,False,True,48667,37609,49319,38249,orthomosaic::1002-Ft-Myers-Beach-TFD.geo.tif,orthomosaic_surrogate::1002-Ft-Myers-Beach-TFD.geo.tif,orthomosaic_surrogate::1002-Ft-Myers-Beach-TFD.geo.tif,exact_group_0198,phash_group_0198,0073145806d5957cbfc93497f703308c07d3b52189378dbd53d8f4c37e33102e,bc5d67b820e8b174,0.0,3,359,108
5637192856042c1bf67f0b0d10e9251c,17d0566bce1247a99fe190bdbc8332e3,173,train,Train,Hurricane Ian,1001-San-Carlos-Island.geo.tif,minor damage,1,True,False,22538,16063,23018,16440,orthomosaic::1001-San-Carlos-Island.geo.tif,orthomosaic_surrogate::1001-San-Carlos-Island.geo.tif,orthomosaic_surrogate::1001-San-Carlos-Island.geo.tif,exact_group_0199,phash_group_0199,c1344ffa787ff4dc0deb60625df6e8c177ab8ab875aaf96e4f7d4ab8aa667631,c0646cca1f3f1a3b,0.0,,,
58b7c370ebe9130b5a69a8d928023b6e,34339603289b4664a90b936b1a81262d,519,evaluation,Train,Hurricane Ian,1002-Ft-Myers-Beach-TFD.geo.tif,minor damage,1,False,True,50215,41796,50924,42498,orthomosaic::1002-Ft-Myers-Beach-TFD.geo.tif,orthomosaic_surrogate::1002-Ft-Myers-Beach-TFD.geo.tif,orthomosaic_surrogate::1002-Ft-Myers-Beach-TFD.geo.tif,exact_group_0200,phash_group_0200,b426b571ebb5fa1aea46a9b11b9a73cfda89ebad51dad256f6dde805744ebd5a,89fe0d943db13f10,0.0,60,203,61
58cfdd5b8fe4df8acfc2b0d53ee87a49,985e3088643d4ff58f33395520296f98,264,train,Train,Hurricane Ian,1001-San-Carlos-Island.geo.tif,no damage,0,True,False,23636,11327,24093,11630,orthomosaic::1001-San-Carlos-Island.geo.tif,orthomosaic_surrogate::1001-San-Carlos-Island.geo.tif,orthomosaic_surrogate::1001-San-Carlos-Island.geo.tif,exact_group_0201,phash_group_0201,d576167b2078781e23a1454e6bb67cd154daea65e180c662147f723d6891dfd0,80b27fcf160d5bb0,0.0,,,
5939bbe51748917e3ad5dab68d891a81,49df2529e7c447daac7b0ac0dee41be8,55,train,Train,Hurricane Ida,20210901-Cocodrie-1.geo.tif,destroyed,3,True,False,19053,12553,19482,13008,orthomosaic::20210901-Cocodrie-1.geo.tif,orthomosaic_surrogate::20210901-Cocodrie-1.geo.tif,orthomosaic_surrogate::20210901-Cocodrie-1.geo.tif,exact_group_0202,phash_group_0202,44f6399b9af2dfe97f9dfcab8509e4769759e87fa01a1d0c33eb4bf9a710538a,d1762d1bc2013bfc,0.0,,,
59d1918c771b8c18e988276e5d3ceb10,263745003c734332ba7f74afdba6405f,283,train,Train,Hurricane Ian,1001-San-Carlos-Island.geo.tif,no damage,0,True,False,27023,21495,27363,21759,orthomosaic::1001-San-Carlos-Island.geo.tif,orthomosaic_surrogate::1001-San-Carlos-Island.geo.tif,orthomosaic_surrogate::1001-San-Carlos-Island.geo.tif,exact_group_0203,phash_group_0203,aaa5245effd5339f43318dfaf8b71f858b5d3916b742dd69b5622f4a2269bc89,d4172afe3dc81989,0.0,,,
5a44991cb261870d08443044bc9a55bc,2964abcd059543359e1536ce912f2ada,151,evaluation,Train,Hurricane Ida,20210902-LA-DIV-01.geo.tif,no damage,0,False,True,37403,26499,37968,27204,orthomosaic::20210902-LA-DIV-01.geo.tif,orthomosaic_surrogate::20210902-LA-DIV-01.geo.tif,orthomosaic_surrogate::20210902-LA-DIV-01.geo.tif,exact_group_0204,phash_group_0204,eed6336f04c380bfe9347117d106a00625fd2fc1eb750afa66ea9ced5fe5bb44,95daf1641e681b59,0.0,8,57,17
5b909e2be3f624a357604906cb44d122,c1aaa73d144544f5974f5a35ec64e541,101,train,Train,Hurricane Ian,1001-San-Carlos-Island.geo.tif,destroyed,3,True,False,14607,19662,14799,20071,orthomosaic::1001-San-Carlos-Island.geo.tif,orthomosaic_surrogate::1001-San-Carlos-Island.geo.tif,orthomosaic_surrogate::1001-San-Carlos-Island.geo.tif,exact_group_0205,phash_group_0205,750151d737591cc63d6abe85469c68801e9e0b72155ecc8cec9fb01186ef6bf3,9a99c51933c7cc33,0.0,,,
5bd9877a684a2d958503ef47b2551f75,9dacfee5e8704ea4966571801562b908,410,train,Train,Hurricane Ian,1001-San-Carlos-Island.geo.tif,minor damage,1,True,False,28709,23091,29069,23393,orthomosaic::1001-San-Carlos-Island.geo.tif,orthomosaic_surrogate::1001-San-Carlos-Island.geo.tif,orthomosaic_surrogate::1001-San-Carlos-Island.geo.tif,exact_group_0206,phash_group_0206,7cb28a7a2639fe66a731d6d2c858aa82ccb5aed978e199a3ea25953d2634b515,c93c36d933c20f0f,0.37467228796145396,,,
5c351fb3f6075bfaac76ec75d3c90e55,029eacc57b474f7994cc9e1a796b835e,14,evaluation,Train,Hurricane Ian,1002-Ft-Myers-Beach-TFD.geo.tif,minor damage,1,False,True,13084,12319,13698,12949,orthomosaic::1002-Ft-Myers-Beach-TFD.geo.tif,orthomosaic_surrogate::1002-Ft-Myers-Beach-TFD.geo.tif,orthomosaic_surrogate::1002-Ft-Myers-Beach-TFD.geo.tif,exact_group_0207,phash_group_0207,9d19cbfe4362ce2c7220118c9fcdd8eda03e38959662881a5b6e7f6c0dcc2e6c,d54cfa3c0ce0bc87,0.0,53,203,61
5cbab3ae87d099dbdbeca8a0492427c7,ad63cfc7b8f046d9abc8510f709f24a7,190,train,Train,Hurricane Ian,1001-San-Carlos-Island.geo.tif,no damage,0,True,False,21661,17979,22048,18252,orthomosaic::1001-San-Carlos-Island.geo.tif,orthomosaic_surrogate::1001-San-Carlos-Island.geo.tif,orthomosaic_surrogate::1001-San-Carlos-Island.geo.tif,exact_group_0208,phash_group_0208,bccaf213eb373b21927ea538710f1ed9aca08908f912b9bc6bc24042e9ed40fb,f5342aeb4ac848d7,0.0,,,
5ce32e68c6bd2549d0382e1f0e7807b3,eb9ecf9b7f754ed48927fcaa5ccfb697,153,evaluation,Train,Hurricane Ian,1002-Ft-Myers-Beach-TFD.geo.tif,minor damage,1,False,True,20045,14006,20549,14488,orthomosaic::1002-Ft-Myers-Beach-TFD.geo.tif,orthomosaic_surrogate::1002-Ft-Myers-Beach-TFD.geo.tif,orthomosaic_surrogate::1002-Ft-Myers-Beach-TFD.geo.tif,exact_group_0209,phash_group_0209,b55f33f3c53f502116752a8d362d0b436e66f6e35d661e9f156358ab02087f5a,9c5a7e1960ab21b7,0.0,54,203,61
5d280724ce416dac5b243e81077cc02d,3f7f42c618d54674b86f37a694c7c258,308,evaluation,Train,Hurricane Ida,20210902-LA-DIV-01.geo.tif,no damage,0,False,True,58849,4095,59319,4569,orthomosaic::20210902-LA-DIV-01.geo.tif,orthomosaic_surrogate::20210902-LA-DIV-01.geo.tif,orthomosaic_surrogate::20210902-LA-DIV-01.geo.tif,exact_group_0210,phash_group_0210,49fdfa3f01672d229cf1d507735220f793d5839579181b39c256b167020646eb,95b53d70700163fb,0.0,11,57,17
5e2d1481afdd08859a34b547a506c079,4d041cd4d91647228eb60d371ebd4ff3,60,train,Train,Hurricane Ian,1001-San-Carlos-Island.geo.tif,major damage,2,True,False,12735,14210,13171,14692,orthomosaic::1001-San-Carlos-Island.geo.tif,orthomosaic_surrogate::1001-San-Carlos-Island.geo.tif,orthomosaic_surrogate::1001-San-Carlos-Island.geo.tif,exact_group_0211,phash_group_0211,762516299a1ccbc78503b6dd53d29830bf564092e394b704ba2fa5807efd6e1c,850ac77974703eb6,0.0,,,
5e359cc5669eaba0877aa87064a855e6,1723a474a01f43b98afec5d15f62d080,342,train,Train,Hurricane Ian,1001-San-Carlos-Island.geo.tif,minor damage,1,True,False,27397,20508,27758,20752,orthomosaic::1001-San-Carlos-Island.geo.tif,orthomosaic_surrogate::1001-San-Carlos-Island.geo.tif,orthomosaic_surrogate::1001-San-Carlos-Island.geo.tif,exact_group_0212,phash_group_0212,607fff621789577a5c9b7e7ba87494a2d766637bc15820a2d100ec08cf1f842a,b07c74c30b06bf78,0.0,,,
5e78ed2436c9e07d1b343f26fd2c0aad,ca5ff3c08c3f4b7f9a029fa538f64740,7,train,Train,Hurricane Ida,20210901-Cocodrie-1.geo.tif,major damage,2,True,False,14871,26401,15641,27033,orthomosaic::20210901-Cocodrie-1.geo.tif,orthomosaic_surrogate::20210901-Cocodrie-1.geo.tif,orthomosaic_surrogate::20210901-Cocodrie-1.geo.tif,exact_group_0213,phash_group_0213,4dc0cb956784f566b2bbb5c4a41f5222b308143d4d2f878b3f1f1910cf103439,c190327b4c653fa7,0.0,,,
5ec6fa5b87a0504cc0aae010f669bf1c,c224cfcffc4f49778fd3b4f8edf911fa,404,train,Train,Hurricane Ian,1001-San-Carlos-Island.geo.tif,no damage,0,True,False,27499,23011,27703,23156,orthomosaic::1001-San-Carlos-Island.geo.tif,orthomosaic_surrogate::1001-San-Carlos-Island.geo.tif,orthomosaic_surrogate::1001-San-Carlos-Island.geo.tif,exact_group_0214,phash_group_0214,434cc20fbf66793501aad079cf6ad79a595ee909d8fa350571aa04855de6678d,c80637b979e07647,0.0,,,
60aad1670fb4e33947869a24fa93451c,7b98343818c04e45bd9e7837ad1278f3,211,evaluation,Train,Hurricane Ida,20210902-LA-DIV-01.geo.tif,minor damage,1,False,True,47236,17298,47899,17940,orthomosaic::20210902-LA-DIV-01.geo.tif,orthomosaic_surrogate::20210902-LA-DIV-01.geo.tif,orthomosaic_surrogate::20210902-LA-DIV-01.geo.tif,exact_group_0215,phash_group_0215,d9e19a5f633ed5918c9468fd9ce203c9739eab27082742e50a20298acfb3af8d,995b5a61618726af,0.0,17,100,30
61ebf70e461a94b9a3c81a3a81be0e46,97ac00cfb5d2431c9e4fac110d1ef30b,205,evaluation,Train,Hurricane Ian,1002-Ft-Myers-Beach-TFD.geo.tif,destroyed,3,False,True,27550,26779,28010,27357,orthomosaic::1002-Ft-Myers-Beach-TFD.geo.tif,orthomosaic_surrogate::1002-Ft-Myers-Beach-TFD.geo.tif,orthomosaic_surrogate::1002-Ft-Myers-Beach-TFD.geo.tif,exact_group_0216,phash_group_0216,404a220c4e654d86056fb50dbdbd4d2a93baba90deac2e8c6469a6cac4e1cf98,c4b766954a6692e5,0.0,14,148,44
620a29555c9a49ce4533904fea226878,c10820b1eccd41df8f00485923a097ea,152,evaluation,Train,Hurricane Ian,1002-Ft-Myers-Beach-TFD.geo.tif,no damage,0,False,True,20903,12828,21614,13490,orthomosaic::1002-Ft-Myers-Beach-TFD.geo.tif,orthomosaic_surrogate::1002-Ft-Myers-Beach-TFD.geo.tif,orthomosaic_surrogate::1002-Ft-Myers-Beach-TFD.geo.tif,exact_group_0217,phash_group_0217,e031b43f4e3cc43e05b8906f1d9d822b91e0809f5beee4c2b17649c21d4c910a,af222ca0758572df,0.0,100,359,108
62b158daa1ac9623296f5c819a46103c,3e36fe4446804ee09fc433e0bc3ee571,138,evaluation,Train,Hurricane Ian,1002-Ft-Myers-Beach-TFD.geo.tif,minor damage,1,False,True,19325,11129,19855,11664,orthomosaic::1002-Ft-Myers-Beach-TFD.geo.tif,orthomosaic_surrogate::1002-Ft-Myers-Beach-TFD.geo.tif,orthomosaic_surrogate::1002-Ft-Myers-Beach-TFD.geo.tif,exact_group_0218,phash_group_0218,47ffb42452d370a3fe8a319ec30f858dc4756e5ef1b2a6325cab7aac25183326,954b7918edf044b3,0.0,20,203,61
62e47c8836027a5c326d19a2b8e5545a,5016a2e4391f425c88cc9e0947443643,531,train,Train,Hurricane Ian,1001-San-Carlos-Island.geo.tif,minor damage,1,True,False,10487,11997,11168,12355,orthomosaic::1001-San-Carlos-Island.geo.tif,orthomosaic_surrogate::1001-San-Carlos-Island.geo.tif,orthomosaic_surrogate::1001-San-Carlos-Island.geo.tif,exact_group_0219,phash_group_0219,912ff1dcd4cae403ba9fbf726678d833abccfc677149c2087f430579c221be73,82147ffb48689717,0.0,,,
6308c7b23ee65d576d14683fcb2863c3,95bc871151494e1e97b3dd5a9dd4627f,471,train,Train,Hurricane Ian,1001-San-Carlos-Island.geo.tif,destroyed,3,True,False,8144,20358,8351,20684,orthomosaic::1001-San-Carlos-Island.geo.tif,orthomosaic_surrogate::1001-San-Carlos-Island.geo.tif,orthomosaic_surrogate::1001-San-Carlos-Island.geo.tif,exact_group_0220,phash_group_0220,83fdcd52107861c70ded801ee0fa03e69b4a470abdbc3f32637516fe807086f1,934d6db66c926632,0.0,,,
63f4dd9a152c8cd17864352be426fd54,99df9453f3fa4c60b69d0ac42b4116a3,229,evaluation,Train,Hurricane Ian,1002-Ft-Myers-Beach-TFD.geo.tif,no damage,0,False,True,30255,31273,30854,31905,orthomosaic::1002-Ft-Myers-Beach-TFD.geo.tif,orthomosaic_surrogate::1002-Ft-Myers-Beach-TFD.geo.tif,orthomosaic_surrogate::1002-Ft-Myers-Beach-TFD.geo.tif,exact_group_0221,phash_group_0221,55b85ae5d43a5189396421bef2c5d26ec5a2d26a16f6491bafd9c5bed4d19df4,95357272a72f9a44,0.0,26,359,108
64239d9839feeb0ae7342eefa0802bc3,975bf31f98b84132bf77ddff4c593c00,76,evaluation,Train,Hurricane Ida,20210902-LA-DIV-01.geo.tif,minor damage,1,False,True,28170,31753,28833,32411,orthomosaic::20210902-LA-DIV-01.geo.tif,orthomosaic_surrogate::20210902-LA-DIV-01.geo.tif,orthomosaic_surrogate::20210902-LA-DIV-01.geo.tif,exact_group_0222,phash_group_0222,7b10e15d9b7faed186493cba47d2a60340d8863373615ce11bb35ad976381f26,c8796d38a5a156c7,0.0,27,100,30
64ad0da1470b316ba80af448006d2337,1223657aa9c64ef9a71b87ec73e1d063,42,train,Train,Hurricane Ian,1001-San-Carlos-Island.geo.tif,no damage,0,True,False,12169,21866,12586,22341,orthomosaic::1001-San-Carlos-Island.geo.tif,orthomosaic_surrogate::1001-San-Carlos-Island.geo.tif,orthomosaic_surrogate::1001-San-Carlos-Island.geo.tif,exact_group_0223,phash_group_0223,e98a77ac6c5fcbf808e4cd8bb24f244403f3a5c8e5a1c7383f029fc7d1dbb869,853f6ff024723670,0.0,,,
659e93d5c65b261427d87698e97a1904,1fe251a58ba5443fa78cfbfe049f9cb7,94,train,Train,Hurricane Ida,20210901-Cocodrie-1.geo.tif,major damage,2,True,False,20072,4185,20746,4794,orthomosaic::20210901-Cocodrie-1.geo.tif,orthomosaic_surrogate::20210901-Cocodrie-1.geo.tif,orthomosaic_surrogate::20210901-Cocodrie-1.geo.tif,exact_group_0224,phash_group_0224,2de7f11e73b1b2cc4c836ce5985bf42d53871fffd00eed9c0c219e595eb0c5db,ae602ca5529f45f6,0.0,,,
659f34ae9a3f141eefe4aa74d4ebcdc1,13e49e564acd466a8810beb94055b68e,11,evaluation,Train,Hurricane Ian,1002-Ft-Myers-Beach-TFD.geo.tif,destroyed,3,False,True,11616,13698,12237,14249,orthomosaic::1002-Ft-Myers-Beach-TFD.geo.tif,orthomosaic_surrogate::1002-Ft-Myers-Beach-TFD.geo.tif,orthomosaic_surrogate::1002-Ft-Myers-Beach-TFD.geo.tif,exact_group_0225,phash_group_0225,cbc4a2b1f54e3e2c343bc83ae9c6657b16d012d301693753b4040aa7d3677226,d1ab4f75381822dd,0.0,36,148,44
65c2ce504cd9c51feded9ac5b6d032eb,13b2245d65fa4438a772d5e2372c9505,656,evaluation,Train,Hurricane Ian,1002-Ft-Myers-Beach-TFD.geo.tif,minor damage,1,False,True,56891,42430,57338,42807,orthomosaic::1002-Ft-Myers-Beach-TFD.geo.tif,orthomosaic_surrogate::1002-Ft-Myers-Beach-TFD.geo.tif,orthomosaic_surrogate::1002-Ft-Myers-Beach-TFD.geo.tif,exact_group_0226,phash_group_0226,4d274600af3e5878bc7319e3fb0f7ef79ec5af8c71da2822b9f13f78d0e815fd,879f70f07e457860,0.0,51,203,61
65fcfe2c293a04222782c7d8c3e61832,bea03ddb2750474d91dc3b1d52530f70,114,train,Train,Hurricane Ian,1001-San-Carlos-Island.geo.tif,major damage,2,True,False,15540,9324,16316,9995,orthomosaic::1001-San-Carlos-Island.geo.tif,orthomosaic_surrogate::1001-San-Carlos-Island.geo.tif,orthomosaic_surrogate::1001-San-Carlos-Island.geo.tif,exact_group_0227,phash_group_0227,efe13012272b4e20df829a94b0946f91efc620d5be6d66fd2ce87333b8de5dee,b843038e76d45be5,0.0,,,
674dab27c6fc387c19021305322978f7,c880173737d141419b2addb42c6275cf,277,train,Train,Hurricane Ian,1001-San-Carlos-Island.geo.tif,destroyed,3,True,False,24699,27902,25035,28489,orthomosaic::1001-San-Carlos-Island.geo.tif,orthomosaic_surrogate::1001-San-Carlos-Island.geo.tif,orthomosaic_surrogate::1001-San-Carlos-Island.geo.tif,exact_group_0228,phash_group_0228,dc8d433e509e033b5b526065a3710deaab3e400693d19735322131cf592971cb,c6cb313c4d939b64,0.0,,,
67a391c492fb37d708f520cd61f72d2b,aebe726886444adea017ca551876cbe3,344,evaluation,Train,Hurricane Ian,1002-Ft-Myers-Beach-TFD.geo.tif,destroyed,3,False,True,39906,36457,40398,36855,orthomosaic::1002-Ft-Myers-Beach-TFD.geo.tif,orthomosaic_surrogate::1002-Ft-Myers-Beach-TFD.geo.tif,orthomosaic_surrogate::1002-Ft-Myers-Beach-TFD.geo.tif,exact_group_0229,phash_group_0229,df115c46e0e4ddd5167b209d8481c147398b636e7e7a4cd945ad6e73423da58e,88935f6f50407fd1,0.0,20,148,44
6868942a1734f12cae2c36a3d87899f8,9423fae5c9ae41d5906956c83786ad99,48,evaluation,Train,Hurricane Ida,20210902-LA-DIV-01.geo.tif,minor damage,1,False,True,25401,36460,25703,36746,orthomosaic::20210902-LA-DIV-01.geo.tif,orthomosaic_surrogate::20210902-LA-DIV-01.geo.tif,orthomosaic_surrogate::20210902-LA-DIV-01.geo.tif,exact_group_0230,phash_group_0230,0b4ca238d0fb8c3ff95192691bb723e29304312cf5ba0f8ed2722532286e53cf,9ea336955a514bca,0.0,30,100,30
68caf56383653dc5b268d1558393adce,2e909ac07a924341aafa88364ffaee04,339,train,Train,Hurricane Ian,1001-San-Carlos-Island.geo.tif,no damage,0,True,False,26706,19708,27211,20071,orthomosaic::1001-San-Carlos-Island.geo.tif,orthomosaic_surrogate::1001-San-Carlos-Island.geo.tif,orthomosaic_surrogate::1001-San-Carlos-Island.geo.tif,exact_group_0231,phash_group_0231,cbcdc441db699c120714302ccb1c3bbb6ac2eaa7e8b371bdc55cccc97e675aee,d51f6ae803051fba,0.0,,,
68cc730368fa5f8aec60114fb2f0065c,ab45897b7a1649c48b22646610fc097f,595,evaluation,Train,Hurricane Ian,1002-Ft-Myers-Beach-TFD.geo.tif,destroyed,3,False,True,53502,46672,54495,47006,orthomosaic::1002-Ft-Myers-Beach-TFD.geo.tif,orthomosaic_surrogate::1002-Ft-Myers-Beach-TFD.geo.tif,orthomosaic_surrogate::1002-Ft-Myers-Beach-TFD.geo.tif,exact_group_0232,phash_group_0232,65a9a413b913726905f107e63bcc190b6d1b7787896ef29cb85930808e991fc8,9f83607c8f83617c,0.0,5,148,44
692ae28e641f8255fbee530f4fbad995,1d048e1f972445a599843a741c43ab83,72,train,Train,Hurricane Ida,20210901-Cocodrie-1.geo.tif,major damage,2,True,False,19120,6209,19597,6586,orthomosaic::20210901-Cocodrie-1.geo.tif,orthomosaic_surrogate::20210901-Cocodrie-1.geo.tif,orthomosaic_surrogate::20210901-Cocodrie-1.geo.tif,exact_group_0233,phash_group_0233,fe002fd6e2223caa8c0593592084842649e7cff1e8097b01b83355d624297ada,e57a1b87486b3698,0.0,,,
693d8c67d2fd1041114b0e196c94bf90,b8c63814db2a477abdbddcff72a95c8d,556,evaluation,Train,Hurricane Ian,1002-Ft-Myers-Beach-TFD.geo.tif,minor damage,1,False,True,51752,36282,52347,36763,orthomosaic::1002-Ft-Myers-Beach-TFD.geo.tif,orthomosaic_surrogate::1002-Ft-Myers-Beach-TFD.geo.tif,orthomosaic_surrogate::1002-Ft-Myers-Beach-TFD.geo.tif,exact_group_0234,phash_group_0234,43929e2c661e415d182be109bf7cba55e2244bac6c4683f1050e900e522a006c,931e7c8469e96723,0.0,47,203,61
694da2e33820b3e244763094cb778689,7ae422b15308445ca8850aaaed5e2aee,107,train,Train,Hurricane Ida,20210901-Cocodrie-1.geo.tif,no damage,0,True,False,11979,30203,12405,30651,orthomosaic::20210901-Cocodrie-1.geo.tif,orthomosaic_surrogate::20210901-Cocodrie-1.geo.tif,orthomosaic_surrogate::20210901-Cocodrie-1.geo.tif,exact_group_0235,phash_group_0235,51691fd46686171d8ea136e2e39a48b6de47a99cf064d56280ac87fa0d462b53,d5e94ae265a926a5,0.0,,,
698ea9f345737df76b1d5cad718ffa48,24290d0028f542a2b30a34c22874e7c8,67,train,Train,Hurricane Ian,1001-San-Carlos-Island.geo.tif,destroyed,3,True,False,15618,3099,15946,3645,orthomosaic::1001-San-Carlos-Island.geo.tif,orthomosaic_surrogate::1001-San-Carlos-Island.geo.tif,orthomosaic_surrogate::1001-San-Carlos-Island.geo.tif,exact_group_0236,phash_group_0236,f4ed1d86dd3820c93a85c46e3b58a051bb55653de04afa5b43603d86300bea03,c36d3896c94c66b3,0.3918005971383573,,,
6bfae79233175f20924e3400c0cccfb5,7c0ff2ef27a74b2796391e580b47f7ad,421,evaluation,Train,Hurricane Ian,1002-Ft-Myers-Beach-TFD.geo.tif,no damage,0,False,True,44669,39959,45324,40596,orthomosaic::1002-Ft-Myers-Beach-TFD.geo.tif,orthomosaic_surrogate::1002-Ft-Myers-Beach-TFD.geo.tif,orthomosaic_surrogate::1002-Ft-Myers-Beach-TFD.geo.tif,exact_group_0237,phash_group_0237,5d2baab5e55881d1b2459ba659d8350662999913bcab1050a8f34e25fdea3210,b5aa66c3163c1c75,0.0,88,359,108
6ceb5e0f81dc739e8d08260c632bdb15,284948f0e5a346d5a595efee09894fdb,188,train,Train,Hurricane Ian,1001-San-Carlos-Island.geo.tif,minor damage,1,True,False,22581,18559,22976,18795,orthomosaic::1001-San-Carlos-Island.geo.tif,orthomosaic_surrogate::1001-San-Carlos-Island.geo.tif,orthomosaic_surrogate::1001-San-Carlos-Island.geo.tif,exact_group_0238,phash_group_0238,4f7ec78bad64a1c7526e9a86a38eb5b32410a535f7eab6b189df67fd49a5b67c,95356aca1a3df560,0.0,,,
6d0681934c8e47f448cc6e9355275c89,92734ccd71c24375ac6c1d4c76b97136,241,evaluation,Train,Hurricane Ian,1002-Ft-Myers-Beach-TFD.geo.tif,major damage,2,False,True,31340,29561,31934,30193,orthomosaic::1002-Ft-Myers-Beach-TFD.geo.tif,orthomosaic_surrogate::1002-Ft-Myers-Beach-TFD.geo.tif,orthomosaic_surrogate::1002-Ft-Myers-Beach-TFD.geo.tif,exact_group_0239,phash_group_0239,e6d9b82ec7c39c1d703653ac3acd68c2b9d9d581581dcf76c58e78ba7e017bcd,913a3fc601f07cdc,0.0,12,51,15
6d08a7efa10508e728700f7ba9178af3,6751044d3d7c4b259857f167951183f8,27,train,Train,Hurricane Ida,20210901-Cocodrie-1.geo.tif,major damage,2,True,False,16526,19928,17087,20396,orthomosaic::20210901-Cocodrie-1.geo.tif,orthomosaic_surrogate::20210901-Cocodrie-1.geo.tif,orthomosaic_surrogate::20210901-Cocodrie-1.geo.tif,exact_group_0240,phash_group_0240,67c0fc48403acbe203436d161ac341472c2ff07fbe0b70727e3ccb2d3d02b233,de6960962db0171f,0.0,,,
6dfdba8b8a0796c5bee51a2704d6d7b7,72d9fc582e244ebd9b9f4640ba5e1212,266,train,Train,Hurricane Ian,1001-San-Carlos-Island.geo.tif,no damage,0,True,False,24575,10614,24777,10980,orthomosaic::1001-San-Carlos-Island.geo.tif,orthomosaic_surrogate::1001-San-Carlos-Island.geo.tif,orthomosaic_surrogate::1001-San-Carlos-Island.geo.tif,exact_group_0241,phash_group_0241,5b67d19adc62032852d492f2b7b22944b88285665c2240d581e83281808847ef,c3696d3d3c34343c,0.0,,,
6e27769bd21e071412ad2bc3b2392bc9,b9105bc325454f66a63e2afe61933d30,443,evaluation,Train,Hurricane Ian,1002-Ft-Myers-Beach-TFD.geo.tif,destroyed,3,False,True,45846,41210,46511,41883,orthomosaic::1002-Ft-Myers-Beach-TFD.geo.tif,orthomosaic_surrogate::1002-Ft-Myers-Beach-TFD.geo.tif,orthomosaic_surrogate::1002-Ft-Myers-Beach-TFD.geo.tif,exact_group_0242,phash_group_0242,3017255aadac819f4141e1817bab62df84e1ea5770fc33c5a5e1521cafca0ce5,96327ae2465ee949,0.0,8,148,44
6e5d8b46a852f7f8e0486cefb33d7034,db4f042c889848e7961d69728e54881b,388,evaluation,Train,Hurricane Ian,1002-Ft-Myers-Beach-TFD.geo.tif,no damage,0,False,True,43343,23747,44000,24534,orthomosaic::1002-Ft-Myers-Beach-TFD.geo.tif,orthomosaic_surrogate::1002-Ft-Myers-Beach-TFD.geo.tif,orthomosaic_surrogate::1002-Ft-Myers-Beach-TFD.geo.tif,exact_group_0243,phash_group_0243,d859cffe1ab200b367f2b4a34333f3475ac4bb8da2754b4f111de21cd0b13b84,c06b8dd432399f72,0.0,20,359,108
6eca3178ba093f18b453a2b883bc5d4f,cae86c511cb845f8a10262813bb802fe,518,evaluation,Train,Hurricane Ian,1002-Ft-Myers-Beach-TFD.geo.tif,minor damage,1,False,True,52176,41539,52491,42219,orthomosaic::1002-Ft-Myers-Beach-TFD.geo.tif,orthomosaic_surrogate::1002-Ft-Myers-Beach-TFD.geo.tif,orthomosaic_surrogate::1002-Ft-Myers-Beach-TFD.geo.tif,exact_group_0244,phash_group_0244,8be15749aa8bcf646f58e71d350d934122b02f0cf2283b8b2ae212f7f574e02c,9bce4cc7c7611938,0.0,8,203,61
6f253ea0ee06d25e4616a43ec9ac3cf8,c4110c9005e346ef828ef4a4bfbddfd0,46,evaluation,Train,Hurricane Ida,20210902-LA-DIV-01.geo.tif,no damage,0,False,True,24890,34752,25689,35548,orthomosaic::20210902-LA-DIV-01.geo.tif,orthomosaic_surrogate::20210902-LA-DIV-01.geo.tif,orthomosaic_surrogate::20210902-LA-DIV-01.geo.tif,exact_group_0245,phash_group_0245,f3a722a1a5556a57e2df81855294d48d1315b2e62dacf73551a4d932179d8229,81b80fd97cf828d5,0.0,7,57,17
6f53578ce8062bae75d508d9e05ca434,d7978acf362f423fb1579c3f171945da,287,evaluation,Train,Hurricane Ian,1002-Ft-Myers-Beach-TFD.geo.tif,no damage,0,False,True,38307,23423,38682,23796,orthomosaic::1002-Ft-Myers-Beach-TFD.geo.tif,orthomosaic_surrogate::1002-Ft-Myers-Beach-TFD.geo.tif,orthomosaic_surrogate::1002-Ft-Myers-Beach-TFD.geo.tif,exact_group_0246,phash_group_0246,4e82e88c0ed4c430c67dacf8ab3dc65bbeb84b536b1b8dadd1712a16db4c4676,99883838e4f373a7,0.0,54,359,108
6fa3889378b6935d285b3ace2c8fa65e,4e36259d5c0f47ecb3eb4d1418b20778,381,train,Train,Hurricane Ian,1001-San-Carlos-Island.geo.tif,no damage,0,True,False,28677,18280,29068,18626,orthomosaic::1001-San-Carlos-Island.geo.tif,orthomosaic_surrogate::1001-San-Carlos-Island.geo.tif,orthomosaic_surrogate::1001-San-Carlos-Island.geo.tif,exact_group_0247,phash_group_0247,d9866138e36fa80f7e525cfa56b2b27bc86100364dbd4449625038cdb4e3b9df,cc663737731930d8,0.3873584147177753,,,
6fd6910ffdd722296ccdfecd81a3c55c,651422be1c26409b9499f33fbfc8ae0c,731,evaluation,Train,Hurricane Ian,1002-Ft-Myers-Beach-TFD.geo.tif,destroyed,3,False,True,8002,14965,8643,15534,orthomosaic::1002-Ft-Myers-Beach-TFD.geo.tif,orthomosaic_surrogate::1002-Ft-Myers-Beach-TFD.geo.tif,orthomosaic_surrogate::1002-Ft-Myers-Beach-TFD.geo.tif,exact_group_0248,phash_group_0248,3c12194ef140d73517c32badfcdae9921761182b1a0f2c8cc5b00deffd7ef6f0,899b76b6526339c4,0.0,33,148,44
706f43a07d48a7f6e13dd9b53cc3c32e,be4d2486cb3c42ea9c14844b5315143b,418,train,Train,Hurricane Ian,1001-San-Carlos-Island.geo.tif,major damage,2,True,False,4028,7013,4514,7494,orthomosaic::1001-San-Carlos-Island.geo.tif,orthomosaic_surrogate::1001-San-Carlos-Island.geo.tif,orthomosaic_surrogate::1001-San-Carlos-Island.geo.tif,exact_group_0249,phash_group_0249,dc54e2c6c8897ee752b9072497b98294e018e7c2d620b702388c379a02996859,a3b85e1679357093,0.0,,,
70aff067b0b67bed211f5db22ebb62bb,5b2e9e0493604d6b9a57c182322d5504,439,evaluation,Train,Hurricane Ian,1002-Ft-Myers-Beach-TFD.geo.tif,destroyed,3,False,True,45420,41876,45856,42315,orthomosaic::1002-Ft-Myers-Beach-TFD.geo.tif,orthomosaic_surrogate::1002-Ft-Myers-Beach-TFD.geo.tif,orthomosaic_surrogate::1002-Ft-Myers-Beach-TFD.geo.tif,exact_group_0250,phash_group_0250,3a84bd21421d2100b428456f8d37a20a6202897451035b7bae3d4c1df4c886b6,9d0c7315f25c3731,0.0,11,148,44
70ed4bb0745c9a2f95daca2e83727def,7b1fc951904b4434b1cd74742f68b773,227,train,Train,Hurricane Ian,1001-San-Carlos-Island.geo.tif,minor damage,1,True,False,23668,12374,24388,12865,orthomosaic::1001-San-Carlos-Island.geo.tif,orthomosaic_surrogate::1001-San-Carlos-Island.geo.tif,orthomosaic_surrogate::1001-San-Carlos-Island.geo.tif,exact_group_0251,phash_group_0251,18da4a1f48ce1702d0af24a0f6afe5c129eb4ac5d8188dc928d9d08e8d09f0ea,92276dca1e38f7a0,0.0,,,
71096b963abb0e9d6a4e8774986b4d64,40dae56283594d7a9bd5a75ab93f71fd,479,evaluation,Train,Hurricane Ian,1002-Ft-Myers-Beach-TFD.geo.tif,major damage,2,False,True,48704,43706,49202,44198,orthomosaic::1002-Ft-Myers-Beach-TFD.geo.tif,orthomosaic_surrogate::1002-Ft-Myers-Beach-TFD.geo.tif,orthomosaic_surrogate::1002-Ft-Myers-Beach-TFD.geo.tif,exact_group_0252,phash_group_0252,4baa40d181af786faada26214b342e0ae980758c6058ed287a1fae925efe5e96,9abe72f027c63c0c,0.0,2,51,15
71204fadbb94f85289d165bc60fb0b8f,2ee3235909684559843a16c6a118c3d9,375,evaluation,Train,Hurricane Ian,1002-Ft-Myers-Beach-TFD.geo.tif,no damage,0,False,True,42895,38125,43397,38630,orthomosaic::1002-Ft-Myers-Beach-TFD.geo.tif,orthomosaic_surrogate::1002-Ft-Myers-Beach-TFD.geo.tif,orthomosaic_surrogate::1002-Ft-Myers-Beach-TFD.geo.tif,exact_group_0253,phash_group_0253,aad287ff1d6810e794b1ed9e99fa8d93ef5681087b74d3771f85b3e7619d4849,bdac79d0eb9204e1,0.0,55,359,108
71337d5483fab187b78e82f4b347d00d,e22b5552216b477d8054efe86a119d3a,285,train,Train,Hurricane Ian,1001-San-Carlos-Island.geo.tif,no damage,0,True,False,26934,21820,27344,22096,orthomosaic::1001-San-Carlos-Island.geo.tif,orthomosaic_surrogate::1001-San-Carlos-Island.geo.tif,orthomosaic_surrogate::1001-San-Carlos-Island.geo.tif,exact_group_0254,phash_group_0254,5a736ae8d3bf02dae0769239aeff92e950b059b21c941f5f8f8393df5a4c94fd,801a7fed04ecda1b,0.0,,,
72bd356bd0d7b8bd2fa0462a6036c179,6712cf2fb7004400ab7553f3b417f65e,536,train,Train,Hurricane Ian,1001-San-Carlos-Island.geo.tif,minor damage,1,True,False,8509,10427,8900,10706,orthomosaic::1001-San-Carlos-Island.geo.tif,orthomosaic_surrogate::1001-San-Carlos-Island.geo.tif,orthomosaic_surrogate::1001-San-Carlos-Island.geo.tif,exact_group_0255,phash_group_0255,0a24e2290527a5f8c9884640dc9ef9f0b1f595a0ceabb2a3469e8c758cb76bb2,d6ec3d536a0532cc,0.0,,,
72d2337f2de442800fc8f51c5da3336b,566b44f4dd8e45fca336b7edd758d211,146,evaluation,Train,Hurricane Ida,20210902-LA-DIV-01.geo.tif,no damage,0,False,True,38191,23679,38765,24267,orthomosaic::20210902-LA-DIV-01.geo.tif,orthomosaic_surrogate::20210902-LA-DIV-01.geo.tif,orthomosaic_surrogate::20210902-LA-DIV-01.geo.tif,exact_group_0256,phash_group_0256,6e0847666c3a916a004d4f9abf2a381fdfddbbed03443489bab024513d49e7f7,94387a72676f6e04,0.0,3,57,17
72dd797ce58f02ee6ba223a12daa139f,7467b7c0d6e44bffb56d4cf75725d5e4,481,train,Train,Hurricane Ian,1001-San-Carlos-Island.geo.tif,no damage,0,True,False,9204,5887,9661,6407,orthomosaic::1001-San-Carlos-Island.geo.tif,orthomosaic_surrogate::1001-San-Carlos-Island.geo.tif,orthomosaic_surrogate::1001-San-Carlos-Island.geo.tif,exact_group_0257,phash_group_0257,c4a8640474e5d187d6ca781cf8a5fa8e5c6869842b8645ef3689302175293c16,90366dc83dc7348f,0.0,,,
72e8c8f846acf8b47a01f17b3d1f2184,c21dd8e05d7f4b02b4f59e980dff8f6a,43,evaluation,Train,Hurricane Ian,1002-Ft-Myers-Beach-TFD.geo.tif,no damage,0,False,True,12323,9711,12902,10285,orthomosaic::1002-Ft-Myers-Beach-TFD.geo.tif,orthomosaic_surrogate::1002-Ft-Myers-Beach-TFD.geo.tif,orthomosaic_surrogate::1002-Ft-Myers-Beach-TFD.geo.tif,exact_group_0258,phash_group_0258,b61bb4b66fdd3d2fd6d9c5e6ebbac50eb9a468b75794b9133506067d34e777d2,91cb7b1f216a863c,0.0,24,359,108
73b144c53a54612e3b33b62fa81dbe1f,40d96f7566cc4537baf0038f720583b0,97,evaluation,Train,Hurricane Ida,20210902-LA-DIV-01.geo.tif,minor damage,1,False,True,29900,37126,30550,37829,orthomosaic::20210902-LA-DIV-01.geo.tif,orthomosaic_surrogate::20210902-LA-DIV-01.geo.tif,orthomosaic_surrogate::20210902-LA-DIV-01.geo.tif,exact_group_0259,phash_group_0259,92905075d3a432737d4e221f4cd331e08662c2f2889bcef460b10446c03f9cb1,952c3cb4e0f38b87,0.0,22,100,30
73d4c0e82a6a1ddd402d6ac40046f150,24bd24526a324f899153de89eccf3235,313,evaluation,Train,Hurricane Ian,1002-Ft-Myers-Beach-TFD.geo.tif,no damage,0,False,True,39122,26196,39846,26970,orthomosaic::1002-Ft-Myers-Beach-TFD.geo.tif,orthomosaic_surrogate::1002-Ft-Myers-Beach-TFD.geo.tif,orthomosaic_surrogate::1002-Ft-Myers-Beach-TFD.geo.tif,exact_group_0260,phash_group_0260,4b58b7c5339bee5c440bdaec04899ad1cc1dff7fc3e6ecc2450aa2d9b12fa1b1,b56860cb3f176c91,0.0,92,359,108
73e40e7a555e4b7431c587752882d1f4,b033dd6d20164deb9dc2f07f9d71ea2d,87,evaluation,Train,Hurricane Ida,20210902-LA-DIV-01.geo.tif,major damage,2,False,True,27623,44826,28522,45714,orthomosaic::20210902-LA-DIV-01.geo.tif,orthomosaic_surrogate::20210902-LA-DIV-01.geo.tif,orthomosaic_surrogate::20210902-LA-DIV-01.geo.tif,exact_group_0261,phash_group_0261,1d668d5ed88760d61bb91580e4f0f7a2de6e615a8bb509030fe2386e5a3cc321,cb2f7eb422d20b0b,0.0,9,116,35
73ebc651c75205b1b3579c6d95e4306c,3e3e0abfe2c04f68ac25c6f64bb055d4,313,evaluation,Train,Hurricane Ida,20210902-LA-DIV-01.geo.tif,destroyed,3,False,True,60330,11583,61631,12808,orthomosaic::20210902-LA-DIV-01.geo.tif,orthomosaic_surrogate::20210902-LA-DIV-01.geo.tif,orthomosaic_surrogate::20210902-LA-DIV-01.geo.tif,exact_group_0262,phash_group_0262,d753b349e1dece36e052667503cde1a3ab7dca7e8c6ecf018fd2ea05675fe5b8,96bd43c26add2d60,0.0,13,69,21
742f080f229dccf5aa89dd4d825b6491,7c4f9d07403a436099224a6566f1a009,377,train,Train,Hurricane Ian,1001-San-Carlos-Island.geo.tif,no damage,0,True,False,28565,28894,29015,29313,orthomosaic::1001-San-Carlos-Island.geo.tif,orthomosaic_surrogate::1001-San-Carlos-Island.geo.tif,orthomosaic_surrogate::1001-San-Carlos-Island.geo.tif,exact_group_0263,phash_group_0263,fe5c80eb6f88890a4212104a983bbbdfd3568cae1a3c7ede0d3c27a55699c6f8,84037b6c733e32ba,0.0,,,
747d7a3d6c32ff8276756f663110fb82,313b10f268044357823e74a9e69748e6,453,evaluation,Train,Hurricane Ian,1002-Ft-Myers-Beach-TFD.geo.tif,no damage,0,False,True,47638,29348,48510,30247,orthomosaic::1002-Ft-Myers-Beach-TFD.geo.tif,orthomosaic_surrogate::1002-Ft-Myers-Beach-TFD.geo.tif,orthomosaic_surrogate::1002-Ft-Myers-Beach-TFD.geo.tif,exact_group_0264,phash_group_0264,36506d5a4da47c3ee9e7a8f28add24bc4805ed7d2212744661c367a42f5e08f9,b568f23a472f1c0e,0.0,27,359,108
7516b8993e2dc402008b6079ac04aa7d,353796f7a81d4bb6a731374d85a990b2,271,evaluation,Train,Hurricane Ian,1002-Ft-Myers-Beach-TFD.geo.tif,major damage,2,False,True,34210,35585,35742,36960,orthomosaic::1002-Ft-Myers-Beach-TFD.geo.tif,orthomosaic_surrogate::1002-Ft-Myers-Beach-TFD.geo.tif,orthomosaic_surrogate::1002-Ft-Myers-Beach-TFD.geo.tif,exact_group_0265,phash_group_0265,3b834a9a1250464606ca98d01b0660194c249bf67d8f8ea939a3200a44c72055,aa22258534d75afb,0.0,10,51,15
7665ead97b838e4d55bb5637772631ed,509e8b12832f4146a2b44b748709e647,697,evaluation,Train,Hurricane Ian,1002-Ft-Myers-Beach-TFD.geo.tif,no damage,0,False,True,61057,39854,61679,40602,orthomosaic::1002-Ft-Myers-Beach-TFD.geo.tif,orthomosaic_surrogate::1002-Ft-Myers-Beach-TFD.geo.tif,orthomosaic_surrogate::1002-Ft-Myers-Beach-TFD.geo.tif,exact_group_0266,phash_group_0266,8eb24711ab466cded8c316192f83357f9aee27c6f5e23f290fdf717d3a6c5ab3,858768cd366c35f4,0.0,69,359,108
77cb3a0725debe81bfaa44dd00db1e6f,d30a166019cb4b10a0361551e9d52d46,72,evaluation,Train,Hurricane Ian,1002-Ft-Myers-Beach-TFD.geo.tif,destroyed,3,False,True,14895,18501,15390,18973,orthomosaic::1002-Ft-Myers-Beach-TFD.geo.tif,orthomosaic_surrogate::1002-Ft-Myers-Beach-TFD.geo.tif,orthomosaic_surrogate::1002-Ft-Myers-Beach-TFD.geo.tif,exact_group_0267,phash_group_0267,59d45fb856c4aa639f6c2e20edb9acc3c019b57ab6e4d50424868b73b0368148,a4996772197a0e6d,0.0,25,148,44
77cd2dc6c45eb092eacad42f872073cc,45cac3ee7d314a84b45b08945aa8e72f,86,train,Train,Hurricane Ida,20210901-Cocodrie-1.geo.tif,major damage,2,True,False,21876,1310,22578,1954,orthomosaic::20210901-Cocodrie-1.geo.tif,orthomosaic_surrogate::20210901-Cocodrie-1.geo.tif,orthomosaic_surrogate::20210901-Cocodrie-1.geo.tif,exact_group_0268,phash_group_0268,167e9e91840f89ec6725ca1c8fc72ae29f3ee6eb8999adf7e1b53d96fd0f9ca2,92904c6a2b277d6f,0.0,,,
787661aaf170056699a8e5b82e1f1028,d8910890c8dd42c498b0a7b57c559cb4,158,evaluation,Train,Hurricane Ian,1002-Ft-Myers-Beach-TFD.geo.tif,no damage,0,False,True,20760,17082,21393,17679,orthomosaic::1002-Ft-Myers-Beach-TFD.geo.tif,orthomosaic_surrogate::1002-Ft-Myers-Beach-TFD.geo.tif,orthomosaic_surrogate::1002-Ft-Myers-Beach-TFD.geo.tif,exact_group_0269,phash_group_0269,dcffb86868bacfbdc9cbb52713b3275d1df9709faccf92c7e6be7296d70e72bd,8a642a8c65bd7793,0.0,83,359,108
789ec970079a666cd83339bace088d40,a52aefd6ee1642149b35ea32828da9c8,95,evaluation,Train,Hurricane Ian,1002-Ft-Myers-Beach-TFD.geo.tif,no damage,0,False,True,17416,14754,18225,15561,orthomosaic::1002-Ft-Myers-Beach-TFD.geo.tif,orthomosaic_surrogate::1002-Ft-Myers-Beach-TFD.geo.tif,orthomosaic_surrogate::1002-Ft-Myers-Beach-TFD.geo.tif,exact_group_0270,phash_group_0270,ca7f4378fd4cc3a58340a5c1538df8143d2d69d019acc5f20c3571ca5e54b433,918a4bc1eb6c333d,0.0,106,359,108
7aa5b61e9eab6c85fe42c899ecd322c6,8574c253e4744f00b9b29a3ba561412f,2,evaluation,Train,Hurricane Ian,1002-Ft-Myers-Beach-TFD.geo.tif,destroyed,3,False,True,1642,10726,2237,11311,orthomosaic::1002-Ft-Myers-Beach-TFD.geo.tif,orthomosaic_surrogate::1002-Ft-Myers-Beach-TFD.geo.tif,orthomosaic_surrogate::1002-Ft-Myers-Beach-TFD.geo.tif,exact_group_0271,phash_group_0271,a332478646bdf969ee96a38fd30e7f4a0d550398178c36929420173dbb2f2893,948f32df73cc6019,0.0,16,148,44
7b5688930378bed3b01af57bc953fcfe,f1833d6318c245929b8fa31f426569f0,714,evaluation,Train,Hurricane Ian,1002-Ft-Myers-Beach-TFD.geo.tif,no damage,0,False,True,62932,43007,63469,43590,orthomosaic::1002-Ft-Myers-Beach-TFD.geo.tif,orthomosaic_surrogate::1002-Ft-Myers-Beach-TFD.geo.tif,orthomosaic_surrogate::1002-Ft-Myers-Beach-TFD.geo.tif,exact_group_0272,phash_group_0272,e0fc732812a93d37b560389f7b2e49584e3b679df58efb15b04173e559a62821,94631c1f491f1f1d,0.0,80,359,108
7c038fafd6e433aece93b0035c08f690,06b240b03b39470d82695546c0d6bcbe,268,evaluation,Train,Hurricane Ida,20210902-LA-DIV-01.geo.tif,minor damage,1,False,True,56185,11849,56542,12199,orthomosaic::20210902-LA-DIV-01.geo.tif,orthomosaic_surrogate::20210902-LA-DIV-01.geo.tif,orthomosaic_surrogate::20210902-LA-DIV-01.geo.tif,exact_group_0273,phash_group_0273,b5387c1c26d8c2ed7fedac8f69a6fc03dd172c0ad58be1ad58e186ad44aa3627,c3e66417165a1b3d,0.0,14,100,30
7c61d4feea2177e7b257867a8aa5fd22,ab85c7076bf6479c897da7962537e94e,333,evaluation,Train,Hurricane Ida,20210902-LA-DIV-01.geo.tif,minor damage,1,False,True,63424,9227,64222,10008,orthomosaic::20210902-LA-DIV-01.geo.tif,orthomosaic_surrogate::20210902-LA-DIV-01.geo.tif,orthomosaic_surrogate::20210902-LA-DIV-01.geo.tif,exact_group_0274,phash_group_0274,6cb3a6b7dedd6079560f0a7e670bdfd3ae54cb2b967021eea191746ed2f22836,d34a291d9fcbc1a4,0.025506265217649503,11,100,30
7cd024930c1e92aab442bf7c904c16b3,ef61d49f129745f89e1fdb49def0fb0c,181,evaluation,Train,Hurricane Ida,20210902-LA-DIV-01.geo.tif,destroyed,3,False,True,42949,29435,43670,30089,orthomosaic::20210902-LA-DIV-01.geo.tif,orthomosaic_surrogate::20210902-LA-DIV-01.geo.tif,orthomosaic_surrogate::20210902-LA-DIV-01.geo.tif,exact_group_0275,phash_group_0275,666ae1c8ee0a29867c9b940042a67bcd085a255ad91e8da25bb9d43b5925a1a5,8bdb7a292184763e,0.0,1,69,21
7d0bf2fc56390745a491a42816ddfa4a,7e6d77a689d642818a845eac4cc5d68b,487,train,Train,Hurricane Ian,1001-San-Carlos-Island.geo.tif,no damage,0,True,False,8054,18065,8769,18467,orthomosaic::1001-San-Carlos-Island.geo.tif,orthomosaic_surrogate::1001-San-Carlos-Island.geo.tif,orthomosaic_surrogate::1001-San-Carlos-Island.geo.tif,exact_group_0276,phash_group_0276,96bb8e1a60b126f48fd7f4dab1e280e2be4af12e17509e0d93fe73acc46075ef,976b78142acb932e,0.0,,,
7d9399cb2f5d4dfd3124fada46aae4c0,716b81b207184d829295f5e2014ea1df,68,evaluation,Train,Hurricane Ida,20210902-LA-DIV-01.geo.tif,minor damage,1,False,True,27698,34246,28314,34868,orthomosaic::20210902-LA-DIV-01.geo.tif,orthomosaic_surrogate::20210902-LA-DIV-01.geo.tif,orthomosaic_surrogate::20210902-LA-DIV-01.geo.tif,exact_group_0277,phash_group_0277,0f80de4e5085667531bd7347fc4ca75c664a910ddff2955ca45963f9c7777619,d0f579c1610725ee,0.0,3,100,30
7e94d051aaf779c4010258f9047fa6b6,e626b1e8f34e4c65a8bf70bdefa11804,374,evaluation,Train,Hurricane Ian,1002-Ft-Myers-Beach-TFD.geo.tif,no damage,0,False,True,41769,37709,42353,38051,orthomosaic::1002-Ft-Myers-Beach-TFD.geo.tif,orthomosaic_surrogate::1002-Ft-Myers-Beach-TFD.geo.tif,orthomosaic_surrogate::1002-Ft-Myers-Beach-TFD.geo.tif,exact_group_0278,phash_group_0278,0e97fa0cfaf5627c895e9ac0130de2dfedf92f138b7a946afb8b49d2b4e9660c,89bb564f69f0900f,0.0,71,359,108
7edeb28e28e2e5021bfbbe69a6b838f7,7160486121f5493096f2e1beb9d3822b,35,train,Train,Hurricane Ian,1001-San-Carlos-Island.geo.tif,major damage,2,True,False,13525,21581,13816,21791,orthomosaic::1001-San-Carlos-Island.geo.tif,orthomosaic_surrogate::1001-San-Carlos-Island.geo.tif,orthomosaic_surrogate::1001-San-Carlos-Island.geo.tif,exact_group_0279,phash_group_0279,c3052d8f63a2cfdd2573c0f21a5172640121f76f42d013392b05c7b672440525,d0543aab3fcb4562,0.0,,,
7f04ef328bfdf49592e9ce853d7cc92b,b503b1d8e67743939cd60f7a3db83193,373,evaluation,Train,Hurricane Ian,1002-Ft-Myers-Beach-TFD.geo.tif,minor damage,1,False,True,42090,36230,42682,36835,orthomosaic::1002-Ft-Myers-Beach-TFD.geo.tif,orthomosaic_surrogate::1002-Ft-Myers-Beach-TFD.geo.tif,orthomosaic_surrogate::1002-Ft-Myers-Beach-TFD.geo.tif,exact_group_0280,phash_group_0280,0a451a1bed1d18d337a09f21c713e33f7761230eacbdec4f591b77ee77bae66f,ac76fc3c3085c9e4,0.0,7,203,61
7f5721d20f7de4c9a6542edf12dd3985,d4990fa36e1f4e9ab185e8032c909c3e,172,evaluation,Train,Hurricane Ida,20210902-LA-DIV-01.geo.tif,major damage,2,False,True,42580,27741,43269,28485,orthomosaic::20210902-LA-DIV-01.geo.tif,orthomosaic_surrogate::20210902-LA-DIV-01.geo.tif,orthomosaic_surrogate::20210902-LA-DIV-01.geo.tif,exact_group_0281,phash_group_0281,144900f2635be6a5b2298b692a7507f3da52ff5264236429b9a38f6f9c4062d8,c4c16a339b2bb16d,0.0,34,116,35
7f98ff252f4f2715e5125b680dcf0eeb,4fd20d1f5c194ebba8d52c1f35a6b206,562,evaluation,Train,Hurricane Ian,1002-Ft-Myers-Beach-TFD.geo.tif,no damage,0,False,True,51264,43118,51603,43726,orthomosaic::1002-Ft-Myers-Beach-TFD.geo.tif,orthomosaic_surrogate::1002-Ft-Myers-Beach-TFD.geo.tif,orthomosaic_surrogate::1002-Ft-Myers-Beach-TFD.geo.tif,exact_group_0282,phash_group_0282,a09e6d9272bf9f6622d9f4a3e4db6a91f2a84e0bf2449d972c7751371b1ec139,9239659e669867cc,0.0,61,359,108
8006d28d82894eb462f08fed46a1a940,d8bd09b80da9451e99bec05838ee959e,560,evaluation,Train,Hurricane Ian,1002-Ft-Myers-Beach-TFD.geo.tif,no damage,0,False,True,51298,44127,51611,44353,orthomosaic::1002-Ft-Myers-Beach-TFD.geo.tif,orthomosaic_surrogate::1002-Ft-Myers-Beach-TFD.geo.tif,orthomosaic_surrogate::1002-Ft-Myers-Beach-TFD.geo.tif,exact_group_0283,phash_group_0283,c00624e46eacca8494871f2549f558b363bb5606beaa974e2c56c19e0e530a89,9ccf66786130631f,0.0,99,359,108
805f64d29c2a68becfc8f4679f1deb51,ebf3f7146fc24f158b6b7894b3f5e3ff,176,evaluation,Train,Hurricane Ida,20210902-LA-DIV-01.geo.tif,minor damage,1,False,True,41559,24682,42274,25385,orthomosaic::20210902-LA-DIV-01.geo.tif,orthomosaic_surrogate::20210902-LA-DIV-01.geo.tif,orthomosaic_surrogate::20210902-LA-DIV-01.geo.tif,exact_group_0284,phash_group_0284,5ffe32926d5e68f22e96b94e64cd307138065a032b893e82dffecd9c883a2909,9eb3304b435e4ce9,0.0,4,100,30
814f124df8c843e58872416b0f6a669e,1ec432c86b46400ea040c8b46fe0b3c4,275,evaluation,Train,Hurricane Ida,20210902-LA-DIV-01.geo.tif,major damage,2,False,True,56116,9541,56685,10212,orthomosaic::20210902-LA-DIV-01.geo.tif,orthomosaic_surrogate::20210902-LA-DIV-01.geo.tif,orthomosaic_surrogate::20210902-LA-DIV-01.geo.tif,exact_group_0285,phash_group_0285,2f259bba395b0b6dc42a6724a4d20a32aa5b555e520943ab36ccd83ed3c6e65d,d4c81d38f0b36b4b,0.0,4,116,35
81fd9017f694662bba8200d0ae038625,e6fabf79542142c18d12e6d5dfd8f893,10,train,Train,Hurricane Ida,20210901-Cocodrie-1.geo.tif,no damage,0,True,False,15039,31729,15723,32327,orthomosaic::20210901-Cocodrie-1.geo.tif,orthomosaic_surrogate::20210901-Cocodrie-1.geo.tif,orthomosaic_surrogate::20210901-Cocodrie-1.geo.tif,exact_group_0286,phash_group_0286,76505e111df99daf03ab8e6a3a817aa69233001237ca60878e7b5245baf1dd74,da6b34552da94b94,0.0,,,
8222823db38043ad600351dc61500b37,e11eb706d8664333be56ccfd79857dac,94,train,Train,Hurricane Ian,1001-San-Carlos-Island.geo.tif,no damage,0,True,False,14859,12045,15687,14136,orthomosaic::1001-San-Carlos-Island.geo.tif,orthomosaic_surrogate::1001-San-Carlos-Island.geo.tif,orthomosaic_surrogate::1001-San-Carlos-Island.geo.tif,exact_group_0287,phash_group_0287,12c6a513d0fe669e686fd735fa85de8afedeff6d3e10083f874cb89dbcbccd1e,9b67ce2cc6496931,0.0,,,
825fd9ff600d8198cb45321e3e71c41f,c207bf79720a47e487f4b1787ca6f2a1,476,evaluation,Train,Hurricane Ian,1002-Ft-Myers-Beach-TFD.geo.tif,minor damage,1,False,True,46933,42112,47626,42821,orthomosaic::1002-Ft-Myers-Beach-TFD.geo.tif,orthomosaic_surrogate::1002-Ft-Myers-Beach-TFD.geo.tif,orthomosaic_surrogate::1002-Ft-Myers-Beach-TFD.geo.tif,exact_group_0288,phash_group_0288,4f75112158b29bdf4f786a35cee644ccd4538350cccd6071cd15bbe02d8df4c9,99266fc4964adad1,0.0,27,203,61
82778675f4ce114affc241109fe0de19,9693b205a6c4432e98f82fc0bfcec4f2,206,evaluation,Train,Hurricane Ian,1002-Ft-Myers-Beach-TFD.geo.tif,major damage,2,False,True,28679,25980,29242,26734,orthomosaic::1002-Ft-Myers-Beach-TFD.geo.tif,orthomosaic_surrogate::1002-Ft-Myers-Beach-TFD.geo.tif,orthomosaic_surrogate::1002-Ft-Myers-Beach-TFD.geo.tif,exact_group_0289,phash_group_0289,2faf96076705ef0c65cddf793511ef2307df596859ee298dcb32df03c9de00b0,c0a76ec6cc7cb918,0.0,1,51,15
8287c211c3c73d7c99c8eb5132c887f5,d8ce56b7f3854ee695e3ab16675f9baa,88,evaluation,Train,Hurricane Ida,20210902-LA-DIV-01.geo.tif,destroyed,3,False,True,28807,43801,29517,44506,orthomosaic::20210902-LA-DIV-01.geo.tif,orthomosaic_surrogate::20210902-LA-DIV-01.geo.tif,orthomosaic_surrogate::20210902-LA-DIV-01.geo.tif,exact_group_0290,phash_group_0290,f8d8a2f9e52b79c04a6e32b82d767653394d3d3d647b952052001e41f1c8e24c,d3cc6a84ac9e54ba,0.0,10,69,21
82f1d4518bf74cf78a15f81f801879a2,2369ca7f0d9e42bfbeea53a4a7a0b8b9,546,train,Train,Hurricane Ian,1001-San-Carlos-Island.geo.tif,no damage,0,True,False,8303,3809,8863,4377,orthomosaic::1001-San-Carlos-Island.geo.tif,orthomosaic_surrogate::1001-San-Carlos-Island.geo.tif,orthomosaic_surrogate::1001-San-Carlos-Island.geo.tif,exact_group_0291,phash_group_0291,cf6f81b04ecca52c2b5dd71628c74ee3b8f194677b48cc99157c08d2c6820649,9db479d238a9a09d,0.0,,,
8370e7ab0b5a2c24c7367ff50185dfde,e48df4bf8a1145ca93b3111c1be6290d,644,evaluation,Train,Hurricane Ian,1002-Ft-Myers-Beach-TFD.geo.tif,no damage,0,False,True,7636,8856,8250,9458,orthomosaic::1002-Ft-Myers-Beach-TFD.geo.tif,orthomosaic_surrogate::1002-Ft-Myers-Beach-TFD.geo.tif,orthomosaic_surrogate::1002-Ft-Myers-Beach-TFD.geo.tif,exact_group_0292,phash_group_0292,29de0ef17c2491bfa44d2595cd4ddd220b76797634cc146bbf1e71f6078ef4fd,bdc5605d4f70183b,0.0,104,359,108
83ff2dc68fcee2c876c130e649e372c7,49ce0efc6c064e0d9353d8adc5e3499c,33,train,Train,Hurricane Ian,1001-San-Carlos-Island.geo.tif,minor damage,1,True,False,13568,21305,13857,21580,orthomosaic::1001-San-Carlos-Island.geo.tif,orthomosaic_surrogate::1001-San-Carlos-Island.geo.tif,orthomosaic_surrogate::1001-San-Carlos-Island.geo.tif,exact_group_0293,phash_group_0293,47725b6e633bbfac743a7ff576fb54292537bca42c221b0fa390a1fcc1ce5775,d4007a371eba1dd5,0.0,,,
844e076ccd63827a28dc0c0dabec89e9,9e68dca3b7a5468e9ff4323a6c611726,663,evaluation,Train,Hurricane Ian,1002-Ft-Myers-Beach-TFD.geo.tif,no damage,0,False,True,57579,50384,58136,50932,orthomosaic::1002-Ft-Myers-Beach-TFD.geo.tif,orthomosaic_surrogate::1002-Ft-Myers-Beach-TFD.geo.tif,orthomosaic_surrogate::1002-Ft-Myers-Beach-TFD.geo.tif,exact_group_0294,phash_group_0294,2f5c46062b2ce130c873c65f6411b1989154eaaced48439af2ae58f527ecf1a7,9db062d7e06e5545,0.0,48,359,108
85042c036344bb925dbe04e2d1a53ae2,7f7c75cc181945f7b72fe7297d559251,101,train,Train,Hurricane Ida,20210901-Cocodrie-1.geo.tif,minor damage,1,True,False,4955,19330,8996,24295,orthomosaic::20210901-Cocodrie-1.geo.tif,orthomosaic_surrogate::20210901-Cocodrie-1.geo.tif,orthomosaic_surrogate::20210901-Cocodrie-1.geo.tif,exact_group_0295,phash_group_0295,aa4093bba4f5954d8ed68b01c0ac77d029a9c89bd9ca502f1b93acdc38366987,913db5cd2ccaca52,0.0,,,
853d6a3682e70d62d75b3b70cbb44d9e,05a83a0803f042f5b349bd69ea1c79dc,390,evaluation,Train,Hurricane Ian,1002-Ft-Myers-Beach-TFD.geo.tif,no damage,0,False,True,43344,24793,44077,25557,orthomosaic::1002-Ft-Myers-Beach-TFD.geo.tif,orthomosaic_surrogate::1002-Ft-Myers-Beach-TFD.geo.tif,orthomosaic_surrogate::1002-Ft-Myers-Beach-TFD.geo.tif,exact_group_0296,phash_group_0296,5fec178ba830f20b128dd3ed08c97e2e61727803d25b2d7c55d6133069a4ba56,b02daf751b789e20,0.0,75,359,108
8553e286893551876184acd5135f1ca3,f1cee38531274e39aa8a39d9def8f165,654,evaluation,Train,Hurricane Ian,1002-Ft-Myers-Beach-TFD.geo.tif,minor damage,1,False,True,57024,37672,57451,38180,orthomosaic::1002-Ft-Myers-Beach-TFD.geo.tif,orthomosaic_surrogate::1002-Ft-Myers-Beach-TFD.geo.tif,orthomosaic_surrogate::1002-Ft-Myers-Beach-TFD.geo.tif,exact_group_0297,phash_group_0297,882c54c651b79ce8b707cbb83f8758bbab3c27d65b770f89cd36c5f633a9e0f3,917273c72d852d9c,0.0,1,203,61
8618d8b53068c9b7939e05d5c781fd2e,ef29d579f96748b189971a03a90e0d14,151,train,Train,Hurricane Ian,1001-San-Carlos-Island.geo.tif,no damage,0,True,False,20939,21514,21846,22418,orthomosaic::1001-San-Carlos-Island.geo.tif,orthomosaic_surrogate::1001-San-Carlos-Island.geo.tif,orthomosaic_surrogate::1001-San-Carlos-Island.geo.tif,exact_group_0298,phash_group_0298,69f14aae874709689405e5d934c1550273ca15cac2f612947ba8c560fb226faa,910f4ebbad4344a7,0.0,,,
863c59d61eee7a41f29810b3a34f1748,f02066507242438d8b887cfe00c34e48,251,evaluation,Train,Hurricane Ian,1002-Ft-Myers-Beach-TFD.geo.tif,major damage,2,False,True,32700,34318,34231,35703,orthomosaic::1002-Ft-Myers-Beach-TFD.geo.tif,orthomosaic_surrogate::1002-Ft-Myers-Beach-TFD.geo.tif,orthomosaic_surrogate::1002-Ft-Myers-Beach-TFD.geo.tif,exact_group_0299,phash_group_0299,aad8909c239579a6a06d0394377f9374aef589ab0796593359345bf781a4beaf,ee03258515575af9,0.0,9,51,15
86400367731c5b925921c898b9aefc90,cef7646a6a304d159734a255deed1f8a,143,train,Train,Hurricane Ian,1001-San-Carlos-Island.geo.tif,minor damage,1,True,False,3573,5120,4334,5742,orthomosaic::1001-San-Carlos-Island.geo.tif,orthomosaic_surrogate::1001-San-Carlos-Island.geo.tif,orthomosaic_surrogate::1001-San-Carlos-Island.geo.tif,exact_group_0300,phash_group_0300,7b1a9b296399739cb19147c8622c15d5fe0064b02217e2d56dc230a8b62a9fe0,af2965ce10da47e4,0.0,,,
86ce1864beb5d7ac6e8442d0a1616eb3,36e6d3a80e204417bad37f98e3887b8b,473,train,Train,Hurricane Ian,1001-San-Carlos-Island.geo.tif,no damage,0,True,False,7870,9880,8442,10423,orthomosaic::1001-San-Carlos-Island.geo.tif,orthomosaic_surrogate::1001-San-Carlos-Island.geo.tif,orthomosaic_surrogate::1001-San-Carlos-Island.geo.tif,exact_group_0301,phash_group_0301,b040d4b67ed5845347605fcdc90ff67a6b0e9733d2a1a41625d37f6ff39bf435,c1a81d9e62f83fc1,0.0,,,
87a6185ff2ee8345f9128a9881cdcdf4,0166d3babac04d20a68179447718224c,428,evaluation,Train,Hurricane Ian,1002-Ft-Myers-Beach-TFD.geo.tif,no damage,0,False,True,46620,32868,46754,33147,orthomosaic::1002-Ft-Myers-Beach-TFD.geo.tif,orthomosaic_surrogate::1002-Ft-Myers-Beach-TFD.geo.tif,orthomosaic_surrogate::1002-Ft-Myers-Beach-TFD.geo.tif,exact_group_0302,phash_group_0302,261ef405b70e7d78f4f746d00955f595c5adc9640e429706f489ed787c9782e6,c3308cce6179ce6d,0.0,72,359,108
87c303234a51e575a4403af1b0207b83,04c2640825324f34b695f3cfac6bffb5,5,evaluation,Train,Hurricane Ida,20210902-LA-DIV-01.geo.tif,minor damage,1,False,True,13394,56889,13850,57380,orthomosaic::20210902-LA-DIV-01.geo.tif,orthomosaic_surrogate::20210902-LA-DIV-01.geo.tif,orthomosaic_surrogate::20210902-LA-DIV-01.geo.tif,exact_group_0303,phash_group_0303,f8e9e09b50587cb8cb9c6c6d7cf4ef3301ef9c321fd1ef6b3c9ee4388eadab51,951ab36ad362cb92,0.0,5,100,30
87cba2770138a85753331e465839caa9,00be1fbaae5943df81b5a4c502be2960,85,train,Train,Hurricane Ida,20210901-Cocodrie-1.geo.tif,no damage,0,True,False,21817,2037,22307,2473,orthomosaic::20210901-Cocodrie-1.geo.tif,orthomosaic_surrogate::20210901-Cocodrie-1.geo.tif,orthomosaic_surrogate::20210901-Cocodrie-1.geo.tif,exact_group_0304,phash_group_0304,b33fe6f62e246ab4b5ca9289ac3bbff5fe5492417bf11b7182ac87f2732aaadb,cbf62da9331b1119,0.0,,,
886e3f5a5b8de33187068aed6db3f8f5,778b173a20d34a409251b128585726f9,515,train,Train,Hurricane Ian,1001-San-Carlos-Island.geo.tif,destroyed,3,True,False,10118,20789,10569,21141,orthomosaic::1001-San-Carlos-Island.geo.tif,orthomosaic_surrogate::1001-San-Carlos-Island.geo.tif,orthomosaic_surrogate::1001-San-Carlos-Island.geo.tif,exact_group_0305,phash_group_0305,5d23405d69c87c1ebde2a4d5c32a1881276feb18884fb075ab1c5102000e138d,9dbd6372508f1634,0.0,,,
88eb33f252830d56872944ee5c101609,51108bb64ce54280a0a6beba0de089aa,492,evaluation,Train,Hurricane Ian,1002-Ft-Myers-Beach-TFD.geo.tif,no damage,0,False,True,48959,31227,49801,32010,orthomosaic::1002-Ft-Myers-Beach-TFD.geo.tif,orthomosaic_surrogate::1002-Ft-Myers-Beach-TFD.geo.tif,orthomosaic_surrogate::1002-Ft-Myers-Beach-TFD.geo.tif,exact_group_0306,phash_group_0306,4dc833ba27ad835f90357a71f9164b7909519541f8880ff8d956de35b5a79604,933a7ed3603b6624,0.0,29,359,108
893633e5f6b4a45a33e880ca23ca4591,310a3e0459ee4c829e147d7ae10731c0,85,train,Train,Hurricane Ian,1001-San-Carlos-Island.geo.tif,minor damage,1,True,False,14789,19038,15058,19253,orthomosaic::1001-San-Carlos-Island.geo.tif,orthomosaic_surrogate::1001-San-Carlos-Island.geo.tif,orthomosaic_surrogate::1001-San-Carlos-Island.geo.tif,exact_group_0307,phash_group_0307,e3097f2f80401f8ee1e7b72f99ec44cbb7d8d12d3ab2a14a17b5be0a5ea5c976,d46e3f95219a496a,0.0,,,
89871638243294b327d275da7f39108c,d206ad93a8844e1fa7dd3fca6850509b,425,train,Train,Hurricane Ian,1001-San-Carlos-Island.geo.tif,minor damage,1,True,False,5954,11310,6540,11871,orthomosaic::1001-San-Carlos-Island.geo.tif,orthomosaic_surrogate::1001-San-Carlos-Island.geo.tif,orthomosaic_surrogate::1001-San-Carlos-Island.geo.tif,exact_group_0308,phash_group_0308,f93801ec3483c600c528460b714fc557a9e39ffda4434b495ed3321ed77c3d4b,91334f917cca65c9,0.0,,,
899a0abb624a273eba24fec487a1e4e4,4374af94bcc44d438da9ef99eb359882,259,train,Train,Hurricane Ian,1001-San-Carlos-Island.geo.tif,minor damage,1,True,False,24549,11116,25281,11605,orthomosaic::1001-San-Carlos-Island.geo.tif,orthomosaic_surrogate::1001-San-Carlos-Island.geo.tif,orthomosaic_surrogate::1001-San-Carlos-Island.geo.tif,exact_group_0309,phash_group_0309,1714f07575a14e148e11eab200ca94c744579cb4f0abf19efa3a301da2bc343f,957c7cc20b9be225,0.0,,,
8adca2142e23e9bc62ae2f97a36a6e31,bba2f4134b964b1499fa84f4d0276d2e,49,evaluation,Train,Hurricane Ian,1002-Ft-Myers-Beach-TFD.geo.tif,minor damage,1,False,True,12900,10533,13445,11069,orthomosaic::1002-Ft-Myers-Beach-TFD.geo.tif,orthomosaic_surrogate::1002-Ft-Myers-Beach-TFD.geo.tif,orthomosaic_surrogate::1002-Ft-Myers-Beach-TFD.geo.tif,exact_group_0310,phash_group_0310,7729f0f05ae797cc85b378f706139067bcddeb150a0891053e9053fbd8e78278,db4d6a2cac3c1f30,0.0,28,203,61
8af7d93e594abae662c065b5e1c9907c,3dda1789aed24902b13205dc22289824,613,evaluation,Train,Hurricane Ian,1002-Ft-Myers-Beach-TFD.geo.tif,minor damage,1,False,True,54780,42458,55141,42860,orthomosaic::1002-Ft-Myers-Beach-TFD.geo.tif,orthomosaic_surrogate::1002-Ft-Myers-Beach-TFD.geo.tif,orthomosaic_surrogate::1002-Ft-Myers-Beach-TFD.geo.tif,exact_group_0311,phash_group_0311,08e58438ef0e6e9f27e3d9b87f6b5c6a05aff7e609dd9fd498572d44ca569796,85787a8774637c49,0.0,9,203,61
8b368bdc506b8137da0d4c9204c758d9,e90a1d30e8ca4621be15c9c98647c14e,269,evaluation,Train,Hurricane Ida,20210902-LA-DIV-01.geo.tif,destroyed,3,False,True,55747,11482,56251,11978,orthomosaic::20210902-LA-DIV-01.geo.tif,orthomosaic_surrogate::20210902-LA-DIV-01.geo.tif,orthomosaic_surrogate::20210902-LA-DIV-01.geo.tif,exact_group_0312,phash_group_0312,b418a5538a726977385c5c80d85cb0015cfd447c07ed8e26348e70f716842f6f,aa55ab55136255ab,0.0,18,69,21
8b580ddecd82f6e2962e7e5997008cec,8dabbc4802a04881a69b56ab33ecdabd,318,train,Train,Hurricane Ian,1001-San-Carlos-Island.geo.tif,minor damage,1,True,False,25937,18749,26404,19052,orthomosaic::1001-San-Carlos-Island.geo.tif,orthomosaic_surrogate::1001-San-Carlos-Island.geo.tif,orthomosaic_surrogate::1001-San-Carlos-Island.geo.tif,exact_group_0313,phash_group_0313,e21bf446aac648e89415b1269c2b6b590fcf6a7e33f3bc6cfee95fc194ca4cb1,a41d7fea0b029d35,0.0,,,
8bd28fed8ccd36d53bcd47d594402448,5fe23a0adb044eb6ab13707958b00373,202,train,Train,Hurricane Ian,1001-San-Carlos-Island.geo.tif,minor damage,1,True,False,23775,15423,24273,15778,orthomosaic::1001-San-Carlos-Island.geo.tif,orthomosaic_surrogate::1001-San-Carlos-Island.geo.tif,orthomosaic_surrogate::1001-San-Carlos-Island.geo.tif,exact_group_0314,phash_group_0314,80e71fecbbf676bbb4f17d27dfd67dcc3ba9ba3f21f72bb6a6e7bdef7faaf889,c21e25ed1d355a72,0.0,,,
8c3481a41bcab5120a19228c91aac2fa,83aeee2c20c74266b56fd260bab67146,20,evaluation,Train,Hurricane Ida,20210902-LA-DIV-01.geo.tif,destroyed,3,False,True,18959,48277,19711,48975,orthomosaic::20210902-LA-DIV-01.geo.tif,orthomosaic_surrogate::20210902-LA-DIV-01.geo.tif,orthomosaic_surrogate::20210902-LA-DIV-01.geo.tif,exact_group_0315,phash_group_0315,b6e658c5701942d9df6f1bd1b7573840f2b7567da8e339287063e38765c53288,ae9264b10aef17e4,0.0,2,69,21
8c40cfe4d93aee85cc403c48a11f098e,10484a97b4ad4adf90e9af1a1ba82886,273,train,Train,Hurricane Ian,1001-San-Carlos-Island.geo.tif,no damage,0,True,False,23782,20224,24218,20574,orthomosaic::1001-San-Carlos-Island.geo.tif,orthomosaic_surrogate::1001-San-Carlos-Island.geo.tif,orthomosaic_surrogate::1001-San-Carlos-Island.geo.tif,exact_group_0316,phash_group_0316,f79a7eddeb9c70982f3aadbbaaae6ede2d46562be42c2a302c81313725b46078,e5d26acc1e0d1d39,0.0,,,
8d1aa929f114bd4a286a4207687ca648,6b89989958b04b4f8b90f62d79c43d6a,483,train,Train,Hurricane Ian,1001-San-Carlos-Island.geo.tif,no damage,0,True,False,9010,4529,9510,5031,orthomosaic::1001-San-Carlos-Island.geo.tif,orthomosaic_surrogate::1001-San-Carlos-Island.geo.tif,orthomosaic_surrogate::1001-San-Carlos-Island.geo.tif,exact_group_0317,phash_group_0317,090ea11d1edcdfe5b6fb38c3abad4da286ddeaa43d0141a1f617acb9a995e1ad,952d4e1ca9ae5475,0.0,,,
8eb7ada5b9db6c0277d757113237301d,fd6f90efcba5401588b1e5ded4fad25d,145,evaluation,Train,Hurricane Ida,20210902-LA-DIV-01.geo.tif,no damage,0,False,True,38117,24857,38787,25543,orthomosaic::20210902-LA-DIV-01.geo.tif,orthomosaic_surrogate::20210902-LA-DIV-01.geo.tif,orthomosaic_surrogate::20210902-LA-DIV-01.geo.tif,exact_group_0318,phash_group_0318,979ca63217218459be873c125f49b3b941d8e1c5cf129e89ec627e0821ed20a5,9076f16009c34fdf,0.0,13,57,17
8eba9c8a863ca1c5bc60c31d5b8d02f3,6222d39bdba346f087d308ca54705640,59,evaluation,Train,Hurricane Ian,1002-Ft-Myers-Beach-TFD.geo.tif,no damage,0,False,True,15227,11512,15695,11987,orthomosaic::1002-Ft-Myers-Beach-TFD.geo.tif,orthomosaic_surrogate::1002-Ft-Myers-Beach-TFD.geo.tif,orthomosaic_surrogate::1002-Ft-Myers-Beach-TFD.geo.tif,exact_group_0319,phash_group_0319,fb945bf7ded4941d293044a946ae6564e8d413f7706121127b5cc4aac1e9a8b4,8dce7b0d653ca470,0.0,34,359,108
8f04a267bb530d4b92bb2c56201add9a,7c789a33cad8447d91ef3aa8857eef34,553,evaluation,Train,Hurricane Ian,1002-Ft-Myers-Beach-TFD.geo.tif,major damage,2,False,True,51486,34163,52146,34662,orthomosaic::1002-Ft-Myers-Beach-TFD.geo.tif,orthomosaic_surrogate::1002-Ft-Myers-Beach-TFD.geo.tif,orthomosaic_surrogate::1002-Ft-Myers-Beach-TFD.geo.tif,exact_group_0320,phash_group_0320,922316088ade37a06409c2921956344130fdd7df4952a1067e34c7bdcdcf97e7,bf7b458a60d4421f,0.0,7,51,15
8f39496110fb65017bdbb919a5d1837e,b71fd2f2da5a47c9915b1ba0cbbcbe92,357,evaluation,Train,Hurricane Ian,1002-Ft-Myers-Beach-TFD.geo.tif,destroyed,3,False,True,40627,41570,41152,42097,orthomosaic::1002-Ft-Myers-Beach-TFD.geo.tif,orthomosaic_surrogate::1002-Ft-Myers-Beach-TFD.geo.tif,orthomosaic_surrogate::1002-Ft-Myers-Beach-TFD.geo.tif,exact_group_0321,phash_group_0321,b89ded98f9a4c63a31a95d37c1fcda9e1cd5404e821fcc4da704e30263aeb962,cd962256275a5769,0.0,27,148,44
8f45e440980fd96745fb9092e07e60fd,a17764ccac9f4f07b3c3cce82cebcbc1,117,evaluation,Train,Hurricane Ian,1002-Ft-Myers-Beach-TFD.geo.tif,no damage,0,False,True,19453,14466,20048,15048,orthomosaic::1002-Ft-Myers-Beach-TFD.geo.tif,orthomosaic_surrogate::1002-Ft-Myers-Beach-TFD.geo.tif,orthomosaic_surrogate::1002-Ft-Myers-Beach-TFD.geo.tif,exact_group_0322,phash_group_0322,a8717dff617b1871324549b9a40394399c4843bf6e46af26fc0c8f0258a35a2f,8d417c0f6ce5a0b7,0.0,18,359,108
8f8b9e8f536a7f3eacd92effcf479450,a07ce76770594bd9983fca01f628750b,12,evaluation,Train,Hurricane Ian,1002-Ft-Myers-Beach-TFD.geo.tif,minor damage,1,False,True,13469,13176,14141,13768,orthomosaic::1002-Ft-Myers-Beach-TFD.geo.tif,orthomosaic_surrogate::1002-Ft-Myers-Beach-TFD.geo.tif,orthomosaic_surrogate::1002-Ft-Myers-Beach-TFD.geo.tif,exact_group_0323,phash_group_0323,fadedaa14129b3c98420e9e327251adfb53ff24067907b2b0bae714e1be2db56,c60c5bea29e924f5,0.0,11,203,61
90426c0d5727bb5051c9d580103a5ed1,f13d543b04254b27a75993ef4fb14e6b,522,evaluation,Train,Hurricane Ian,1002-Ft-Myers-Beach-TFD.geo.tif,minor damage,1,False,True,51226,45737,51624,46307,orthomosaic::1002-Ft-Myers-Beach-TFD.geo.tif,orthomosaic_surrogate::1002-Ft-Myers-Beach-TFD.geo.tif,orthomosaic_surrogate::1002-Ft-Myers-Beach-TFD.geo.tif,exact_group_0324,phash_group_0324,97534d4a0d13899b821d91247d133b6cec46bc64315e2f28de1c0e8782766c30,c069e7b4e51a6798,0.0,56,203,61
9093ac2130ee3dbb571a0f53be3f8a8d,94ec4e852ee144a9b84ce29c2c91ed26,85,evaluation,Train,Hurricane Ian,1002-Ft-Myers-Beach-TFD.geo.tif,no damage,0,False,True,14569,7703,15228,8262,orthomosaic::1002-Ft-Myers-Beach-TFD.geo.tif,orthomosaic_surrogate::1002-Ft-Myers-Beach-TFD.geo.tif,orthomosaic_surrogate::1002-Ft-Myers-Beach-TFD.geo.tif,exact_group_0325,phash_group_0325,f2e1116c6a31e4ad7a5868cf2cfbc352200ae8ff6d177d9f2b94dd8e9f319d38,d4d5287a476a13ab,0.0,91,359,108
90d0139ec0a03169428eec8f666dac7d,1b774229363a4e92b6c41927018bf756,301,train,Train,Hurricane Ian,1001-San-Carlos-Island.geo.tif,no damage,0,True,False,25946,15455,26370,15764,orthomosaic::1001-San-Carlos-Island.geo.tif,orthomosaic_surrogate::1001-San-Carlos-Island.geo.tif,orthomosaic_surrogate::1001-San-Carlos-Island.geo.tif,exact_group_0326,phash_group_0326,d06a8d6996a685c75c22601b0bb793c3ef17642c340543c9c4a4544d37562ada,823f6fc91da01db1,0.0,,,
919d61056731348bd11b5ecefed68e6f,f92aebd7467b48e2a6cf92ec8bfb6fa8,156,evaluation,Train,Hurricane Ida,20210902-LA-DIV-01.geo.tif,minor damage,1,False,True,38670,27607,39441,28390,orthomosaic::20210902-LA-DIV-01.geo.tif,orthomosaic_surrogate::20210902-LA-DIV-01.geo.tif,orthomosaic_surrogate::20210902-LA-DIV-01.geo.tif,exact_group_0327,phash_group_0327,f639d7caef03facf1fe7bb1e85279749aa8ba1bec4e6ac071ef9e510d0f8dc9a,b54664c90af245fd,0.0,23,100,30
92d6831dbde053cf43c49bd97daaf432,cc78ce513cdf4d7aaff4193687e96337,49,train,Train,Hurricane Ida,20210901-Cocodrie-1.geo.tif,destroyed,3,True,False,15601,24721,16096,25072,orthomosaic::20210901-Cocodrie-1.geo.tif,orthomosaic_surrogate::20210901-Cocodrie-1.geo.tif,orthomosaic_surrogate::20210901-Cocodrie-1.geo.tif,exact_group_0328,phash_group_0328,5ca602a0a4b958d72f9463732bf0e6f2f55c33d0257aa80ebf3c321bedfd229b,885477eb43b90d56,0.0,,,
93310448e5e82000b069eb5f719cb815,bdd042f1d94e47aca4edf9d4d81c65a1,388,train,Train,Hurricane Ian,1001-San-Carlos-Island.geo.tif,minor damage,1,True,False,25899,11062,26224,11232,orthomosaic::1001-San-Carlos-Island.geo.tif,orthomosaic_surrogate::1001-San-Carlos-Island.geo.tif,orthomosaic_surrogate::1001-San-Carlos-Island.geo.tif,exact_group_0329,phash_group_0329,a80918cde93605dee2a4b1472880570bd89e0e44936320dc7241f5b5f9d08ade,952a6ad5caca952d,0.0,,,
935b000224a0a7d4a612b07041cb01c5,bd1c1fa67029422ab3b1642c5dd2241e,18,train,Train,Hurricane Ida,20210901-Cocodrie-1.geo.tif,no damage,0,True,False,17019,17612,17795,18115,orthomosaic::20210901-Cocodrie-1.geo.tif,orthomosaic_surrogate::20210901-Cocodrie-1.geo.tif,orthomosaic_surrogate::20210901-Cocodrie-1.geo.tif,exact_group_0330,phash_group_0330,4c6abd82f41ae28233dd0d857cb694dfabe46577e8a3f9edbadc6873f2e75a1e,c9c836147e3fc89a,0.0,,,
93712b8f6cef8b4ad5db3d3b7ed5afcd,28247380f83749749a14630601741460,462,train,Train,Hurricane Ian,1001-San-Carlos-Island.geo.tif,no damage,0,True,False,8395,23018,8972,23425,orthomosaic::1001-San-Carlos-Island.geo.tif,orthomosaic_surrogate::1001-San-Carlos-Island.geo.tif,orthomosaic_surrogate::1001-San-Carlos-Island.geo.tif,exact_group_0331,phash_group_0331,da640d71f389a6076bd504a16e49d6e60aa5959a236655c17e46b78e94a31e3f,80686b9f3ec70de8,0.0,,,
9452b05a95043d53350bf9a3bdd97597,784f1ed296c54d7d97e3392c5fd36de6,705,evaluation,Train,Hurricane Ian,1002-Ft-Myers-Beach-TFD.geo.tif,minor damage,1,False,True,60830,45270,61492,45921,orthomosaic::1002-Ft-Myers-Beach-TFD.geo.tif,orthomosaic_surrogate::1002-Ft-Myers-Beach-TFD.geo.tif,orthomosaic_surrogate::1002-Ft-Myers-Beach-TFD.geo.tif,exact_group_0332,phash_group_0332,d47a627721d55fb1018f5c2c51d39867c55e0c52942f816c02d741c2191a3c60,8ff13d0f21587623,0.0,6,203,61
946152fda0dcaa168e5d47b6a5c52c6d,a4d9fa856dfc4bde894bc5de5c9a7305,36,train,Train,Hurricane Ida,20210901-Cocodrie-1.geo.tif,major damage,2,True,False,16007,28902,16409,29428,orthomosaic::20210901-Cocodrie-1.geo.tif,orthomosaic_surrogate::20210901-Cocodrie-1.geo.tif,orthomosaic_surrogate::20210901-Cocodrie-1.geo.tif,exact_group_0333,phash_group_0333,3c5b6a8d68e0ed79bbbc912ee01cd1aae86b69b9cebb065641e8865a68a8ef84,c0b59999e036ce1f,0.0,,,
955682338b20da14ac94c1842106ebc5,f3648e7ebfef44debc51962acec57fce,100,train,Train,Hurricane Ian,1001-San-Carlos-Island.geo.tif,destroyed,3,True,False,14773,19663,15036,20099,orthomosaic::1001-San-Carlos-Island.geo.tif,orthomosaic_surrogate::1001-San-Carlos-Island.geo.tif,orthomosaic_surrogate::1001-San-Carlos-Island.geo.tif,exact_group_0334,phash_group_0334,bfb8f8dbb813d32c0d8f664c84d31bea894d7d193c15e7976535f33c08fa4c24,c39bb61c329c38bc,0.0,,,
95cb215233674ee274116eb410137a19,bc98fe8525bd448e8aff5f9884aad78a,415,train,Train,Hurricane Ian,1001-San-Carlos-Island.geo.tif,minor damage,1,True,False,4152,4772,4475,5096,orthomosaic::1001-San-Carlos-Island.geo.tif,orthomosaic_surrogate::1001-San-Carlos-Island.geo.tif,orthomosaic_surrogate::1001-San-Carlos-Island.geo.tif,exact_group_0335,phash_group_0335,6f9583f93e65cda0d5e465237c66b38e9e733a36dddb2ff474fd9d5793c5dd86,9446f2389c7b6179,0.0,,,
963e3683db10cd25b8370faf8190c73e,a416c275e7384ed1bb88e60c73dcf027,40,train,Train,Hurricane Ian,1001-San-Carlos-Island.geo.tif,minor damage,1,True,False,12622,23049,12809,23334,orthomosaic::1001-San-Carlos-Island.geo.tif,orthomosaic_surrogate::1001-San-Carlos-Island.geo.tif,orthomosaic_surrogate::1001-San-Carlos-Island.geo.tif,exact_group_0336,phash_group_0336,296a6077014d1c6d623b84ab095e38b478348b51c2b66d6d2e6a9a5c76cf347a,c2316d39691b3d9a,0.0,,,
96889153b5dd0de9af933c6969825f52,559bf7b6da714d83ab1f7d0668d5ee81,482,train,Train,Hurricane Ian,1001-San-Carlos-Island.geo.tif,no damage,0,True,False,9522,4830,9944,5219,orthomosaic::1001-San-Carlos-Island.geo.tif,orthomosaic_surrogate::1001-San-Carlos-Island.geo.tif,orthomosaic_surrogate::1001-San-Carlos-Island.geo.tif,exact_group_0337,phash_group_0337,6a0288cbbcfa4d99362fe986565cae6461262d0c6b028e33346fc691ea8aa2e7,80216fde7593748e,0.0,,,
9722aba17c936182509c022ab0e52332,2d32149316ce40f0ac58408fbcc35501,346,evaluation,Train,Hurricane Ian,1002-Ft-Myers-Beach-TFD.geo.tif,minor damage,1,False,True,40615,37882,41301,38399,orthomosaic::1002-Ft-Myers-Beach-TFD.geo.tif,orthomosaic_surrogate::1002-Ft-Myers-Beach-TFD.geo.tif,orthomosaic_surrogate::1002-Ft-Myers-Beach-TFD.geo.tif,exact_group_0338,phash_group_0338,462adfc8976dcf63775f38ed2fb8034477f43748995d4c802c013d025a108aad,ac1c5b6331d267c5,0.0,18,203,61
97980097dc68cc91dcfae734a18aac55,58a83be2aea243f28967ded3e8dec576,157,train,Train,Hurricane Ian,1001-San-Carlos-Island.geo.tif,major damage,2,True,False,22536,13717,22972,14050,orthomosaic::1001-San-Carlos-Island.geo.tif,orthomosaic_surrogate::1001-San-Carlos-Island.geo.tif,orthomosaic_surrogate::1001-San-Carlos-Island.geo.tif,exact_group_0339,phash_group_0339,75490570fca14abcc29550c2258802bd3bcedd594b093bf5d983171b0806ec3f,b47d628e1fe0491b,0.0,,,
983e94cecebe57ac4db00fa27de3b846,274277466bf743aebdb2fed82eb90a02,62,evaluation,Train,Hurricane Ida,20210902-LA-DIV-01.geo.tif,destroyed,3,False,True,27052,34005,27412,34368,orthomosaic::20210902-LA-DIV-01.geo.tif,orthomosaic_surrogate::20210902-LA-DIV-01.geo.tif,orthomosaic_surrogate::20210902-LA-DIV-01.geo.tif,exact_group_0340,phash_group_0340,6c7fad968c4c3633efddeae89e1d158a843c3602fb11197af3d96bf9c40d4798,bde9eba5a0522349,0.0,9,69,21
9846e67a57e667c2b7cb11af4a5ff468,a2c5884e14464c22822e6812f1f2642d,571,evaluation,Train,Hurricane Ian,1002-Ft-Myers-Beach-TFD.geo.tif,destroyed,3,False,True,52256,53402,52938,54077,orthomosaic::1002-Ft-Myers-Beach-TFD.geo.tif,orthomosaic_surrogate::1002-Ft-Myers-Beach-TFD.geo.tif,orthomosaic_surrogate::1002-Ft-Myers-Beach-TFD.geo.tif,exact_group_0341,phash_group_0341,324996761549780ba64d4363c830547fe5690b2d8d5c9b9ff76f559df5c4d3a9,de9f641a1e865a64,0.0,42,148,44
989a8c520c12c3a0fdd0e8041a5faca4,ad5996e8e5d64ca189b59fc1167dfc2b,696,evaluation,Train,Hurricane Ian,1002-Ft-Myers-Beach-TFD.geo.tif,minor damage,1,False,True,61063,40750,62020,41426,orthomosaic::1002-Ft-Myers-Beach-TFD.geo.tif,orthomosaic_surrogate::1002-Ft-Myers-Beach-TFD.geo.tif,orthomosaic_surrogate::1002-Ft-Myers-Beach-TFD.geo.tif,exact_group_0342,phash_group_0342,c29811ca6e754ea2c8b50acafdac69bb4a5192a85490499d834853510b75a1cb,c0443f936f291b5d,0.0,39,203,61
98a96443fb5ed6f63d5af512a62b6392,8677e653bc3c44d6896ac4181ee1b652,317,evaluation,Train,Hurricane Ian,1002-Ft-Myers-Beach-TFD.geo.tif,no damage,0,False,True,39907,31114,40662,31710,orthomosaic::1002-Ft-Myers-Beach-TFD.geo.tif,orthomosaic_surrogate::1002-Ft-Myers-Beach-TFD.geo.tif,orthomosaic_surrogate::1002-Ft-Myers-Beach-TFD.geo.tif,exact_group_0343,phash_group_0343,d6e9bd477a628fbd6cb934636d5c4f2b2f167eabf037a225b7f79d924f7b7dd5,a1cf7f1c2270186f,0.0,40,359,108
99f82c4a50fafc9d46e4dd80c68506b7,72ee4f017e0d4beeaf5f46b6df50362c,732,evaluation,Train,Hurricane Ian,1002-Ft-Myers-Beach-TFD.geo.tif,minor damage,1,False,True,9647,3817,10161,4427,orthomosaic::1002-Ft-Myers-Beach-TFD.geo.tif,orthomosaic_surrogate::1002-Ft-Myers-Beach-TFD.geo.tif,orthomosaic_surrogate::1002-Ft-Myers-Beach-TFD.geo.tif,exact_group_0344,phash_group_0344,605ae6e88106208b776748474d9968b14acf73e0605d993063de86a0a85c7776,c5671e353813b1da,0.0,31,203,61
9a8aa36601eaa61f643a339a6a4e5228,a26d71ce0ead4a4b9c235eaf9ed06070,510,train,Train,Hurricane Ian,1001-San-Carlos-Island.geo.tif,destroyed,3,True,False,9924,20277,10169,20600,orthomosaic::1001-San-Carlos-Island.geo.tif,orthomosaic_surrogate::1001-San-Carlos-Island.geo.tif,orthomosaic_surrogate::1001-San-Carlos-Island.geo.tif,exact_group_0345,phash_group_0345,00a7070e9951877769c727de53f48e4c0bdaed6d4a6e63f098acae83a1379d65,9035e53c39337e38,0.0,,,
9b01a9df7a069ae50acff58e3a695692,856634b039154d08a04e699e701f8bd8,244,evaluation,Train,Hurricane Ida,20210902-LA-DIV-01.geo.tif,minor damage,1,False,True,52571,15573,52900,15908,orthomosaic::20210902-LA-DIV-01.geo.tif,orthomosaic_surrogate::20210902-LA-DIV-01.geo.tif,orthomosaic_surrogate::20210902-LA-DIV-01.geo.tif,exact_group_0346,phash_group_0346,7557184846d8e62a4b30062015a113693af86d4121f545016443baa4349d31c8,ca572ddaf4a0b05a,0.0,26,100,30
9bc0e684a402f9d60b24ac5cafca4c78,c06f8c4839974538aa39c79701e2e25e,63,evaluation,Train,Hurricane Ida,20210902-LA-DIV-01.geo.tif,major damage,2,False,True,26293,37266,26919,37895,orthomosaic::20210902-LA-DIV-01.geo.tif,orthomosaic_surrogate::20210902-LA-DIV-01.geo.tif,orthomosaic_surrogate::20210902-LA-DIV-01.geo.tif,exact_group_0347,phash_group_0347,143e9edd9e3da2b030349464dbf182ac6fd6c96892168726fbcb10a9cb9252f8,cd7c1bd8f021b14d,0.0,20,116,35
9c155f797ca7e4a38ce7055662a47167,f4a9c51e696d4328a1ef4cfafdc11110,548,evaluation,Train,Hurricane Ian,1002-Ft-Myers-Beach-TFD.geo.tif,destroyed,3,False,True,50237,50842,50791,51383,orthomosaic::1002-Ft-Myers-Beach-TFD.geo.tif,orthomosaic_surrogate::1002-Ft-Myers-Beach-TFD.geo.tif,orthomosaic_surrogate::1002-Ft-Myers-Beach-TFD.geo.tif,exact_group_0348,phash_group_0348,2be6e0e16169875b0ab0032e7f8463df0dbd0b995b447bf85d243bae6497fd45,cc91ad69c123572f,0.0,23,148,44
9c6f1ca8ec3bd396e6d75806f05a7209,1f8795dca25e4c53ba7bfa29db163068,39,train,Train,Hurricane Ian,1001-San-Carlos-Island.geo.tif,minor damage,1,True,False,12789,21031,13220,21543,orthomosaic::1001-San-Carlos-Island.geo.tif,orthomosaic_surrogate::1001-San-Carlos-Island.geo.tif,orthomosaic_surrogate::1001-San-Carlos-Island.geo.tif,exact_group_0349,phash_group_0349,217808f4cd0ef6198d460aef62f5566b0cc9f8d2278de80544792e15f8220ce4,953e603ccac38dbc,0.0,,,
9ca4ec3b7dae593935d7c69b673a9f26,33dc6fff8ddc483ebb734b21dd4e384b,48,evaluation,Train,Hurricane Ian,1002-Ft-Myers-Beach-TFD.geo.tif,no damage,0,False,True,13590,9870,14230,10411,orthomosaic::1002-Ft-Myers-Beach-TFD.geo.tif,orthomosaic_surrogate::1002-Ft-Myers-Beach-TFD.geo.tif,orthomosaic_surrogate::1002-Ft-Myers-Beach-TFD.geo.tif,exact_group_0350,phash_group_0350,f07642c5dc3e9e63950105ef037cfd35f888943c41c8ffe785e3f27cb7aa3349,934d6abe0af13c46,0.0,4,359,108
9d5b2825a0415880b91baf114a505e04,623f6d44ab8a4fceac4bb4d9333988c1,210,train,Train,Hurricane Ian,1001-San-Carlos-Island.geo.tif,no damage,0,True,False,23707,14900,24111,15212,orthomosaic::1001-San-Carlos-Island.geo.tif,orthomosaic_surrogate::1001-San-Carlos-Island.geo.tif,orthomosaic_surrogate::1001-San-Carlos-Island.geo.tif,exact_group_0351,phash_group_0351,2772d5d1e7e7acf784db975e01e674a47c7676a19658637289d9bd66d0555247,c51f6bc015081fbf,0.0,,,
9d82833c429d3c1ce16eaffdc16774ab,d44bc9e20df54ea8a21cd76d8925f46a,230,evaluation,Train,Hurricane Ida,20210902-LA-DIV-01.geo.tif,destroyed,3,False,True,49178,16167,49734,16710,orthomosaic::20210902-LA-DIV-01.geo.tif,orthomosaic_surrogate::20210902-LA-DIV-01.geo.tif,orthomosaic_surrogate::20210902-LA-DIV-01.geo.tif,exact_group_0352,phash_group_0352,3882e2e0bbbc56a0cc8bea31eb03155c3d73df4a2a562c96c69773544ed729b1,caf54a947a43345b,0.0,21,69,21
9eee65386477d0afa6f7fb66be395fe4,f8a0cae88aea4b05899e6475ddb251e0,282,evaluation,Train,Hurricane Ian,1002-Ft-Myers-Beach-TFD.geo.tif,major damage,2,False,True,36856,34017,37628,34858,orthomosaic::1002-Ft-Myers-Beach-TFD.geo.tif,orthomosaic_surrogate::1002-Ft-Myers-Beach-TFD.geo.tif,orthomosaic_surrogate::1002-Ft-Myers-Beach-TFD.geo.tif,exact_group_0353,phash_group_0353,a31ada4ee8a0a13673d2ab863b25038373b4d2b6c580b5cbed3296f9c54b2163,d03fe2e16a87a3d0,0.0,3,51,15
9f11eb35d3bcd0e4150d2b0bcc0fad2e,77aa1513d56b4e799f4f6645c33deae6,564,evaluation,Train,Hurricane Ian,1002-Ft-Myers-Beach-TFD.geo.tif,minor damage,1,False,True,51886,44032,52338,44294,orthomosaic::1002-Ft-Myers-Beach-TFD.geo.tif,orthomosaic_surrogate::1002-Ft-Myers-Beach-TFD.geo.tif,orthomosaic_surrogate::1002-Ft-Myers-Beach-TFD.geo.tif,exact_group_0354,phash_group_0354,b48fa7fda9c7ade9c71cdefa2c0d36315e079da4aeb68e6d4da0725510a33374,a20b5df2708d9f68,0.0,57,203,61
9f197e7fac7eb39b36c9f88b432efd7f,ce5d28674467414d81509d3e899a3334,583,train,Train,Hurricane Ian,1001-San-Carlos-Island.geo.tif,minor damage,1,True,False,24803,17734,25238,18055,orthomosaic::1001-San-Carlos-Island.geo.tif,orthomosaic_surrogate::1001-San-Carlos-Island.geo.tif,orthomosaic_surrogate::1001-San-Carlos-Island.geo.tif,exact_group_0355,phash_group_0355,1775fcb490c6a879b853613db30abd107f2f678e08afdd79135b753c834b9421,813d7fc24f920e1d,0.0,,,
a0a37f080f92fbf867c59a51eb860680,df7880caf3724370a09b897e993b352d,701,evaluation,Train,Hurricane Ian,1002-Ft-Myers-Beach-TFD.geo.tif,minor damage,1,False,True,61588,43838,62176,44431,orthomosaic::1002-Ft-Myers-Beach-TFD.geo.tif,orthomosaic_surrogate::1002-Ft-Myers-Beach-TFD.geo.tif,orthomosaic_surrogate::1002-Ft-Myers-Beach-TFD.geo.tif,exact_group_0356,phash_group_0356,250799eeca423fc2ec03a413132533f9f9377e4c0e45aa468b16e4122cd8b90e,9540fc2050b5af7f,0.0,45,203,61
a0e4432767613ed8084fc4da78d72510,15a329b685644be78d3ded9278dcdd15,298,train,Train,Hurricane Ian,1001-San-Carlos-Island.geo.tif,no damage,0,True,False,25923,13980,26357,14338,orthomosaic::1001-San-Carlos-Island.geo.tif,orthomosaic_surrogate::1001-San-Carlos-Island.geo.tif,orthomosaic_surrogate::1001-San-Carlos-Island.geo.tif,exact_group_0357,phash_group_0357,adadfba37ff0cebf4d09907af83233b50d0f62715d76938c8d789503f14202c5,823f75e84acc5b31,0.0,,,
a2a1aaa860285a56b20d19322daaf04f,d38194bee1934c1981694bceffb74080,44,evaluation,Train,Hurricane Ian,1002-Ft-Myers-Beach-TFD.geo.tif,no damage,0,False,True,11316,8520,12121,9313,orthomosaic::1002-Ft-Myers-Beach-TFD.geo.tif,orthomosaic_surrogate::1002-Ft-Myers-Beach-TFD.geo.tif,orthomosaic_surrogate::1002-Ft-Myers-Beach-TFD.geo.tif,exact_group_0358,phash_group_0358,7b77bd4c544331d4b8b466db74d138297f830855547b4e446583adead17a2732,94787ec3e08a63ad,0.0,2,359,108
a2deb95f08f65b58a7664bf68287119c,c6c0bb64d1cc4500b022c20609d20511,170,train,Train,Hurricane Ian,1001-San-Carlos-Island.geo.tif,major damage,2,True,False,22471,15245,22976,15831,orthomosaic::1001-San-Carlos-Island.geo.tif,orthomosaic_surrogate::1001-San-Carlos-Island.geo.tif,orthomosaic_surrogate::1001-San-Carlos-Island.geo.tif,exact_group_0359,phash_group_0359,a5918daf552716e497d34c9377c8c1ba10dab3f599ceed1747721d111c22f52a,95786c916ad972f0,0.0,,,
a3370e77f1abee86fe6d3a2675863367,17c988fe19d640ae818ebbfbe685cf0a,314,evaluation,Train,Hurricane Ida,20210902-LA-DIV-01.geo.tif,major damage,2,False,True,59837,12523,60450,13102,orthomosaic::20210902-LA-DIV-01.geo.tif,orthomosaic_surrogate::20210902-LA-DIV-01.geo.tif,orthomosaic_surrogate::20210902-LA-DIV-01.geo.tif,exact_group_0360,phash_group_0360,204a6132faf953e683bc43930b473687f2d171e35dc3aa0e4c306460de835ffd,d24929b5739a2d72,0.0,18,116,35
a39ebcc416e07336957c6478a74614ab,25b7b95518f042879fe2931169d3ff0b,657,evaluation,Train,Hurricane Ian,1002-Ft-Myers-Beach-TFD.geo.tif,no damage,0,False,True,58362,42426,58842,42724,orthomosaic::1002-Ft-Myers-Beach-TFD.geo.tif,orthomosaic_surrogate::1002-Ft-Myers-Beach-TFD.geo.tif,orthomosaic_surrogate::1002-Ft-Myers-Beach-TFD.geo.tif,exact_group_0361,phash_group_0361,4e1e5148c6953b9e94b25fd1c3a6afbd928a38d89764686a32623b051aa1adf6,870f7ce03918c1bf,0.0,70,359,108
a3d8ce1906890d85ff326be77addb9ce,847e52438e254092a6da74d20cd14c08,316,evaluation,Train,Hurricane Ian,1002-Ft-Myers-Beach-TFD.geo.tif,no damage,0,False,True,40110,28041,40901,28678,orthomosaic::1002-Ft-Myers-Beach-TFD.geo.tif,orthomosaic_surrogate::1002-Ft-Myers-Beach-TFD.geo.tif,orthomosaic_surrogate::1002-Ft-Myers-Beach-TFD.geo.tif,exact_group_0362,phash_group_0362,48d3f498a01504264db330d2464e6cc6c04832a303d2b6768e4497575d00cb66,95a7785c667249b2,0.0,5,359,108
a468e4feee9997f5c0710a2c98a0661d,7aa6383ee7e4410d8cc556b2e716ae87,674,evaluation,Train,Hurricane Ian,1002-Ft-Myers-Beach-TFD.geo.tif,no damage,0,False,True,7457,5870,8020,6418,orthomosaic::1002-Ft-Myers-Beach-TFD.geo.tif,orthomosaic_surrogate::1002-Ft-Myers-Beach-TFD.geo.tif,orthomosaic_surrogate::1002-Ft-Myers-Beach-TFD.geo.tif,exact_group_0363,phash_group_0363,7074d6604582b36a066ff0f7e59772365eb86d8aeb2111f6164077b0046898c4,8f1e3c0470fe49bc,0.0,57,359,108
a48d492081a7cee37ed794cf24131fa9,9f2da98192e647b6b4e646efa9d46f5f,312,train,Train,Hurricane Ian,1001-San-Carlos-Island.geo.tif,no damage,0,True,False,26760,19079,27130,19403,orthomosaic::1001-San-Carlos-Island.geo.tif,orthomosaic_surrogate::1001-San-Carlos-Island.geo.tif,orthomosaic_surrogate::1001-San-Carlos-Island.geo.tif,exact_group_0364,phash_group_0364,b7c0ffdcf74d8e45ce71323ee823109ccb08719ea586e55a4beb41b8f633b6cc,b55e6bea7aa14501,0.0,,,
a4fd1625d66d45b8c719e25d59b3a160,567f550856524e629a661279e2fe49d6,395,evaluation,Train,Hurricane Ian,1002-Ft-Myers-Beach-TFD.geo.tif,no damage,0,False,True,43323,29681,44110,30399,orthomosaic::1002-Ft-Myers-Beach-TFD.geo.tif,orthomosaic_surrogate::1002-Ft-Myers-Beach-TFD.geo.tif,orthomosaic_surrogate::1002-Ft-Myers-Beach-TFD.geo.tif,exact_group_0365,phash_group_0365,d8a566218206511767824b37681d652a26f902b0ca12e07ee4f6ac089a9a81a7,9dca70806b362f67,0.0,11,359,108
a59dc20e60c9de12ab05c515e4adcab2,c2cc939eb46e4c0c8dd150f05465beb8,349,evaluation,Train,Hurricane Ian,1002-Ft-Myers-Beach-TFD.geo.tif,no damage,0,False,True,39612,40669,40198,41257,orthomosaic::1002-Ft-Myers-Beach-TFD.geo.tif,orthomosaic_surrogate::1002-Ft-Myers-Beach-TFD.geo.tif,orthomosaic_surrogate::1002-Ft-Myers-Beach-TFD.geo.tif,exact_group_0366,phash_group_0366,31c8b0b1dc0c1b6a0a33d0f83da894a2a6da15605ea79c97394a9c3f7c69bbd9,d2b56352a7ca2e4c,0.0,107,359,108
a7585b432b4a1b8bae743ef53e200762,ff9e598e942f4caaa0772a8910a374f0,160,evaluation,Train,Hurricane Ida,20210902-LA-DIV-01.geo.tif,major damage,2,False,True,39000,32937,39679,33598,orthomosaic::20210902-LA-DIV-01.geo.tif,orthomosaic_surrogate::20210902-LA-DIV-01.geo.tif,orthomosaic_surrogate::20210902-LA-DIV-01.geo.tif,exact_group_0367,phash_group_0367,96450cbba466627ad74c150cf2f28d966bce8c3972b239f91ef1230e83688f6f,a66b37a313da1989,0.0,3,116,35
a84fa57a4e2fba57856b721c566703ac,37d7364aba6d426297ce103ebc0cd998,295,evaluation,Train,Hurricane Ida,20210902-LA-DIV-01.geo.tif,minor damage,1,False,True,57314,15323,58175,16182,orthomosaic::20210902-LA-DIV-01.geo.tif,orthomosaic_surrogate::20210902-LA-DIV-01.geo.tif,orthomosaic_surrogate::20210902-LA-DIV-01.geo.tif,exact_group_0368,phash_group_0368,f54ecd5e64a18287fc3c8a8f9649e2ce759674f60709535abd03823c0cfb41bf,cc5a2de43694f436,0.0,1,100,30
a8a77ee6ff7353607f5896da1ef34f6b,d82b8a0be62b4aa5a8b960e362e0064d,111,evaluation,Train,Hurricane Ida,20210902-LA-DIV-01.geo.tif,destroyed,3,False,True,31656,38942,32194,39471,orthomosaic::20210902-LA-DIV-01.geo.tif,orthomosaic_surrogate::20210902-LA-DIV-01.geo.tif,orthomosaic_surrogate::20210902-LA-DIV-01.geo.tif,exact_group_0369,phash_group_0369,cda21a8864f427b5f7180b72674fc7e40224f7b208a3605136b4043d8c13a45e,936b1fae72f46140,0.0,17,69,21
a8d5db111b689d58ab2478ccb67462b1,f597d12625144c75926d50754bb016b5,527,train,Train,Hurricane Ian,1001-San-Carlos-Island.geo.tif,minor damage,1,True,False,10445,12493,10970,12932,orthomosaic::1001-San-Carlos-Island.geo.tif,orthomosaic_surrogate::1001-San-Carlos-Island.geo.tif,orthomosaic_surrogate::1001-San-Carlos-Island.geo.tif,exact_group_0370,phash_group_0370,72c1f32c9f31d3636d90abf47913f341b2d62074382c706b6eaf65236b1b0c5e,94e1221f49ce4f9d,0.0,,,
a91906f49e41aee10e9560f5624684b9,167fcea20fb44d35a9670357bfb34850,101,evaluation,Train,Hurricane Ida,20210902-LA-DIV-01.geo.tif,destroyed,3,False,True,29533,37545,30140,38136,orthomosaic::20210902-LA-DIV-01.geo.tif,orthomosaic_surrogate::20210902-LA-DIV-01.geo.tif,orthomosaic_surrogate::20210902-LA-DIV-01.geo.tif,exact_group_0371,phash_group_0371,e08dfbad35b3f7e292907065934c43cbd37437fde3a323dbdb61794e3661936f,cb8f39e28e283aa5,0.0,6,69,21
a9d6b1ea44f43f55f4ccabf84f453529,9df16cdafdbb48d6873b4462e7ad6cfd,3,train,Train,Hurricane Ian,1001-San-Carlos-Island.geo.tif,minor damage,1,True,False,11607,17315,12297,17760,orthomosaic::1001-San-Carlos-Island.geo.tif,orthomosaic_surrogate::1001-San-Carlos-Island.geo.tif,orthomosaic_surrogate::1001-San-Carlos-Island.geo.tif,exact_group_0372,phash_group_0372,43c76d7442fe99c745bb9e2483d00e8251893447d27a0dd9a159309b4976bd76,80147fff1eeb4450,0.0,,,
aa091fee5813eb48e7307c85bd471e5b,0edd3011cba74ed4b6ea9b28590deb65,161,evaluation,Train,Hurricane Ida,20210902-LA-DIV-01.geo.tif,destroyed,3,False,True,38218,33807,39092,34561,orthomosaic::20210902-LA-DIV-01.geo.tif,orthomosaic_surrogate::20210902-LA-DIV-01.geo.tif,orthomosaic_surrogate::20210902-LA-DIV-01.geo.tif,exact_group_0373,phash_group_0373,5bb5eb0966ae9d9d5fb936286faefc05e538cb5a8d128d4bebeedc08fc0a2396,ee8f1e70034d3c5c,0.0,8,69,21
ab30d50c6437db8bcb7be8d5f9c42f67,2569bcb6b0f34eea9d48425a617220ef,435,train,Train,Hurricane Ian,1001-San-Carlos-Island.geo.tif,major damage,2,True,False,6015,6921,6555,7584,orthomosaic::1001-San-Carlos-Island.geo.tif,orthomosaic_surrogate::1001-San-Carlos-Island.geo.tif,orthomosaic_surrogate::1001-San-Carlos-Island.geo.tif,exact_group_0374,phash_group_0374,4ce128797321098086a9c771bba1408d7ed9c2a04eff08a2c530e6d1faaf43f8,95ec70b4e3926a35,0.0,,,
ab4a869e909519465cec88765153e1a0,1edb09ab9796440bb7594815371e0695,142,evaluation,Train,Hurricane Ian,1002-Ft-Myers-Beach-TFD.geo.tif,destroyed,3,False,True,3408,9348,3976,9916,orthomosaic::1002-Ft-Myers-Beach-TFD.geo.tif,orthomosaic_surrogate::1002-Ft-Myers-Beach-TFD.geo.tif,orthomosaic_surrogate::1002-Ft-Myers-Beach-TFD.geo.tif,exact_group_0375,phash_group_0375,6fe8098598a9fca98ce8d048d62e0179df57ca6a25a495e0c46a82b647b3931f,9f266431b419d39b,0.0,21,148,44
ab66a6fdf70fe5057f3bf6e12ab9d4a6,b721693e40f14d0b885bde265773157a,227,evaluation,Train,Hurricane Ida,20210902-LA-DIV-01.geo.tif,minor damage,1,False,True,50664,14313,51284,14904,orthomosaic::20210902-LA-DIV-01.geo.tif,orthomosaic_surrogate::20210902-LA-DIV-01.geo.tif,orthomosaic_surrogate::20210902-LA-DIV-01.geo.tif,exact_group_0376,phash_group_0376,21f641bd220e8f9df1cacbbe7cdc5bc80f7a24e1a07e9017ac9eb362e3314be2,84463fad607953ab,0.0,21,100,30
ac857a984d3938d9d6fdfaaf2b147500,9aaeffa0de1844c7b04f961e61e0b18f,517,evaluation,Train,Hurricane Ian,1002-Ft-Myers-Beach-TFD.geo.tif,no damage,0,False,True,51233,41606,51552,42211,orthomosaic::1002-Ft-Myers-Beach-TFD.geo.tif,orthomosaic_surrogate::1002-Ft-Myers-Beach-TFD.geo.tif,orthomosaic_surrogate::1002-Ft-Myers-Beach-TFD.geo.tif,exact_group_0377,phash_group_0377,9057ab4c330a6494f187100448bbe37e29798632e77f2c61492261a035a484bc,9ad13ccf619863c3,0.0,44,359,108
ac9448441c4039d13779bc3bc9404575,9d6cf74ed7c84775a2603394a8e49da3,296,train,Train,Hurricane Ian,1001-San-Carlos-Island.geo.tif,minor damage,1,True,False,26644,13680,27128,14034,orthomosaic::1001-San-Carlos-Island.geo.tif,orthomosaic_surrogate::1001-San-Carlos-Island.geo.tif,orthomosaic_surrogate::1001-San-Carlos-Island.geo.tif,exact_group_0378,phash_group_0378,1a6055443dd0847677f0bb4470ce4a4435f81f1f504581bef2a7b82ebd908f0a,c53672e80d091dbf,0.0,,,
aca6ea4818a8d6bfffbb621dd8bbdff1,d026e2b28b4a4c7cac4de72803753eca,389,train,Train,Hurricane Ian,1001-San-Carlos-Island.geo.tif,no damage,0,True,False,26815,10418,27038,10912,orthomosaic::1001-San-Carlos-Island.geo.tif,orthomosaic_surrogate::1001-San-Carlos-Island.geo.tif,orthomosaic_surrogate::1001-San-Carlos-Island.geo.tif,exact_group_0379,phash_group_0379,cbcf11e4497772bf2eebca3c8639218c805eca770cde45c15a76ded74e9b6ef4,9b36713233333636,0.0,,,
ad299c91f72083195e127daa03880687,b0cb76d1ed46439e8d7a99acba9f678d,148,evaluation,Train,Hurricane Ian,1002-Ft-Myers-Beach-TFD.geo.tif,minor damage,1,False,True,20255,12157,20978,12812,orthomosaic::1002-Ft-Myers-Beach-TFD.geo.tif,orthomosaic_surrogate::1002-Ft-Myers-Beach-TFD.geo.tif,orthomosaic_surrogate::1002-Ft-Myers-Beach-TFD.geo.tif,exact_group_0380,phash_group_0380,5ca05f91d4b30d5a60d151ab70c6000662327472d41a85ed2ef0efbc4a413128,928032ea2eef4f3c,0.0,26,203,61
ad7da632282e5a5534c5f2cc71bed5c3,674ad870e73a48e49b40eaa0bde66c8e,125,evaluation,Train,Hurricane Ian,1002-Ft-Myers-Beach-TFD.geo.tif,destroyed,3,False,True,18227,17913,18746,18276,orthomosaic::1002-Ft-Myers-Beach-TFD.geo.tif,orthomosaic_surrogate::1002-Ft-Myers-Beach-TFD.geo.tif,orthomosaic_surrogate::1002-Ft-Myers-Beach-TFD.geo.tif,exact_group_0381,phash_group_0381,e61ef16aebdf60027d04ccfbcb557f6dc4b6bc5e7e1e784a9d06fc16a50ec637,896b7e9c13b4314b,0.0,43,148,44
ad83f4eb69e386c0b11df3f3a2cb335f,b719cd15304c448cb7302102d7deebdd,466,train,Train,Hurricane Ian,1001-San-Carlos-Island.geo.tif,minor damage,1,True,False,9302,19893,9422,20177,orthomosaic::1001-San-Carlos-Island.geo.tif,orthomosaic_surrogate::1001-San-Carlos-Island.geo.tif,orthomosaic_surrogate::1001-San-Carlos-Island.geo.tif,exact_group_0382,phash_group_0382,64f8c45671f313e49e73a48f1d498e038dc1110bab726ee4ece2df9a394c5d35,9b6c636321676764,0.0,,,
ae2738c0466db70811ced5815eea4382,375d7045b399477a8ac1e510749c07e3,377,evaluation,Train,Hurricane Ian,1002-Ft-Myers-Beach-TFD.geo.tif,no damage,0,False,True,42428,37781,43112,38476,orthomosaic::1002-Ft-Myers-Beach-TFD.geo.tif,orthomosaic_surrogate::1002-Ft-Myers-Beach-TFD.geo.tif,orthomosaic_surrogate::1002-Ft-Myers-Beach-TFD.geo.tif,exact_group_0383,phash_group_0383,06b11ffa6e6a2f7270ffce29e44ad281b2d985ef8d70169a4c3bc82953a98ee8,9c346c5b37ace0e8,0.0,89,359,108
ae5828c78d434c1287601f430bb5e59e,eea17e66ccb74dfdaab2e6c9ef85980c,537,train,Train,Hurricane Ian,1001-San-Carlos-Island.geo.tif,no damage,0,True,False,9843,9296,10274,9808,orthomosaic::1001-San-Carlos-Island.geo.tif,orthomosaic_surrogate::1001-San-Carlos-Island.geo.tif,orthomosaic_surrogate::1001-San-Carlos-Island.geo.tif,exact_group_0384,phash_group_0384,2a4914336b23c77f5a844dc5dbe55e21c82b24f4bc091809643ea1c1e98d0467,95357a4839e32d53,0.0,,,
af165d6a98d904ea7095903be50f2b49,d19f76a098e140538d58a7117ed7007c,188,evaluation,Train,Hurricane Ida,20210902-LA-DIV-01.geo.tif,major damage,2,False,True,43117,27442,43725,28114,orthomosaic::20210902-LA-DIV-01.geo.tif,orthomosaic_surrogate::20210902-LA-DIV-01.geo.tif,orthomosaic_surrogate::20210902-LA-DIV-01.geo.tif,exact_group_0385,phash_group_0385,f88cc0b9622f444fda3e6970355bc3617e087e4b18d7d42f14194f0d22fc7eb7,c54c9c7666e06787,0.0,16,116,35
af3fec712184bcbe4d361c64845c4195,73c84087202a4cb48d49c533b3e688d1,580,train,Train,Hurricane Ian,1001-San-Carlos-Island.geo.tif,minor damage,1,True,False,14576,17569,14741,17862,orthomosaic::1001-San-Carlos-Island.geo.tif,orthomosaic_surrogate::1001-San-Carlos-Island.geo.tif,orthomosaic_surrogate::1001-San-Carlos-Island.geo.tif,exact_group_0386,phash_group_0386,04c0ac99e82c70b46c514b76ef419e27742139bfdd91567d2a7a0152808bdfb2,929c653396e6b334,0.0,,,
af4b4b6dd321791aec2094702480d416,132a7aba3fd54c179d3c95bca31ba18c,4,train,Train,Hurricane Ida,20210901-Cocodrie-1.geo.tif,major damage,2,True,False,14292,26300,14804,26883,orthomosaic::20210901-Cocodrie-1.geo.tif,orthomosaic_surrogate::20210901-Cocodrie-1.geo.tif,orthomosaic_surrogate::20210901-Cocodrie-1.geo.tif,exact_group_0387,phash_group_0387,d918d0ddb1a013755c58ab6e372d5543a01a3ec3867332cfac3de9a3474695dd,9432173737dbc261,0.0,,,
af6c9e062ba96dee77e69f197c786949,25525dd3d95f441eb37c38babcb4675d,70,evaluation,Train,Hurricane Ida,20210902-LA-DIV-01.geo.tif,major damage,2,False,True,28932,33759,29398,34224,orthomosaic::20210902-LA-DIV-01.geo.tif,orthomosaic_surrogate::20210902-LA-DIV-01.geo.tif,orthomosaic_surrogate::20210902-LA-DIV-01.geo.tif,exact_group_0388,phash_group_0388,11d9b17ae29f89116b918c4c8cc1418822d105aa06e2c181b9830573f55d9b47,d9831eda6d2da03c,0.0,1,116,35
af8848728d234b8c1fc616e5d092df87,a0ae514fd39b4585882bc00f98ebb2eb,529,evaluation,Train,Hurricane Ian,1002-Ft-Myers-Beach-TFD.geo.tif,no damage,0,False,True,52198,46667,52516,47240,orthomosaic::1002-Ft-Myers-Beach-TFD.geo.tif,orthomosaic_surrogate::1002-Ft-Myers-Beach-TFD.geo.tif,orthomosaic_surrogate::1002-Ft-Myers-Beach-TFD.geo.tif,exact_group_0389,phash_group_0389,fd2b18b8cbdba1450efc98971dba05c34a4a7ea8c7be2d23c5675cec49d317be,93cc31cb649b6dc1,0.0,21,359,108
b029c6e29c51630f336df1edf8ace4d2,11fb6d45f27143ae83fa2b621bb6cb51,499,train,Train,Hurricane Ian,1001-San-Carlos-Island.geo.tif,destroyed,3,True,False,9900,21167,10104,21479,orthomosaic::1001-San-Carlos-Island.geo.tif,orthomosaic_surrogate::1001-San-Carlos-Island.geo.tif,orthomosaic_surrogate::1001-San-Carlos-Island.geo.tif,exact_group_0390,phash_group_0390,679d6a6d1cc195a9ab67dc1af715c1269b1177f72e99dfd643f9350184f55798,92c669c1369765b6,0.0,,,
b098e468330f3a2832853a94d6d4e971,23bd069dc5b34a03b964a96147a52a82,88,train,Train,Hurricane Ida,20210901-Cocodrie-1.geo.tif,major damage,2,True,False,19665,8288,20141,8555,orthomosaic::20210901-Cocodrie-1.geo.tif,orthomosaic_surrogate::20210901-Cocodrie-1.geo.tif,orthomosaic_surrogate::20210901-Cocodrie-1.geo.tif,exact_group_0391,phash_group_0391,e7166f85c205828faceba031dcf87b5ed2f919add9b9440b955d2ab405138ee2,d5ad2a56603f9d81,0.0,,,
b0b266f39197480e31d2a6481a75121a,7bcb02065d7a45649011f717960f4549,280,evaluation,Train,Hurricane Ida,20210902-LA-DIV-01.geo.tif,minor damage,1,False,True,55649,4857,56384,5570,orthomosaic::20210902-LA-DIV-01.geo.tif,orthomosaic_surrogate::20210902-LA-DIV-01.geo.tif,orthomosaic_surrogate::20210902-LA-DIV-01.geo.tif,exact_group_0392,phash_group_0392,dc36dafb35fd754d0c2036e25d126181102db23c3f51fa9f8d0ef6fefd300c58,d26333980bc96cf6,0.0,15,100,30
b0da0f3c8529ceaf85dfc8f1d2ee67b8,212130b70af24933b500ab43c4b7612e,475,train,Train,Hurricane Ian,1001-San-Carlos-Island.geo.tif,major damage,2,True,False,8105,16753,8997,17317,orthomosaic::1001-San-Carlos-Island.geo.tif,orthomosaic_surrogate::1001-San-Carlos-Island.geo.tif,orthomosaic_surrogate::1001-San-Carlos-Island.geo.tif,exact_group_0393,phash_group_0393,c3f8220865d97408fd8fec98e2b3d2799b88dc4d2fea6eb9b7036a124f6927ca,8e93736e34c5899a,0.0,,,
b110e090648c133fdb4168b1eabf6659,7c633f8be4f244eb93d6c05138f8b812,522,train,Train,Hurricane Ian,1001-San-Carlos-Island.geo.tif,minor damage,1,True,False,10059,13839,10813,14143,orthomosaic::1001-San-Carlos-Island.geo.tif,orthomosaic_surrogate::1001-San-Carlos-Island.geo.tif,orthomosaic_surrogate::1001-San-Carlos-Island.geo.tif,exact_group_0394,phash_group_0394,87b81442b53f82079c362887c266a83e3c4062b06992f72a6611cad30c5c456a,b3586ca68159b3ae,0.0,,,
b160bff2b6acb59e65cf1d73a0ee2844,cbe09f1aa891440eafd16c13bcd9edb1,551,train,Train,Hurricane Ian,1001-San-Carlos-Island.geo.tif,no damage,0,True,False,13859,15435,14720,16104,orthomosaic::1001-San-Carlos-Island.geo.tif,orthomosaic_surrogate::1001-San-Carlos-Island.geo.tif,orthomosaic_surrogate::1001-San-Carlos-Island.geo.tif,exact_group_0395,phash_group_0395,9bb19353ba507d2694281f534f710e14391cc55ae123399bb46439f74d13bcf2,b4214bd63cdc7e48,0.0,,,
b1899d116e51d1866a46fb72183f1257,4c4816d2fbf4477ab582f367871c85a8,82,train,Train,Hurricane Ida,20210901-Cocodrie-1.geo.tif,minor damage,1,True,False,20921,3107,21516,3804,orthomosaic::20210901-Cocodrie-1.geo.tif,orthomosaic_surrogate::20210901-Cocodrie-1.geo.tif,orthomosaic_surrogate::20210901-Cocodrie-1.geo.tif,exact_group_0396,phash_group_0396,1559d60c06af4d170ca9d9e30e6bed168abc4f4c46f61c1e42a5573898939c1b,c41b3e6023f3bbc1,0.0,,,
b1d75f885bca56ff1a008c6753da4792,9bc60c31f6704662bc85c73d33cc24ec,760,evaluation,Train,Hurricane Ian,1002-Ft-Myers-Beach-TFD.geo.tif,no damage,0,False,True,10468,3023,11066,3618,orthomosaic::1002-Ft-Myers-Beach-TFD.geo.tif,orthomosaic_surrogate::1002-Ft-Myers-Beach-TFD.geo.tif,orthomosaic_surrogate::1002-Ft-Myers-Beach-TFD.geo.tif,exact_group_0397,phash_group_0397,3567a2b6990036038a783f237887a8d17aa45ef079167e6fdebaabd4c658fae5,f161d303003f39fd,0.0,108,359,108
b20cdcd3ed2078a6f8de6e0beb3689fa,577483d71f87402b861f3bb0519b56c5,254,train,Train,Hurricane Ian,1001-San-Carlos-Island.geo.tif,no damage,0,True,False,24674,18332,25245,18757,orthomosaic::1001-San-Carlos-Island.geo.tif,orthomosaic_surrogate::1001-San-Carlos-Island.geo.tif,orthomosaic_surrogate::1001-San-Carlos-Island.geo.tif,exact_group_0398,phash_group_0398,35992eb9b0e53ae194667fd069ee858236e1f8a691497b84840136f5d0181182,d7b3604f1da41933,0.0,,,
b277a753339670a91a133c409f935d4a,4454a519c2fe416fa64eb4462ccf7a15,218,evaluation,Train,Hurricane Ida,20210902-LA-DIV-01.geo.tif,minor damage,1,False,True,48256,18100,48891,18702,orthomosaic::20210902-LA-DIV-01.geo.tif,orthomosaic_surrogate::20210902-LA-DIV-01.geo.tif,orthomosaic_surrogate::20210902-LA-DIV-01.geo.tif,exact_group_0399,phash_group_0399,45d57e80e31c2a8807128002ec43b6bddf4c502c4b24ea5aa1441512ae02306b,d33f6be023072ccc,0.0,25,100,30
b27f4a137c28c7bef204636d8903dcd9,1f10ceb1b08e428e8eeae71160078467,262,evaluation,Train,Hurricane Ida,20210902-LA-DIV-01.geo.tif,major damage,2,False,True,53600,7175,54390,7943,orthomosaic::20210902-LA-DIV-01.geo.tif,orthomosaic_surrogate::20210902-LA-DIV-01.geo.tif,orthomosaic_surrogate::20210902-LA-DIV-01.geo.tif,exact_group_0400,phash_group_0400,162dc5eeb148c8886d7b90d5ca414c8005c50578c3545d9d48ab409c79060b35,cd6f23b3199b0989,0.0,11,116,35
b2debaf626982a71200e233da4c0203c,a7d03f7ef3cc4aed92128625bb0497b6,685,evaluation,Train,Hurricane Ian,1002-Ft-Myers-Beach-TFD.geo.tif,destroyed,3,False,True,59247,43843,59887,44472,orthomosaic::1002-Ft-Myers-Beach-TFD.geo.tif,orthomosaic_surrogate::1002-Ft-Myers-Beach-TFD.geo.tif,orthomosaic_surrogate::1002-Ft-Myers-Beach-TFD.geo.tif,exact_group_0401,phash_group_0401,1def7f425226d6f7dadb83b1145a4256f801abc716152a11b40e8ea7d281b8bb,b85f832c6f686998,0.0,12,148,44
b2ea50f9a4f6e0124dde8de624dd063e,7d3c3005b8984de0a099d5a6f5040a0d,321,evaluation,Train,Hurricane Ida,20210902-LA-DIV-01.geo.tif,minor damage,1,False,True,60422,7764,61062,8403,orthomosaic::20210902-LA-DIV-01.geo.tif,orthomosaic_surrogate::20210902-LA-DIV-01.geo.tif,orthomosaic_surrogate::20210902-LA-DIV-01.geo.tif,exact_group_0402,phash_group_0402,ab66695ca43b497cb30835a962c7786e0ac58182a22b15ea3d60a4d0933c7259,c21e581174cd3bdb,0.0,18,100,30
b312427fa88727151b953fb321c0c442,c714070bf6cb4af5b579f140ec1fb3d3,80,train,Train,Hurricane Ian,1001-San-Carlos-Island.geo.tif,destroyed,3,True,False,13956,21668,14222,21881,orthomosaic::1001-San-Carlos-Island.geo.tif,orthomosaic_surrogate::1001-San-Carlos-Island.geo.tif,orthomosaic_surrogate::1001-San-Carlos-Island.geo.tif,exact_group_0403,phash_group_0403,8ad4a0e4f358584263cbbeca251a5bad0b1fbe52fa634235239562bc7f36fee3,bfe4133a480f7427,0.0,,,
b49f3da7536c3e17c005cd6f2ab6bf08,a9c39945ca1e43efa89a492df9190b11,39,train,Train,Hurricane Ida,20210901-Cocodrie-1.geo.tif,major damage,2,True,False,18213,17811,18688,18117,orthomosaic::20210901-Cocodrie-1.geo.tif,orthomosaic_surrogate::20210901-Cocodrie-1.geo.tif,orthomosaic_surrogate::20210901-Cocodrie-1.geo.tif,exact_group_0404,phash_group_0404,ae3d13b950e5bce7bac2afde99f4040c5d6d426a5b994f7bf0b0c9f183919a9b,d5682a952a6ad99d,0.0,,,
b4e074278a15c8db6e0813d9d878bc2f,46606a7fef5b4ac48cade161f080a689,67,evaluation,Train,Hurricane Ida,20210902-LA-DIV-01.geo.tif,major damage,2,False,True,28567,34949,28994,35380,orthomosaic::20210902-LA-DIV-01.geo.tif,orthomosaic_surrogate::20210902-LA-DIV-01.geo.tif,orthomosaic_surrogate::20210902-LA-DIV-01.geo.tif,exact_group_0405,phash_group_0405,854cd7992c71943ae0a63e7fcd61ff28031dd1d30ea5684eefa08cc219635804,c54a3c7861a46db7,0.0,31,116,35
b4ef245633e3d543ebcd596fc45a007e,24dfa17b7d38455ab0f8138d80421c60,9,evaluation,Train,Hurricane Ida,20210902-LA-DIV-01.geo.tif,major damage,2,False,True,12925,56350,13338,56777,orthomosaic::20210902-LA-DIV-01.geo.tif,orthomosaic_surrogate::20210902-LA-DIV-01.geo.tif,orthomosaic_surrogate::20210902-LA-DIV-01.geo.tif,exact_group_0406,phash_group_0406,f9732de0e3ba80f8df729f20088c5c44072a66d120c914d741deb05ab1e1dc91,d5e41e91336f051d,0.0,32,116,35
b579e5fe2ee7b8ad0df02249ecc5a0de,ddfac155388f4ddf8c1bfa566a9f2be8,50,train,Train,Hurricane Ida,20210901-Cocodrie-1.geo.tif,major damage,2,True,False,15963,23929,16458,24335,orthomosaic::20210901-Cocodrie-1.geo.tif,orthomosaic_surrogate::20210901-Cocodrie-1.geo.tif,orthomosaic_surrogate::20210901-Cocodrie-1.geo.tif,exact_group_0407,phash_group_0407,a4567b2eb7520b726964f674193669f00fae026bb7dfbe721d02e4d8216ace5e,99252ee6379b548a,0.0,,,
b58a7d80c495820fbc3f368141632479,b409ccb4f6a643109f43a1e738479c32,139,evaluation,Train,Hurricane Ian,1002-Ft-Myers-Beach-TFD.geo.tif,minor damage,1,False,True,18429,10698,19002,11185,orthomosaic::1002-Ft-Myers-Beach-TFD.geo.tif,orthomosaic_surrogate::1002-Ft-Myers-Beach-TFD.geo.tif,orthomosaic_surrogate::1002-Ft-Myers-Beach-TFD.geo.tif,exact_group_0408,phash_group_0408,97d04507d5626f497273e42671f811e4128362237ebaefea59cca6e7d52fe932,de486a2b20b7175e,0.0,50,203,61
b5b7a2805c76041498503c60253368ac,ed29427c06b349bc8083dc9f3d2b58f9,509,evaluation,Train,Hurricane Ian,1002-Ft-Myers-Beach-TFD.geo.tif,destroyed,3,False,True,49540,48502,50275,49262,orthomosaic::1002-Ft-Myers-Beach-TFD.geo.tif,orthomosaic_surrogate::1002-Ft-Myers-Beach-TFD.geo.tif,orthomosaic_surrogate::1002-Ft-Myers-Beach-TFD.geo.tif,exact_group_0409,phash_group_0409,3f5ac06cff3fc136931016a4b5432d2cb27f7bf6cebf08ea11d5fcb6758f2b7c,b0d0e7c9e192cee2,0.0,32,148,44
b5bf8a8d0fbe6afa918c64fc8885b8be,97c8cc0131f840599221bfef2dc344af,495,train,Train,Hurricane Ian,1001-San-Carlos-Island.geo.tif,no damage,0,True,False,11340,21505,11549,21806,orthomosaic::1001-San-Carlos-Island.geo.tif,orthomosaic_surrogate::1001-San-Carlos-Island.geo.tif,orthomosaic_surrogate::1001-San-Carlos-Island.geo.tif,exact_group_0410,phash_group_0410,bb0e3551955c257d428841e4719022081badd7a8948709f9d4f291a57d2d4368,c33c32b0746d3cda,0.0,,,
b68bec0de5de8800e92f8ad4d35c3046,f816c2dd9d98451f999db68a9849be60,3,evaluation,Train,Hurricane Ida,20210902-LA-DIV-01.geo.tif,minor damage,1,False,True,12886,57268,13347,57877,orthomosaic::20210902-LA-DIV-01.geo.tif,orthomosaic_surrogate::20210902-LA-DIV-01.geo.tif,orthomosaic_surrogate::20210902-LA-DIV-01.geo.tif,exact_group_0411,phash_group_0411,a85c18fdd5d319b1d9822bb1bb622dd5274c56f2c742e17659a2142a2373c6d4,d4cd6434b6960e6b,0.0,24,100,30
b6dff189e15b765ff4f2e07f9d68a667,7c984c63868842c39f61c438bbad464c,44,train,Train,Hurricane Ian,1001-San-Carlos-Island.geo.tif,major damage,2,True,False,12494,22596,12997,22873,orthomosaic::1001-San-Carlos-Island.geo.tif,orthomosaic_surrogate::1001-San-Carlos-Island.geo.tif,orthomosaic_surrogate::1001-San-Carlos-Island.geo.tif,exact_group_0412,phash_group_0412,a909b74e155968ba326c3542a7d4bd58b3468b1144715531d740192ff232df64,b68c41731fdce4a4,0.0,,,
b6e0ef065da10ca7754c2d370241f280,694210ac14124c2bb4625a9c44408fd6,176,train,Train,Hurricane Ian,1001-San-Carlos-Island.geo.tif,no damage,0,True,False,21679,16849,21952,17164,orthomosaic::1001-San-Carlos-Island.geo.tif,orthomosaic_surrogate::1001-San-Carlos-Island.geo.tif,orthomosaic_surrogate::1001-San-Carlos-Island.geo.tif,exact_group_0413,phash_group_0413,6ab89b54eb58f0e2cb03e4218b80c253a6465d862a16215e74a87b8667685a5e,d06a2d2f2f2d2b2a,0.0,,,
b713163b900826030b1503feeaa05bb4,196ea7f3ee4a48c6b79193408be5a721,93,train,Train,Hurricane Ida,20210901-Cocodrie-1.geo.tif,minor damage,1,True,False,19927,4586,20490,5087,orthomosaic::20210901-Cocodrie-1.geo.tif,orthomosaic_surrogate::20210901-Cocodrie-1.geo.tif,orthomosaic_surrogate::20210901-Cocodrie-1.geo.tif,exact_group_0414,phash_group_0414,288aa6b2265d21f09aee553190c40c983f6447acaed8289078372b093b3cfeb8,94331bd95d8c666a,0.0,,,
b8395a847be4c862abb60b3a8fcec8ce,2c53ec7c0f3c44e2a7491c4080ff1f72,261,evaluation,Train,Hurricane Ida,20210902-LA-DIV-01.geo.tif,major damage,2,False,True,54022,9662,54539,10184,orthomosaic::20210902-LA-DIV-01.geo.tif,orthomosaic_surrogate::20210902-LA-DIV-01.geo.tif,orthomosaic_surrogate::20210902-LA-DIV-01.geo.tif,exact_group_0415,phash_group_0415,cc8a6c75daa22e0deae975ad4bc98dadc553d636f6c920c0932435b42ed46339,c4033e9cf46c92f6,0.0,33,116,35
b9f5111af1617562827ea4e129167a4a,24ea672a112d424bac894f534e94cff3,172,evaluation,Train,Hurricane Ian,1002-Ft-Myers-Beach-TFD.geo.tif,no damage,0,False,True,19720,10443,20303,11035,orthomosaic::1002-Ft-Myers-Beach-TFD.geo.tif,orthomosaic_surrogate::1002-Ft-Myers-Beach-TFD.geo.tif,orthomosaic_surrogate::1002-Ft-Myers-Beach-TFD.geo.tif,exact_group_0416,phash_group_0416,08905f7017c3d6b97bbe3323d005499634677daee5758b81744cdb25fc87ce00,9d927853670aa66d,0.0,37,359,108
bacfa60aeec255c776a46558477f2b85,1b90b01594444dfd9215fea75cf83844,309,evaluation,Train,Hurricane Ida,20210902-LA-DIV-01.geo.tif,no damage,0,False,True,59264,14006,59798,14533,orthomosaic::20210902-LA-DIV-01.geo.tif,orthomosaic_surrogate::20210902-LA-DIV-01.geo.tif,orthomosaic_surrogate::20210902-LA-DIV-01.geo.tif,exact_group_0417,phash_group_0417,dd605ea181eeabac6b727ace13dd72a5c051d3188990c42f5727a12583982488,9c683c03f0f77256,0.0,14,57,17
bb34524ab94205fdbad0fe086a25ddc7,075c882b270c498dacf02e138b2e401d,455,train,Train,Hurricane Ian,1001-San-Carlos-Island.geo.tif,no damage,0,True,False,9188,13006,9505,13287,orthomosaic::1001-San-Carlos-Island.geo.tif,orthomosaic_surrogate::1001-San-Carlos-Island.geo.tif,orthomosaic_surrogate::1001-San-Carlos-Island.geo.tif,exact_group_0418,phash_group_0418,11423cd787954827596938afae29069e8aa7ac31d3ad94d451d329579e714f76,a62d35a91d364697,0.0,,,
bd1482325113df7dc17e094eea83b394,9b7ec67a36c544e195f51a44de3a8e2c,147,train,Train,Hurricane Ian,1001-San-Carlos-Island.geo.tif,no damage,0,True,False,21489,16139,21986,16422,orthomosaic::1001-San-Carlos-Island.geo.tif,orthomosaic_surrogate::1001-San-Carlos-Island.geo.tif,orthomosaic_surrogate::1001-San-Carlos-Island.geo.tif,exact_group_0419,phash_group_0419,6fdb412a9e8658dd0cf29385c0996ccdd1f3bcf65575c45955190d8db905b57e,81377e8b16d4c137,0.0,,,
be1796d4a441276dacddd37e27debe61,e5a4eb6fa3a84fd2bc0fa83a2269b4dc,165,train,Train,Hurricane Ian,1001-San-Carlos-Island.geo.tif,no damage,0,True,False,22630,14296,22965,14600,orthomosaic::1001-San-Carlos-Island.geo.tif,orthomosaic_surrogate::1001-San-Carlos-Island.geo.tif,orthomosaic_surrogate::1001-San-Carlos-Island.geo.tif,exact_group_0420,phash_group_0420,40b7b10f49cfde03ea0191d54ad11204574628de72db05b6ca5035c44f772517,803e61f077c30fad,0.0,,,
be1bcd48d57385686dc49408b1ff4193,7ec434c998be498fb9a3c768097b4459,407,train,Train,Hurricane Ian,1001-San-Carlos-Island.geo.tif,no damage,0,True,False,27415,22139,27673,22352,orthomosaic::1001-San-Carlos-Island.geo.tif,orthomosaic_surrogate::1001-San-Carlos-Island.geo.tif,orthomosaic_surrogate::1001-San-Carlos-Island.geo.tif,exact_group_0421,phash_group_0421,fb715cb76835b01751e67b70060e323599dfeb7080bfe88e3613dca13b1712ca,9590397e706f4a27,0.0,,,
beab381e0cb6ad8f57625d6e8eac4025,1f279212e4fc45ca9436390bb2865d44,484,evaluation,Train,Hurricane Ian,1002-Ft-Myers-Beach-TFD.geo.tif,destroyed,3,False,True,48803,47994,49199,48381,orthomosaic::1002-Ft-Myers-Beach-TFD.geo.tif,orthomosaic_surrogate::1002-Ft-Myers-Beach-TFD.geo.tif,orthomosaic_surrogate::1002-Ft-Myers-Beach-TFD.geo.tif,exact_group_0422,phash_group_0422,6081a8a00018472be1273ec61a2a2cbb3c7cdf4598074bc9514918f0180f5a0a,fa18a5c5467243db,0.0,6,148,44
bf8bec1cbb6bd013e50d62f7788ff3c0,9d0dab61481e411d9d2e4b94c4f4e757,120,evaluation,Train,Hurricane Ian,1002-Ft-Myers-Beach-TFD.geo.tif,minor damage,1,False,True,18800,17269,19290,17855,orthomosaic::1002-Ft-Myers-Beach-TFD.geo.tif,orthomosaic_surrogate::1002-Ft-Myers-Beach-TFD.geo.tif,orthomosaic_surrogate::1002-Ft-Myers-Beach-TFD.geo.tif,exact_group_0423,phash_group_0423,44301caca391e51d13c17b1c282cfed93b20e038cf758b993596900974ec6796,c1602527b5b4b5f6,0.0,33,203,61
bfc4cdb19835be3c7baa802130243f6d,eba31034049c4340bd8e517e3748bf8e,300,evaluation,Train,Hurricane Ida,20210902-LA-DIV-01.geo.tif,minor damage,1,False,True,57219,6517,57994,7174,orthomosaic::20210902-LA-DIV-01.geo.tif,orthomosaic_surrogate::20210902-LA-DIV-01.geo.tif,orthomosaic_surrogate::20210902-LA-DIV-01.geo.tif,exact_group_0424,phash_group_0424,7b693c1e8699e8eb5d6a488b3fdcedeb7f9416f0649f7f22bb1f24d6398f42a2,d9fb73e1071e1c80,0.0,2,100,30
c0f24e6060a457dc918732fa7cd622bb,c5f6b87407f54a679b85179ce8f9fced,558,evaluation,Train,Hurricane Ian,1002-Ft-Myers-Beach-TFD.geo.tif,minor damage,1,False,True,51979,40119,52336,40789,orthomosaic::1002-Ft-Myers-Beach-TFD.geo.tif,orthomosaic_surrogate::1002-Ft-Myers-Beach-TFD.geo.tif,orthomosaic_surrogate::1002-Ft-Myers-Beach-TFD.geo.tif,exact_group_0425,phash_group_0425,a073f712a60340450dd0cc893efc90a114541b07a6b13028e88f164d61a53226,93986f96619e618d,0.0,19,203,61
c113df631cec53fa5eaef8c9b3bca19a,46507901620c44319c55e82512a9a5f3,326,evaluation,Train,Hurricane Ian,1002-Ft-Myers-Beach-TFD.geo.tif,no damage,0,False,True,39052,36126,39790,36859,orthomosaic::1002-Ft-Myers-Beach-TFD.geo.tif,orthomosaic_surrogate::1002-Ft-Myers-Beach-TFD.geo.tif,orthomosaic_surrogate::1002-Ft-Myers-Beach-TFD.geo.tif,exact_group_0426,phash_group_0426,1f2df9dc73f642d4fff0653e6b04369e6d9e4846b74a15ee5fa2381466f2e4e7,9e3978f0e1f22742,0.0,9,359,108
c18b0572b08b63c42226f98744e869d8,89e97f413f6b4df0b85f397781da9d57,458,evaluation,Train,Hurricane Ian,1002-Ft-Myers-Beach-TFD.geo.tif,no damage,0,False,True,48270,34166,48921,34800,orthomosaic::1002-Ft-Myers-Beach-TFD.geo.tif,orthomosaic_surrogate::1002-Ft-Myers-Beach-TFD.geo.tif,orthomosaic_surrogate::1002-Ft-Myers-Beach-TFD.geo.tif,exact_group_0427,phash_group_0427,c9d3dc577ee2cdb9b18b07e60aaf954e4071ca143273be92f93082d05cdab92e,8749589736b709e9,0.0,32,359,108
c19f9e4a9c386164e827b2b161136b27,b4d6b6267a5a49278ea16561a9d0f3f1,401,evaluation,Train,Hurricane Ian,1002-Ft-Myers-Beach-TFD.geo.tif,no damage,0,False,True,44390,36050,44869,36794,orthomosaic::1002-Ft-Myers-Beach-TFD.geo.tif,orthomosaic_surrogate::1002-Ft-Myers-Beach-TFD.geo.tif,orthomosaic_surrogate::1002-Ft-Myers-Beach-TFD.geo.tif,exact_group_0428,phash_group_0428,c52814f6d64c0a32b57498e0c625c6e64d25a93765899dce41e858c6db61d205,926cc7617b648cd3,0.0,28,359,108
c1ce51436f48d5dc58d700aabbea6660,0c18af7d71e04e288cb332ec87c9853c,592,evaluation,Train,Hurricane Ian,1002-Ft-Myers-Beach-TFD.geo.tif,no damage,0,False,True,53974,44374,54507,44510,orthomosaic::1002-Ft-Myers-Beach-TFD.geo.tif,orthomosaic_surrogate::1002-Ft-Myers-Beach-TFD.geo.tif,orthomosaic_surrogate::1002-Ft-Myers-Beach-TFD.geo.tif,exact_group_0429,phash_group_0429,e3f2e0b63529d9069ba18f9609adabe504ddb176512e122f8a52ac0534510a95,c5973a78c5971a68,0.0,50,359,108
c2455b13c40ebc59812f99d70d3e9f54,5fa3b5530b2441fb9e33bf197be5586b,764,evaluation,Train,Hurricane Ian,1002-Ft-Myers-Beach-TFD.geo.tif,no damage,0,False,True,10308,5108,11037,5787,orthomosaic::1002-Ft-Myers-Beach-TFD.geo.tif,orthomosaic_surrogate::1002-Ft-Myers-Beach-TFD.geo.tif,orthomosaic_surrogate::1002-Ft-Myers-Beach-TFD.geo.tif,exact_group_0430,phash_group_0430,439fe95ff817828a16c07b9c697f07af172625639963cd6821cc29c86893afd1,db847b5a24a95e85,0.0,39,359,108
c2b437b65e44bc4b4bda3ae5c17f3413,b1bec4f0a7104b6597d750b3a86f70e8,65,train,Train,Hurricane Ian,1001-San-Carlos-Island.geo.tif,no damage,0,True,False,12854,10860,13074,11070,orthomosaic::1001-San-Carlos-Island.geo.tif,orthomosaic_surrogate::1001-San-Carlos-Island.geo.tif,orthomosaic_surrogate::1001-San-Carlos-Island.geo.tif,exact_group_0431,phash_group_0431,0bc4547b08919d64f07e9eff75c8137eeeab8ee9c02df77ec26b5658c82bf12f,d0005efd697a39c9,0.0,,,
c3470281d2b95310408154989844a3c5,e82c1ef3ed0a45c29eb1f5b11d38a3e4,248,train,Train,Hurricane Ian,1001-San-Carlos-Island.geo.tif,major damage,2,True,False,23741,18462,24133,18771,orthomosaic::1001-San-Carlos-Island.geo.tif,orthomosaic_surrogate::1001-San-Carlos-Island.geo.tif,orthomosaic_surrogate::1001-San-Carlos-Island.geo.tif,exact_group_0432,phash_group_0432,986fe91f66f7f94de5384cdb2d83d052ef95c89b639965568b7123f79b480720,d1973a684d0a1d3f,0.0,,,
c3511c5bc3716d98b078b61c8c5e7286,24e34b4035fd458f998b1335c9855e7e,570,evaluation,Train,Hurricane Ian,1002-Ft-Myers-Beach-TFD.geo.tif,destroyed,3,False,True,51780,53000,52395,53606,orthomosaic::1002-Ft-Myers-Beach-TFD.geo.tif,orthomosaic_surrogate::1002-Ft-Myers-Beach-TFD.geo.tif,orthomosaic_surrogate::1002-Ft-Myers-Beach-TFD.geo.tif,exact_group_0433,phash_group_0433,3b79148001e2183008e483edf5d833e9561314069ec2c95a1cba0fadbf7f0c75,f1b085432b4d27be,0.0,24,148,44
c498d8ca2a6218353a3fdc401a429ba6,d899f9cc6c9449158b156cb3bc748e36,501,evaluation,Train,Hurricane Ian,1002-Ft-Myers-Beach-TFD.geo.tif,minor damage,1,False,True,49094,39899,49633,40435,orthomosaic::1002-Ft-Myers-Beach-TFD.geo.tif,orthomosaic_surrogate::1002-Ft-Myers-Beach-TFD.geo.tif,orthomosaic_surrogate::1002-Ft-Myers-Beach-TFD.geo.tif,exact_group_0434,phash_group_0434,9be7a66134a824535ffb25e36358dd813c1a54921ec3c348aa5a61510b79923d,b69c7a3f02b2a3b0,0.0,22,203,61
c50bf17572c485a23a4a9ba62759825c,2823fddea3cc493a9fa7c5b00ecd18cc,529,train,Train,Hurricane Ian,1001-San-Carlos-Island.geo.tif,no damage,0,True,False,10958,11504,11265,11925,orthomosaic::1001-San-Carlos-Island.geo.tif,orthomosaic_surrogate::1001-San-Carlos-Island.geo.tif,orthomosaic_surrogate::1001-San-Carlos-Island.geo.tif,exact_group_0435,phash_group_0435,f53738965ca34da10fbf5ec14b6dca16d5f4b8f3db399fd98aaadd29ae763586,91276f6c3b7234b0,0.0,,,
c55d679c6dcad6837e10cf60acfb2ada,06b093dd0be2495a9af035a21f0d234d,261,evaluation,Train,Hurricane Ian,1002-Ft-Myers-Beach-TFD.geo.tif,no damage,0,False,True,34058,25609,34864,26436,orthomosaic::1002-Ft-Myers-Beach-TFD.geo.tif,orthomosaic_surrogate::1002-Ft-Myers-Beach-TFD.geo.tif,orthomosaic_surrogate::1002-Ft-Myers-Beach-TFD.geo.tif,exact_group_0436,phash_group_0436,f66e887460960fa8d7be7cc05224b227c6d256ca4adb6523aa31d210ce4f1af8,e17ae1603707b1f4,0.0,60,359,108
c5607ac4b40084e460be59408ce15b00,e86f137099fc493f8b937c7c2684daca,416,evaluation,Train,Hurricane Ian,1002-Ft-Myers-Beach-TFD.geo.tif,no damage,0,False,True,46601,34200,46926,34896,orthomosaic::1002-Ft-Myers-Beach-TFD.geo.tif,orthomosaic_surrogate::1002-Ft-Myers-Beach-TFD.geo.tif,orthomosaic_surrogate::1002-Ft-Myers-Beach-TFD.geo.tif,exact_group_0437,phash_group_0437,1e8059cc1204f25d53e67bffd5487ee1790fff0a8ade7598e96c24398567fc4e,9a3c6998c79a6571,0.0,1,359,108
c6ac3baaa36fb58992e1c9af1518bb40,723ede38d80c43d0b31547fd0c6ae911,301,evaluation,Train,Hurricane Ida,20210902-LA-DIV-01.geo.tif,major damage,2,False,True,56766,8438,57413,9334,orthomosaic::20210902-LA-DIV-01.geo.tif,orthomosaic_surrogate::20210902-LA-DIV-01.geo.tif,orthomosaic_surrogate::20210902-LA-DIV-01.geo.tif,exact_group_0438,phash_group_0438,b7699aafdd0f7a610eb370d81979be6cb538cbfc998d631a68050957f8d28851,c1c8613737e6c696,0.0,30,116,35
c6ff1468546e7a719bba332534f71ff0,6e7b56d42a444e9a99b15a52277399fd,371,train,Train,Hurricane Ian,1001-San-Carlos-Island.geo.tif,minor damage,1,True,False,28031,20467,28489,20827,orthomosaic::1001-San-Carlos-Island.geo.tif,orthomosaic_surrogate::1001-San-Carlos-Island.geo.tif,orthomosaic_surrogate::1001-San-Carlos-Island.geo.tif,exact_group_0439,phash_group_0439,656f1d4515ebadba37ea01cca8a7823b0691cb7adbd13eb555d68dac6b87a292,c13162ea1f0f1f3c,0.0,,,
c8661e08d23dbd3a588b54d4928c3b4d,746828ae59064094a88bc4c15e1f6ebf,544,train,Train,Hurricane Ian,1001-San-Carlos-Island.geo.tif,major damage,2,True,False,10326,11217,10743,11662,orthomosaic::1001-San-Carlos-Island.geo.tif,orthomosaic_surrogate::1001-San-Carlos-Island.geo.tif,orthomosaic_surrogate::1001-San-Carlos-Island.geo.tif,exact_group_0440,phash_group_0440,2f9aa15757f717df01eee45cb13466449563f54b32da55fbcc121d9ea5034a4a,853d1f21783f3067,0.0,,,
c8bee6d7a9d978f1912da29c286f988e,285a5601c4ef4a7ba53402740f436669,39,evaluation,Train,Hurricane Ida,20210902-LA-DIV-01.geo.tif,no damage,0,False,True,24477,40274,25561,41276,orthomosaic::20210902-LA-DIV-01.geo.tif,orthomosaic_surrogate::20210902-LA-DIV-01.geo.tif,orthomosaic_surrogate::20210902-LA-DIV-01.geo.tif,exact_group_0441,phash_group_0441,d20ae30bb41ff4c00d6be0351ae98a1bfa671720a19eed3f055adc78b40c8d28,c64362b707d239bc,0.0,1,57,17
c9255f11fb935821a799f2ef41b9910b,3866ab386728447b993e98c84b0e6cc3,60,evaluation,Train,Hurricane Ida,20210902-LA-DIV-01.geo.tif,minor damage,1,False,True,25839,46731,26590,47459,orthomosaic::20210902-LA-DIV-01.geo.tif,orthomosaic_surrogate::20210902-LA-DIV-01.geo.tif,orthomosaic_surrogate::20210902-LA-DIV-01.geo.tif,exact_group_0442,phash_group_0442,d315161a1ae0af947bcb64c6429ae3248e165bee9e5a427ae27b1110a00cedfa,87c46f0e65bc7e02,0.0,10,100,30
c965c5e7156d1067e0caed0cb464a5c4,ee8dfefb04f743f98d6cbcc1d2c4f53e,145,train,Train,Hurricane Ian,1001-San-Carlos-Island.geo.tif,no damage,0,True,False,21508,12518,21897,12702,orthomosaic::1001-San-Carlos-Island.geo.tif,orthomosaic_surrogate::1001-San-Carlos-Island.geo.tif,orthomosaic_surrogate::1001-San-Carlos-Island.geo.tif,exact_group_0443,phash_group_0443,707770bfbf59554e73ae0a6ac3295bcdcfee92260f38ced3a8316387683450e7,d50a2af5d5cca42b,0.0,,,
c9da18317e9703305f013d365ba54be0,778378a729f544159bc87532d314a270,146,train,Train,Hurricane Ian,1001-San-Carlos-Island.geo.tif,no damage,0,True,False,19319,10805,19880,11359,orthomosaic::1001-San-Carlos-Island.geo.tif,orthomosaic_surrogate::1001-San-Carlos-Island.geo.tif,orthomosaic_surrogate::1001-San-Carlos-Island.geo.tif,exact_group_0444,phash_group_0444,df67ec69117e5653c946da1c2cf2246cdc9182e070869a7d810b3602e626e421,91336bf1f1c3064e,0.0,,,
ca072fe55bf284c1ba68e8ef707ded5a,6856b755d34b42209e500564514cf590,577,evaluation,Train,Hurricane Ian,1002-Ft-Myers-Beach-TFD.geo.tif,no damage,0,False,True,54387,32853,55363,33660,orthomosaic::1002-Ft-Myers-Beach-TFD.geo.tif,orthomosaic_surrogate::1002-Ft-Myers-Beach-TFD.geo.tif,orthomosaic_surrogate::1002-Ft-Myers-Beach-TFD.geo.tif,exact_group_0445,phash_group_0445,63c6a0bae719d7d616273de25ba952960c65e69962534666e6649b5a5f3228b2,85bf2e4853d12d4b,0.0,102,359,108
cab2c38be39712fbd523466a56cccb5a,baabc66a800d4f04ab41aeda7dbd3eb4,108,train,Train,Hurricane Ida,20210901-Cocodrie-1.geo.tif,no damage,0,True,False,12637,28228,13257,28732,orthomosaic::20210901-Cocodrie-1.geo.tif,orthomosaic_surrogate::20210901-Cocodrie-1.geo.tif,orthomosaic_surrogate::20210901-Cocodrie-1.geo.tif,exact_group_0446,phash_group_0446,661da6939ed02fcb33b8b5dfceae1346194fa4dd34818f1f78dd6347a71753da,d4e42a0a6f3f1a65,0.0,,,
cb8ae23c8ac042019ae5a1552bee644c,64dcbd16de69483697a2a13f32f4d202,295,train,Train,Hurricane Ian,1001-San-Carlos-Island.geo.tif,minor damage,1,True,False,25908,13669,26386,14040,orthomosaic::1001-San-Carlos-Island.geo.tif,orthomosaic_surrogate::1001-San-Carlos-Island.geo.tif,orthomosaic_surrogate::1001-San-Carlos-Island.geo.tif,exact_group_0447,phash_group_0447,51de18a7379d6bef48e47c6a073b5bb667c43de8869391fac7b997feaf4ba634,a24563ea1d351db9,0.0,,,
cbb6836e817de202703c4d0ffc2e0994,a02b0ee20b3c4c86b66b8b1bda5beb98,119,evaluation,Train,Hurricane Ian,1002-Ft-Myers-Beach-TFD.geo.tif,no damage,0,False,True,19008,16929,19539,17447,orthomosaic::1002-Ft-Myers-Beach-TFD.geo.tif,orthomosaic_surrogate::1002-Ft-Myers-Beach-TFD.geo.tif,orthomosaic_surrogate::1002-Ft-Myers-Beach-TFD.geo.tif,exact_group_0448,phash_group_0448,c0f9a141c7350f4750e245259ac67edf5e39a9e00ebf2872f0072f3d0c51306b,9f5e780a63b90ea1,0.0,58,359,108
cbced89ff84aaf8e879905aed91b53a7,c633753ac70442f4a9306be58beddd36,486,evaluation,Train,Hurricane Ian,1002-Ft-Myers-Beach-TFD.geo.tif,destroyed,3,False,True,48501,47698,49041,48233,orthomosaic::1002-Ft-Myers-Beach-TFD.geo.tif,orthomosaic_surrogate::1002-Ft-Myers-Beach-TFD.geo.tif,orthomosaic_surrogate::1002-Ft-Myers-Beach-TFD.geo.tif,exact_group_0449,phash_group_0449,516de86f04beca83f5dfb26f450ca80cdbf5ec12ef14fc8db887336fdfa7cf58,ca3485c6a5d929f5,0.0,34,148,44
cc41a464f6e830b08e398a4f3908b480,527238d58c1443f3ac6f58f50784766d,713,evaluation,Train,Hurricane Ian,1002-Ft-Myers-Beach-TFD.geo.tif,no damage,0,False,True,63657,41108,64470,41822,orthomosaic::1002-Ft-Myers-Beach-TFD.geo.tif,orthomosaic_surrogate::1002-Ft-Myers-Beach-TFD.geo.tif,orthomosaic_surrogate::1002-Ft-Myers-Beach-TFD.geo.tif,exact_group_0450,phash_group_0450,93f4249eeb94d3c059d4c0f78984ec985a55505f374767e5806b5431df2101ee,954f7e9d603007f2,0.0,8,359,108
cdd281cd488bb767b39bb9b72c584e0b,8dc29b261a4746dd89637cb48763fc37,414,train,Train,Hurricane Ian,1001-San-Carlos-Island.geo.tif,minor damage,1,True,False,4864,4317,5531,4843,orthomosaic::1001-San-Carlos-Island.geo.tif,orthomosaic_surrogate::1001-San-Carlos-Island.geo.tif,orthomosaic_surrogate::1001-San-Carlos-Island.geo.tif,exact_group_0451,phash_group_0451,1a636c83bf2949ed43be0f316faa9841c497e4f633a72f50d01b92214e294ab3,90327c0f23cc5bfc,0.0,,,
ce25aeb888e64f90ea1b8948f23bc578,21f83968b7e844f1837467e54aa1242b,676,evaluation,Train,Hurricane Ian,1002-Ft-Myers-Beach-TFD.geo.tif,no damage,0,False,True,7011,6262,7590,6825,orthomosaic::1002-Ft-Myers-Beach-TFD.geo.tif,orthomosaic_surrogate::1002-Ft-Myers-Beach-TFD.geo.tif,orthomosaic_surrogate::1002-Ft-Myers-Beach-TFD.geo.tif,exact_group_0452,phash_group_0452,98554c5e78912c9d2eff4b4a6c0e24e84403753e4327007e690b937e6bd003e7,b4ca5957649e13ac,0.0,78,359,108
cf620d19b8bd6dde45eb0bef44613423,3afa4c76aa1f48ceb59432c3a395323f,534,train,Train,Hurricane Ian,1001-San-Carlos-Island.geo.tif,destroyed,3,True,False,10687,18953,10791,19135,orthomosaic::1001-San-Carlos-Island.geo.tif,orthomosaic_surrogate::1001-San-Carlos-Island.geo.tif,orthomosaic_surrogate::1001-San-Carlos-Island.geo.tif,exact_group_0453,phash_group_0453,b7036ef61bd0b189987cd9c0ecab18c13b981cd3c7d58b595ddb01d0f6782cdd,dae69932cd9834c9,0.0,,,
cf845d1568ebf226fc7ca2ef4f1292af,e7d1da03a1ca4da7993a27dbc2a76841,26,train,Train,Hurricane Ian,1001-San-Carlos-Island.geo.tif,major damage,2,True,False,13239,22447,13771,22653,orthomosaic::1001-San-Carlos-Island.geo.tif,orthomosaic_surrogate::1001-San-Carlos-Island.geo.tif,orthomosaic_surrogate::1001-San-Carlos-Island.geo.tif,exact_group_0454,phash_group_0454,67f4cc2a5857f2b0bcaad634d4dc6af0ec0c54cce57afcad371767c68f2547e7,c62405c9f336cced,0.0,,,
cfa57e49116f964f62c40fcdd385edf4,b713745210194ca6ab55e40fdf38c2b8,371,evaluation,Train,Hurricane Ian,1002-Ft-Myers-Beach-TFD.geo.tif,minor damage,1,False,True,41349,36309,41932,36805,orthomosaic::1002-Ft-Myers-Beach-TFD.geo.tif,orthomosaic_surrogate::1002-Ft-Myers-Beach-TFD.geo.tif,orthomosaic_surrogate::1002-Ft-Myers-Beach-TFD.geo.tif,exact_group_0455,phash_group_0455,e6f48c2f2e5c1b3b1dd192be750cd93d8508a05f385b54c89b71fe1fd8ce14c8,97ae70116cf35e48,0.0,46,203,61
cfe1d0ef2d064cbd662291691fc63b57,dc74e1517cd14be280348b8fbb810343,67,train,Train,Hurricane Ida,20210901-Cocodrie-1.geo.tif,major damage,2,True,False,18674,5488,19136,5817,orthomosaic::20210901-Cocodrie-1.geo.tif,orthomosaic_surrogate::20210901-Cocodrie-1.geo.tif,orthomosaic_surrogate::20210901-Cocodrie-1.geo.tif,exact_group_0456,phash_group_0456,9d01501d8a266dea9bacf8444765daf7e01547844921675a8785e21ae896eb33,d4ab2b16174a6ba5,0.0,,,
d00f88828ab4233f7bc20600649ac610,2f9014647cdb436d81ecb69c0cbf3512,136,evaluation,Train,Hurricane Ian,1002-Ft-Myers-Beach-TFD.geo.tif,no damage,0,False,True,18778,10338,19415,10893,orthomosaic::1002-Ft-Myers-Beach-TFD.geo.tif,orthomosaic_surrogate::1002-Ft-Myers-Beach-TFD.geo.tif,orthomosaic_surrogate::1002-Ft-Myers-Beach-TFD.geo.tif,exact_group_0457,phash_group_0457,bc5aa189f19f664506f2a40fc0dd9532d44350973e52450b52e415b6e163c365,9cce7c1f60741372,0.0,6,359,108
d09288c356f259e8f27e8d034a794023,e565436ba1954477b6b32dd8253c392a,28,train,Train,Hurricane Ian,1001-San-Carlos-Island.geo.tif,minor damage,1,True,False,12422,22961,12593,23322,orthomosaic::1001-San-Carlos-Island.geo.tif,orthomosaic_surrogate::1001-San-Carlos-Island.geo.tif,orthomosaic_surrogate::1001-San-Carlos-Island.geo.tif,exact_group_0458,phash_group_0458,386f523fdf3008a33507eedeac60a2beb612888c80304e54e30dd839a2bcaad3,db74343634363476,0.0,,,
d18f9ba1b6686deb69bc719299a6f997,4f3dc9c3130f4aa78e7e464b18ead751,204,train,Train,Hurricane Ian,1001-San-Carlos-Island.geo.tif,minor damage,1,True,False,23757,13403,24175,13704,orthomosaic::1001-San-Carlos-Island.geo.tif,orthomosaic_surrogate::1001-San-Carlos-Island.geo.tif,orthomosaic_surrogate::1001-San-Carlos-Island.geo.tif,exact_group_0459,phash_group_0459,59264c2228ac850a349ffdb0a762dd7dfca7bd2fd037851f8e8bae95a9bbf004,941f6ae855441f3d,0.0,,,
d1d89c8332dcd2e62d566513bed87abc,d98738d6f149448ea7056e31794009f1,158,evaluation,Train,Hurricane Ida,20210902-LA-DIV-01.geo.tif,no damage,0,False,True,37774,32564,38449,33219,orthomosaic::20210902-LA-DIV-01.geo.tif,orthomosaic_surrogate::20210902-LA-DIV-01.geo.tif,orthomosaic_surrogate::20210902-LA-DIV-01.geo.tif,exact_group_0460,phash_group_0460,6a3c3f7657ea07007bb0beca3d5a10aaa9161cac67f3501b78763cfd1d51f87d,c3e1359512d93d95,0.0,5,57,17
d26bb61c2d28b1656e51ace4ec909040,950dd639a4f0483ab082de3f6af06c4c,205,evaluation,Train,Hurricane Ida,20210902-LA-DIV-01.geo.tif,destroyed,3,False,True,47307,14171,47725,14579,orthomosaic::20210902-LA-DIV-01.geo.tif,orthomosaic_surrogate::20210902-LA-DIV-01.geo.tif,orthomosaic_surrogate::20210902-LA-DIV-01.geo.tif,exact_group_0461,phash_group_0461,f0574a69e63368c0cce46320d3ad64b85a9c1a4941a03f45e5ae7c34b236b484,dd8239865d835f16,0.0,19,69,21
d272c7d226416104692dc15073ae4331,7335cda54a4b4764a2c87229d3ee738c,315,evaluation,Train,Hurricane Ida,20210902-LA-DIV-01.geo.tif,minor damage,1,False,True,7501,56715,8314,57195,orthomosaic::20210902-LA-DIV-01.geo.tif,orthomosaic_surrogate::20210902-LA-DIV-01.geo.tif,orthomosaic_surrogate::20210902-LA-DIV-01.geo.tif,exact_group_0462,phash_group_0462,829ad4242bbaa3cf1a6c7c874cef4ab72bfb72eb67a5c839732e6b5c0a9537f3,909d2f72512ab2dd,0.0,20,100,30
d27a982b6f7c322c8625df5caf980f12,2ae4fc531787423185b30692b58c1409,329,evaluation,Train,Hurricane Ian,1002-Ft-Myers-Beach-TFD.geo.tif,no damage,0,False,True,38791,38264,39329,38885,orthomosaic::1002-Ft-Myers-Beach-TFD.geo.tif,orthomosaic_surrogate::1002-Ft-Myers-Beach-TFD.geo.tif,orthomosaic_surrogate::1002-Ft-Myers-Beach-TFD.geo.tif,exact_group_0463,phash_group_0463,47d76db6412ed35724b5b142b1cd15bda4693e1283d9b933e50c33393f586450,949d7ac0c6679ce4,0.0,65,359,108
d29f3d412fbd6784fc8661b490e24af9,deee1f1cca954ef0b0831653a4b2f2a1,686,evaluation,Train,Hurricane Ian,1002-Ft-Myers-Beach-TFD.geo.tif,no damage,0,False,True,59620,43221,60018,43638,orthomosaic::1002-Ft-Myers-Beach-TFD.geo.tif,orthomosaic_surrogate::1002-Ft-Myers-Beach-TFD.geo.tif,orthomosaic_surrogate::1002-Ft-Myers-Beach-TFD.geo.tif,exact_group_0464,phash_group_0464,828b5e57dedda206f3e744b8d2f503a54892ceffd0ffae808d189e9422c069c7,81e649867b837b93,0.0,66,359,108
d3d91037251a2deb00cfee93f947e62a,c7d76e28d71342eb85b1fb0019ad5828,210,evaluation,Train,Hurricane Ida,20210902-LA-DIV-01.geo.tif,major damage,2,False,True,47066,16001,47664,16584,orthomosaic::20210902-LA-DIV-01.geo.tif,orthomosaic_surrogate::20210902-LA-DIV-01.geo.tif,orthomosaic_surrogate::20210902-LA-DIV-01.geo.tif,exact_group_0465,phash_group_0465,1de8ca9f8b89969990b46c5c85439012db84900de412bae3b753d8cdfff8e135,c2c3370f537a7c21,0.0,7,116,35
d41570fd769ed3bfdc691844893280d5,1b5a2a71968d4edcbd845e8fe581d37f,406,evaluation,Train,Hurricane Ian,1002-Ft-Myers-Beach-TFD.geo.tif,minor damage,1,False,True,43356,40603,44013,41262,orthomosaic::1002-Ft-Myers-Beach-TFD.geo.tif,orthomosaic_surrogate::1002-Ft-Myers-Beach-TFD.geo.tif,orthomosaic_surrogate::1002-Ft-Myers-Beach-TFD.geo.tif,exact_group_0466,phash_group_0466,bb1d6b4f11cd0d0cfb21823234f7e95901e39275beba5b00573cb1b85a2d3e2d,f334c043b56ed60d,0.0,15,203,61
d46f919565c660e87248607d518e41a2,f1292a9a5c71402491f32cd4f4478aeb,640,evaluation,Train,Hurricane Ian,1002-Ft-Myers-Beach-TFD.geo.tif,destroyed,3,False,True,6635,13987,7322,14651,orthomosaic::1002-Ft-Myers-Beach-TFD.geo.tif,orthomosaic_surrogate::1002-Ft-Myers-Beach-TFD.geo.tif,orthomosaic_surrogate::1002-Ft-Myers-Beach-TFD.geo.tif,exact_group_0467,phash_group_0467,4e0464b9689ad1dfd2e67d89b3f735580d3c1365cc8e06ab98c2f7e186e363cf,8af0ad7855a9780f,0.0,38,148,44
d4e121241e236b9afa3ae9497541e417,34362b6a9ce048a28ec9dd3df20107d0,646,evaluation,Train,Hurricane Ian,1002-Ft-Myers-Beach-TFD.geo.tif,major damage,2,False,True,7216,7822,7882,8368,orthomosaic::1002-Ft-Myers-Beach-TFD.geo.tif,orthomosaic_surrogate::1002-Ft-Myers-Beach-TFD.geo.tif,orthomosaic_surrogate::1002-Ft-Myers-Beach-TFD.geo.tif,exact_group_0468,phash_group_0468,3615b8984be8e6bf79ee54e4c92fb9c54843ba5cf60e470547671281486dceb9,93b272626a4f2dcc,0.0,6,51,15
d5cf27143e89860a6bb3400d8f311bc8,3e5fc1c3f3bb49969ebbec62b4ed16a0,206,evaluation,Train,Hurricane Ida,20210902-LA-DIV-01.geo.tif,no damage,0,False,True,47004,14860,47433,15291,orthomosaic::20210902-LA-DIV-01.geo.tif,orthomosaic_surrogate::20210902-LA-DIV-01.geo.tif,orthomosaic_surrogate::20210902-LA-DIV-01.geo.tif,exact_group_0469,phash_group_0469,ccc8a1554c69ad341ec225e3fcbe50d4a9e2404a0ef7a7130ce554d8147f4c28,cadb6e6bacb48112,0.0,6,57,17
d64ec5b410a07dbe66d49a23feaf0ae4,7e6c0edbb2474997bf70b1d1e85250d7,95,train,Train,Hurricane Ian,1001-San-Carlos-Island.geo.tif,minor damage,1,True,False,15421,10436,16144,11916,orthomosaic::1001-San-Carlos-Island.geo.tif,orthomosaic_surrogate::1001-San-Carlos-Island.geo.tif,orthomosaic_surrogate::1001-San-Carlos-Island.geo.tif,exact_group_0470,phash_group_0470,b1e68a0aab6adec80df2a1daab3a19d8a3ca032117551b977a3b49f439e7c29f,9265c63ce3b2c3c3,0.0,,,
d85fd41ee132a895c808db2f0fac5d60,b945dffa9ec7412cbb8d540acecbbefa,34,train,Train,Hurricane Ian,1001-San-Carlos-Island.geo.tif,minor damage,1,True,False,13430,22695,13708,22859,orthomosaic::1001-San-Carlos-Island.geo.tif,orthomosaic_surrogate::1001-San-Carlos-Island.geo.tif,orthomosaic_surrogate::1001-San-Carlos-Island.geo.tif,exact_group_0471,phash_group_0471,e1f25792ddf272ab8d1e6eaea5cf628285a0f884eb0d7692da24113c80a073f7,e1e318dc0e24f3e3,0.0,,,
d91d97af0eee479486fc0140142c8b54,60595486159e427d813038e77dcfef08,536,evaluation,Train,Hurricane Ian,1002-Ft-Myers-Beach-TFD.geo.tif,no damage,0,False,True,49334,42308,49988,42946,orthomosaic::1002-Ft-Myers-Beach-TFD.geo.tif,orthomosaic_surrogate::1002-Ft-Myers-Beach-TFD.geo.tif,orthomosaic_surrogate::1002-Ft-Myers-Beach-TFD.geo.tif,exact_group_0472,phash_group_0472,c62c0dfec14cb73be16d731c0ab0f4d5c3783ce67fc560aa5c6e651e7a6c98f5,97b56ad4074e1c6c,0.0,42,359,108
d921ada11ac08bf928de695f8c2376c6,fd864a024f5e457184f511483d406bff,309,train,Train,Hurricane Ian,1001-San-Carlos-Island.geo.tif,destroyed,3,True,False,27383,19170,27724,19453,orthomosaic::1001-San-Carlos-Island.geo.tif,orthomosaic_surrogate::1001-San-Carlos-Island.geo.tif,orthomosaic_surrogate::1001-San-Carlos-Island.geo.tif,exact_group_0473,phash_group_0473,4441252e069c4327e25920fb73f52945859516ba6f212bc2a86ae3b12cc1be05,92ca75b5296a5636,0.0,,,
d939e04c3d46dec1a9ba330e33b4619e,f2cccb5ec6cc4096b7cbaf8e88cc625f,147,evaluation,Train,Hurricane Ida,20210902-LA-DIV-01.geo.tif,no damage,0,False,True,37870,24638,38508,25293,orthomosaic::20210902-LA-DIV-01.geo.tif,orthomosaic_surrogate::20210902-LA-DIV-01.geo.tif,orthomosaic_surrogate::20210902-LA-DIV-01.geo.tif,exact_group_0474,phash_group_0474,9796fff7003fc88f11e100b0f3e00ec34b6745406d5300d67b1c89b993548d87,a017b56c1cfbd243,0.0,10,57,17
d955984edc478ebb3686ebca416224a9,f4a506a8c10745e78d4f513e1f9fe918,118,evaluation,Train,Hurricane Ida,20210902-LA-DIV-01.geo.tif,major damage,2,False,True,32740,36405,33359,37014,orthomosaic::20210902-LA-DIV-01.geo.tif,orthomosaic_surrogate::20210902-LA-DIV-01.geo.tif,orthomosaic_surrogate::20210902-LA-DIV-01.geo.tif,exact_group_0475,phash_group_0475,12aba75cc9efb43aeb1edb40a7e61d96aab60c0e45106103ebd704ca7a015a17,de8a7115707e03f8,0.0,14,116,35
da19783df4f972fc930aec880a9fb34d,d25ba21e9a2f461187a468259d6ed37f,258,evaluation,Train,Hurricane Ida,20210902-LA-DIV-01.geo.tif,destroyed,3,False,True,53148,18599,53541,18973,orthomosaic::20210902-LA-DIV-01.geo.tif,orthomosaic_surrogate::20210902-LA-DIV-01.geo.tif,orthomosaic_surrogate::20210902-LA-DIV-01.geo.tif,exact_group_0476,phash_group_0476,87efa9d6b63db4077f8d6cb3b8aedc901f4b1536b5f8c5b347c7b3abedc1e764,c0db3fe2780f46b0,0.0,7,69,21
dace86ce3bdf22c00a27097857669d86,20a2dccb8cfb417e90b5f668a67c5a47,258,evaluation,Train,Hurricane Ian,1002-Ft-Myers-Beach-TFD.geo.tif,minor damage,1,False,True,33373,23952,33971,24541,orthomosaic::1002-Ft-Myers-Beach-TFD.geo.tif,orthomosaic_surrogate::1002-Ft-Myers-Beach-TFD.geo.tif,orthomosaic_surrogate::1002-Ft-Myers-Beach-TFD.geo.tif,exact_group_0477,phash_group_0477,9fcb8e40bb3042b78f4d7ab25b2d0151e890f5df495beae89402e98af1c87200,9d3e787130e2155e,0.0,4,203,61
dad75064aae021e95f799087ed9bcdf9,4699e256fba240d9a2c82242e29378df,606,evaluation,Train,Hurricane Ian,1002-Ft-Myers-Beach-TFD.geo.tif,no damage,0,False,True,56174,37764,56675,38217,orthomosaic::1002-Ft-Myers-Beach-TFD.geo.tif,orthomosaic_surrogate::1002-Ft-Myers-Beach-TFD.geo.tif,orthomosaic_surrogate::1002-Ft-Myers-Beach-TFD.geo.tif,exact_group_0478,phash_group_0478,b0b3b1eb344b5a5d1c9da12bedb8c1332d32793f0c1613598c2b34edce99e7e3,8f7f70d458b34489,0.0,103,359,108
dbdc376be8642320b01899de8185ee65,9cb40a1de43c480ebab7ecfc8bbaee88,109,train,Train,Hurricane Ida,20210901-Cocodrie-1.geo.tif,major damage,2,True,False,13805,23278,14445,23731,orthomosaic::20210901-Cocodrie-1.geo.tif,orthomosaic_surrogate::20210901-Cocodrie-1.geo.tif,orthomosaic_surrogate::20210901-Cocodrie-1.geo.tif,exact_group_0479,phash_group_0479,4502f55c9a98e075f170b0ddb945dfafe2596b8b4f1cb706bf6f67ebcf0de53f,90e96f14183e17d7,0.0,,,
dbec3e37bd3e6d03bcf982542ecef4d3,9f0d0636bfb24921a6e5fe0e3562c445,182,train,Train,Hurricane Ian,1001-San-Carlos-Island.geo.tif,no damage,0,True,False,23436,20291,23640,20725,orthomosaic::1001-San-Carlos-Island.geo.tif,orthomosaic_surrogate::1001-San-Carlos-Island.geo.tif,orthomosaic_surrogate::1001-San-Carlos-Island.geo.tif,exact_group_0480,phash_group_0480,91a735c3405847ae9d966354fcd9d41426dce9457dcf4d23b8940f6cf08c25fe,cb98389c389e32cf,0.0,,,
dc3b019d23b11620a11945bbc8c51d72,247b517f043f494bb414118ca1e5e2bf,337,evaluation,Train,Hurricane Ida,20210902-LA-DIV-01.geo.tif,no damage,0,False,True,9452,56594,9968,57111,orthomosaic::20210902-LA-DIV-01.geo.tif,orthomosaic_surrogate::20210902-LA-DIV-01.geo.tif,orthomosaic_surrogate::20210902-LA-DIV-01.geo.tif,exact_group_0481,phash_group_0481,ffe5b51fda2146e0cbdd82834d1123a15b6768dab141260b090e712c923097ad,81415b3f6d3c65f0,0.0,9,57,17
dc9e448b437526ae0633f0e7901f5801,dbe0abc12cae4c8bb474d45dd1855b74,598,evaluation,Train,Hurricane Ian,1002-Ft-Myers-Beach-TFD.geo.tif,no damage,0,False,True,54170,51552,54958,52339,orthomosaic::1002-Ft-Myers-Beach-TFD.geo.tif,orthomosaic_surrogate::1002-Ft-Myers-Beach-TFD.geo.tif,orthomosaic_surrogate::1002-Ft-Myers-Beach-TFD.geo.tif,exact_group_0482,phash_group_0482,8b486b2a2ac7350f7ac79e053d3d0a9bd7811d5215aa4fd3e0a6bc1f3c5d7d3d,dc704893b9e2394f,0.0,51,359,108
dde13f26ef3634b601c975336681a4d0,e221e6edcaa04f988e42afc70fafde98,474,evaluation,Train,Hurricane Ian,1002-Ft-Myers-Beach-TFD.geo.tif,minor damage,1,False,True,47513,42970,48102,43550,orthomosaic::1002-Ft-Myers-Beach-TFD.geo.tif,orthomosaic_surrogate::1002-Ft-Myers-Beach-TFD.geo.tif,orthomosaic_surrogate::1002-Ft-Myers-Beach-TFD.geo.tif,exact_group_0483,phash_group_0483,59b4d517a921c7d2c2adf83027bd282648ab7183d710315bc49831b7612004a6,ec56f0ce66a90ce4,0.0,29,203,61
defa4c03b84785f8ca2680926e5c8562,c57a691d58774caf914d1b78d0065ddd,350,evaluation,Train,Hurricane Ian,1002-Ft-Myers-Beach-TFD.geo.tif,minor damage,1,False,True,41039,40532,41586,41073,orthomosaic::1002-Ft-Myers-Beach-TFD.geo.tif,orthomosaic_surrogate::1002-Ft-Myers-Beach-TFD.geo.tif,orthomosaic_surrogate::1002-Ft-Myers-Beach-TFD.geo.tif,exact_group_0484,phash_group_0484,1d4ea4ed8127edea1b6153bf2b1d4a63131a5506956e33c68a178b836f38c266,f3b562d244ce3cc4,0.0,23,203,61
dfc732d5eca460f485234161fc71367f,5e0d189aa8a944588f563a1d479cdfe4,99,evaluation,Train,Hurricane Ida,20210902-LA-DIV-01.geo.tif,destroyed,3,False,True,31096,35869,31745,36500,orthomosaic::20210902-LA-DIV-01.geo.tif,orthomosaic_surrogate::20210902-LA-DIV-01.geo.tif,orthomosaic_surrogate::20210902-LA-DIV-01.geo.tif,exact_group_0485,phash_group_0485,0b330d04efc27bd5075e12d79a01481e22c11a3275b4d3d898eb74882e00d3e5,aab91caa69ac1cec,0.0,3,69,21
e00dd598ebf06281190be296af85b6e1,fbc8284d3b644d50aa67d8c9c1f13372,94,evaluation,Train,Hurricane Ian,1002-Ft-Myers-Beach-TFD.geo.tif,no damage,0,False,True,15277,10371,15885,10922,orthomosaic::1002-Ft-Myers-Beach-TFD.geo.tif,orthomosaic_surrogate::1002-Ft-Myers-Beach-TFD.geo.tif,orthomosaic_surrogate::1002-Ft-Myers-Beach-TFD.geo.tif,exact_group_0486,phash_group_0486,6f18be980a2cbce9cf7fa0c1bc6b622c75e17733e10e28ac41e35a8246df5815,99ce7cb868293785,0.0,59,359,108
e0d7a7653c06f541bbc85b10ed0a51f0,2057115c19844028acffaa59ccdd2531,442,train,Train,Hurricane Ian,1001-San-Carlos-Island.geo.tif,minor damage,1,True,False,7500,5122,7925,5612,orthomosaic::1001-San-Carlos-Island.geo.tif,orthomosaic_surrogate::1001-San-Carlos-Island.geo.tif,orthomosaic_surrogate::1001-San-Carlos-Island.geo.tif,exact_group_0487,phash_group_0487,66a0786fcc9186cfd6b3650fdec41361be0c4cfe668a74c837cd35ac1628923e,949334d932a5adb6,0.0,,,
e0e454b6d4937e9a83c60fc4e3bacac5,e6bc9f08fc9646d4b36965c1ebbaf8e1,235,evaluation,Train,Hurricane Ida,20210902-LA-DIV-01.geo.tif,major damage,2,False,True,49654,21047,50320,21643,orthomosaic::20210902-LA-DIV-01.geo.tif,orthomosaic_surrogate::20210902-LA-DIV-01.geo.tif,orthomosaic_surrogate::20210902-LA-DIV-01.geo.tif,exact_group_0488,phash_group_0488,24986ed26d7639346f55f9dd773c37b9c42e20a76ffd7f65a1d838651874f6a1,c2e4301f4b3d6ce6,0.0,25,116,35
e0f6baf48730da410aad5292ae27027a,da84740f005c4587bb3a1590336c00da,573,train,Train,Hurricane Ian,1001-San-Carlos-Island.geo.tif,no damage,0,True,False,22940,22676,23053,22889,orthomosaic::1001-San-Carlos-Island.geo.tif,orthomosaic_surrogate::1001-San-Carlos-Island.geo.tif,orthomosaic_surrogate::1001-San-Carlos-Island.geo.tif,exact_group_0489,phash_group_0489,40a880a0f8a8b4ac9aa987b49c343593dad54c001e8258d1c247a26b836862e7,c7369b92cccd1899,0.0,,,
e20239f947fe0d1576b1fd811b135753,e503e65feee64581bea766a8d9c5beda,190,evaluation,Train,Hurricane Ian,1002-Ft-Myers-Beach-TFD.geo.tif,no damage,0,False,True,25921,20865,28044,23988,orthomosaic::1002-Ft-Myers-Beach-TFD.geo.tif,orthomosaic_surrogate::1002-Ft-Myers-Beach-TFD.geo.tif,orthomosaic_surrogate::1002-Ft-Myers-Beach-TFD.geo.tif,exact_group_0490,phash_group_0490,7bf9642188f6d4007a04754c9b3f759312093e678009fea7c231aa3c80c06e01,874f9a366c1b384e,0.0,23,359,108
e380ef4a50691d41684c4071202c1f8c,08b98ba5e64a486cbafa830a20998562,394,evaluation,Train,Hurricane Ian,1002-Ft-Myers-Beach-TFD.geo.tif,minor damage,1,False,True,44205,30074,44713,30723,orthomosaic::1002-Ft-Myers-Beach-TFD.geo.tif,orthomosaic_surrogate::1002-Ft-Myers-Beach-TFD.geo.tif,orthomosaic_surrogate::1002-Ft-Myers-Beach-TFD.geo.tif,exact_group_0491,phash_group_0491,61a275369f8f51f780d9bc81e7a6e306f143867e8c3d4566e5ec6e560d2e1fcd,905a982f6fe51ce1,0.0,49,203,61
e3d648dfe14a857a1f9706ce9b79ede1,aea5000fe918467ab6c05c2c4d79ee83,17,train,Train,Hurricane Ida,20210901-Cocodrie-1.geo.tif,minor damage,1,True,False,16410,17154,16895,17747,orthomosaic::20210901-Cocodrie-1.geo.tif,orthomosaic_surrogate::20210901-Cocodrie-1.geo.tif,orthomosaic_surrogate::20210901-Cocodrie-1.geo.tif,exact_group_0492,phash_group_0492,379e02e4026f60d96409a27d6cd5d605f184d57179dc1686d30db7249002c96c,c0072f6a6e683f6a,0.0,,,
e42cd2ddeb5a381018c2bd63ce2cdb88,0101e74caa5f4599abed6c34ae6e4686,89,train,Train,Hurricane Ian,1001-San-Carlos-Island.geo.tif,major damage,2,True,False,15013,19164,15257,19555,orthomosaic::1001-San-Carlos-Island.geo.tif,orthomosaic_surrogate::1001-San-Carlos-Island.geo.tif,orthomosaic_surrogate::1001-San-Carlos-Island.geo.tif,exact_group_0493,phash_group_0493,6a387da0bce6a0eda480b150eff70ab16eee63333b25327319a4e8b7263f0708,9163ce3ce4b96139,0.0,,,
e47a2a1f819f9560162ca0c7716df94d,2cce43b17c204820b866ee60e28935d5,89,evaluation,Train,Hurricane Ian,1002-Ft-Myers-Beach-TFD.geo.tif,minor damage,1,False,True,13928,9400,14682,10008,orthomosaic::1002-Ft-Myers-Beach-TFD.geo.tif,orthomosaic_surrogate::1002-Ft-Myers-Beach-TFD.geo.tif,orthomosaic_surrogate::1002-Ft-Myers-Beach-TFD.geo.tif,exact_group_0494,phash_group_0494,1d0641d68726d2bfc157ef18ac72bda8ba2af6fd67ad3488d147e008fbd7e5a4,936273a36e1d0d74,0.0,5,203,61
e4cfd66ab985fb0fea5bf3d020aeb630,3d7c3d1506b741a8a64ce7ea009108e9,454,train,Train,Hurricane Ian,1001-San-Carlos-Island.geo.tif,no damage,0,True,False,9233,12523,9705,12926,orthomosaic::1001-San-Carlos-Island.geo.tif,orthomosaic_surrogate::1001-San-Carlos-Island.geo.tif,orthomosaic_surrogate::1001-San-Carlos-Island.geo.tif,exact_group_0495,phash_group_0495,6cb5ebcd6015b59646f5a6ac1c5e9ad75fc49d60a42454b8654a176dc05c21fb,852a7cc573f16ad0,0.0,,,
e5fe951b223a5f577f043eb702c73fda,3f23187581f84cdea68e6df8dce9f684,164,train,Train,Hurricane Ian,1001-San-Carlos-Island.geo.tif,no damage,0,True,False,22615,14588,22951,14898,orthomosaic::1001-San-Carlos-Island.geo.tif,orthomosaic_surrogate::1001-San-Carlos-Island.geo.tif,orthomosaic_surrogate::1001-San-Carlos-Island.geo.tif,exact_group_0496,phash_group_0496,21638fb07c2a59fc47205044b7aa30f4a3f1b3a0afa84e43d1f7033193ed2198,873667c25da34a9c,0.0,,,
e6786231a66d6aa23438ceb94e586d62,ddcf108681484da5b0cf6ef00580326a,353,train,Train,Hurricane Ian,1001-San-Carlos-Island.geo.tif,no damage,0,True,False,25946,13108,26324,13396,orthomosaic::1001-San-Carlos-Island.geo.tif,orthomosaic_surrogate::1001-San-Carlos-Island.geo.tif,orthomosaic_surrogate::1001-San-Carlos-Island.geo.tif,exact_group_0497,phash_group_0497,6ccbd5e2441c06abbbade9bc7fcc0671585c2da340ddb1a762a7612aaa0ea60a,d6322de5450f5a3a,0.0,,,
e817d050ed47dd9445a7af90ebedb6b6,60d137f3c8344218b0dafa78ff8e1e2f,718,evaluation,Train,Hurricane Ian,1002-Ft-Myers-Beach-TFD.geo.tif,minor damage,1,False,True,62881,45924,63607,46557,orthomosaic::1002-Ft-Myers-Beach-TFD.geo.tif,orthomosaic_surrogate::1002-Ft-Myers-Beach-TFD.geo.tif,orthomosaic_surrogate::1002-Ft-Myers-Beach-TFD.geo.tif,exact_group_0498,phash_group_0498,44792ec66fdb3221e7c8a94d63e6a51bf7e13e8e75c400b10e634203ea8b9195,af7a7fe060ca409c,0.0,13,203,61
e85b9de3803b3096eb5f69212a7f0b07,90674ad122ec45148df3ff3644b8f6f2,41,train,Train,Hurricane Ian,1001-San-Carlos-Island.geo.tif,no damage,0,True,False,12420,21543,12754,21858,orthomosaic::1001-San-Carlos-Island.geo.tif,orthomosaic_surrogate::1001-San-Carlos-Island.geo.tif,orthomosaic_surrogate::1001-San-Carlos-Island.geo.tif,exact_group_0499,phash_group_0499,08071b14d4a7ac3a898f520610e6d39e13568cf99159abe465a8d69e75ca69f1,d4613012e3bd1fce,0.0,,,
e9501fb8077a8f05f3f0687858257165,d2f0a2578dd049cf8faea4e5c081b4f6,225,evaluation,Train,Hurricane Ian,1002-Ft-Myers-Beach-TFD.geo.tif,major damage,2,False,True,30890,27069,31553,27720,orthomosaic::1002-Ft-Myers-Beach-TFD.geo.tif,orthomosaic_surrogate::1002-Ft-Myers-Beach-TFD.geo.tif,orthomosaic_surrogate::1002-Ft-Myers-Beach-TFD.geo.tif,exact_group_0500,phash_group_0500,fd29cdabafe4c18ff239835a0bb43121a382341b40ea149e1cd111ccdbb37e2b,a77c0adc70f92d03,0.0,13,51,15
ea1d82caee7e3ad042a6b2f88d4d8d13,27a81ebb7dc74133ba55947fbf809e24,281,evaluation,Train,Hurricane Ida,20210902-LA-DIV-01.geo.tif,major damage,2,False,True,54208,6692,54864,7331,orthomosaic::20210902-LA-DIV-01.geo.tif,orthomosaic_surrogate::20210902-LA-DIV-01.geo.tif,orthomosaic_surrogate::20210902-LA-DIV-01.geo.tif,exact_group_0501,phash_group_0501,c736b4e522544116603744f498610525e5540f46389681389daf9dbe69ea944b,d56b6ba465d2388a,0.0,26,116,35
eab9dd8c476af56cfb1acf0da96ce5d4,203df107475145708f01bacfa469e6c0,723,evaluation,Train,Hurricane Ian,1002-Ft-Myers-Beach-TFD.geo.tif,no damage,0,False,True,66510,39756,67238,40577,orthomosaic::1002-Ft-Myers-Beach-TFD.geo.tif,orthomosaic_surrogate::1002-Ft-Myers-Beach-TFD.geo.tif,orthomosaic_surrogate::1002-Ft-Myers-Beach-TFD.geo.tif,exact_group_0502,phash_group_0502,0bf905f7f33c602351f1202a404847f5d9d12e4c724fb2522183460dd8dc6f96,943e70216b697397,0.0,95,359,108
eb5b5717c26d60252e2a801115a2cf0e,700cd9b8be0448828f67b13bfc73cf28,432,train,Train,Hurricane Ian,1001-San-Carlos-Island.geo.tif,no damage,0,True,False,6670,7561,7056,7936,orthomosaic::1001-San-Carlos-Island.geo.tif,orthomosaic_surrogate::1001-San-Carlos-Island.geo.tif,orthomosaic_surrogate::1001-San-Carlos-Island.geo.tif,exact_group_0503,phash_group_0503,04d2e014f8ef4538a9bb503502fa59202ef4d2a0f35c3250037d8e4cf2ffebc1,d6606a940fd8ec37,0.0,,,
eb9d898f148bcd74f5efc69ff918ff4c,0c31d5c0dfd24e62b19063018af145cc,360,train,Train,Hurricane Ian,1001-San-Carlos-Island.geo.tif,no damage,0,True,False,26651,11633,27131,11991,orthomosaic::1001-San-Carlos-Island.geo.tif,orthomosaic_surrogate::1001-San-Carlos-Island.geo.tif,orthomosaic_surrogate::1001-San-Carlos-Island.geo.tif,exact_group_0504,phash_group_0504,6cc75b170686f59fa1374a7aabfc8b042a3e3800ff09d3b6013d524ebcab72f0,929f7be205224ebc,0.0,,,
ec3bbb73d1cb5d49a42fa9d3994cac99,1d5104adcb214c42853c4a7e987feabd,215,train,Train,Hurricane Ian,1001-San-Carlos-Island.geo.tif,minor damage,1,True,False,24685,21521,24979,21845,orthomosaic::1001-San-Carlos-Island.geo.tif,orthomosaic_surrogate::1001-San-Carlos-Island.geo.tif,orthomosaic_surrogate::1001-San-Carlos-Island.geo.tif,exact_group_0505,phash_group_0505,f477570bfeb95e7b81ae5645edc0c25ea5f479ac3fc88ac167115fc02a3022e0,d1b0e78fd8d09f80,0.0,,,
ecaed258898fe2281e635cd5e27ee260,342d75617b234dde912b450f78585a1b,405,evaluation,Train,Hurricane Ian,1002-Ft-Myers-Beach-TFD.geo.tif,minor damage,1,False,True,43680,40921,44340,41566,orthomosaic::1002-Ft-Myers-Beach-TFD.geo.tif,orthomosaic_surrogate::1002-Ft-Myers-Beach-TFD.geo.tif,orthomosaic_surrogate::1002-Ft-Myers-Beach-TFD.geo.tif,exact_group_0506,phash_group_0506,6b6dc0975d22db98ecc14c7c7abd3c55733d6cb2b5e90e644e0e444629183f92,f334e3c3c40d4e59,0.0,16,203,61
ece6c4027a351ccc483c3794d133ad59,ac786dad08504746aecdb69336221641,323,evaluation,Train,Hurricane Ian,1002-Ft-Myers-Beach-TFD.geo.tif,major damage,2,False,True,37996,35059,38772,35843,orthomosaic::1002-Ft-Myers-Beach-TFD.geo.tif,orthomosaic_surrogate::1002-Ft-Myers-Beach-TFD.geo.tif,orthomosaic_surrogate::1002-Ft-Myers-Beach-TFD.geo.tif,exact_group_0507,phash_group_0507,41e8b060467c14502c93fad1273d509f0f58a5cf363a191c3f9255796b5f8fbc,b7a558706aa9a157,0.0,8,51,15
ed5267eb35c78b8d82a2eb5c31973cdd,e915069410ec4e2fa92f3b110d437f5c,452,train,Train,Hurricane Ian,1001-San-Carlos-Island.geo.tif,minor damage,1,True,False,9608,11712,10102,12191,orthomosaic::1001-San-Carlos-Island.geo.tif,orthomosaic_surrogate::1001-San-Carlos-Island.geo.tif,orthomosaic_surrogate::1001-San-Carlos-Island.geo.tif,exact_group_0508,phash_group_0508,d716330e98781343a8b2e3a58215a22e307929f0a81cf0c8e872880e55f1206a,8e0d6aa77164656d,0.0,,,
edbd33cfb618ed06bc6157c8801f8e5d,2cda9049caf24aa584c44229cc8dee3c,40,evaluation,Train,Hurricane Ian,1002-Ft-Myers-Beach-TFD.geo.tif,no damage,0,False,True,13468,6328,14529,7296,orthomosaic::1002-Ft-Myers-Beach-TFD.geo.tif,orthomosaic_surrogate::1002-Ft-Myers-Beach-TFD.geo.tif,orthomosaic_surrogate::1002-Ft-Myers-Beach-TFD.geo.tif,exact_group_0509,phash_group_0509,d794abbf5a447ac2936ce4d67281af8ffbcc151b948e85ea4efe08581dd4f215,9b384e63728f41dc,0.0,87,359,108
eefa298bedee3de3378d3ac88a7f7d9a,4950df2e673c4a0995f53b68f9d66bfc,183,train,Train,Hurricane Ian,1001-San-Carlos-Island.geo.tif,no damage,0,True,False,22574,22331,22784,22497,orthomosaic::1001-San-Carlos-Island.geo.tif,orthomosaic_surrogate::1001-San-Carlos-Island.geo.tif,orthomosaic_surrogate::1001-San-Carlos-Island.geo.tif,exact_group_0510,phash_group_0510,ac3bf8bf9a4abe44f667ec17aed0d1d7c4d73d7672008ae247021cd86f05bfc5,902e6f886e955bd1,0.0,,,
eff9da7a36aa1aa72ce37fcee4834f2e,ca6aefc9121a47e1b9b8debe00cb00f3,104,train,Train,Hurricane Ian,1001-San-Carlos-Island.geo.tif,minor damage,1,True,False,17424,23661,17828,24345,orthomosaic::1001-San-Carlos-Island.geo.tif,orthomosaic_surrogate::1001-San-Carlos-Island.geo.tif,orthomosaic_surrogate::1001-San-Carlos-Island.geo.tif,exact_group_0511,phash_group_0511,21e06f96beae54eaac9cf12107553e0cc79b2ea3d78664a53c698e366285c0b6,9a3c6934613e6367,0.0,,,
f05add835ca92de99f72cd386097c4f4,6766f53754a54dbcb926ed95486a3a97,267,train,Train,Hurricane Ian,1001-San-Carlos-Island.geo.tif,no damage,0,True,False,24027,11228,24236,11433,orthomosaic::1001-San-Carlos-Island.geo.tif,orthomosaic_surrogate::1001-San-Carlos-Island.geo.tif,orthomosaic_surrogate::1001-San-Carlos-Island.geo.tif,exact_group_0512,phash_group_0512,f833a0f07a32982256ae56ef6007e2eef4707e5f26e9a60390386ae9845f9387,880d2cba73f1c3cd,0.0,,,
f0927119f3ad983c9b6df7d584d3cbc1,082db689d5664ab293e3515be4cd7192,200,evaluation,Train,Hurricane Ian,1002-Ft-Myers-Beach-TFD.geo.tif,no damage,0,False,True,27223,29768,27833,30479,orthomosaic::1002-Ft-Myers-Beach-TFD.geo.tif,orthomosaic_surrogate::1002-Ft-Myers-Beach-TFD.geo.tif,orthomosaic_surrogate::1002-Ft-Myers-Beach-TFD.geo.tif,exact_group_0513,phash_group_0513,71ded15982326b81416420b5e0ad2f794b0e0fbfb7c76ab5213851a6e3c64a5b,90b769da30cde361,0.0,35,359,108
f0a5d53fd7024af2662fc8fe7c7206b5,2c6001384ceb4c1c80d92fa55d2dca78,248,evaluation,Train,Hurricane Ian,1002-Ft-Myers-Beach-TFD.geo.tif,no damage,0,False,True,32802,24577,33498,25281,orthomosaic::1002-Ft-Myers-Beach-TFD.geo.tif,orthomosaic_surrogate::1002-Ft-Myers-Beach-TFD.geo.tif,orthomosaic_surrogate::1002-Ft-Myers-Beach-TFD.geo.tif,exact_group_0514,phash_group_0514,65221674691b82ba8cde2702153fd0f4c140b8c3422cf977bcf93dcdee3853df,b91c78516383693f,0.0,81,359,108
f1aad47858c19409b02f6c4c72560511,fbd90e5233c64d22b2f37a34d3312129,240,evaluation,Train,Hurricane Ida,20210902-LA-DIV-01.geo.tif,minor damage,1,False,True,51931,15211,52541,15910,orthomosaic::20210902-LA-DIV-01.geo.tif,orthomosaic_surrogate::20210902-LA-DIV-01.geo.tif,orthomosaic_surrogate::20210902-LA-DIV-01.geo.tif,exact_group_0515,phash_group_0515,f66bb1bb0fc25dffd3d00c3209151d9bf95aba5326ed1be5e5126ab1d626de6e,94b27346cd583973,0.0,28,100,30
f1c0fcceba3b23586d674fe150a2b3b0,9e026d62457047f48efc155da93eae93,502,evaluation,Train,Hurricane Ian,1002-Ft-Myers-Beach-TFD.geo.tif,minor damage,1,False,True,49952,41022,50440,41507,orthomosaic::1002-Ft-Myers-Beach-TFD.geo.tif,orthomosaic_surrogate::1002-Ft-Myers-Beach-TFD.geo.tif,orthomosaic_surrogate::1002-Ft-Myers-Beach-TFD.geo.tif,exact_group_0516,phash_group_0516,70217c2c01aec1382139c6c2ab0ffeb6982591f7e558624632584d5def8f161e,97185f7a43e26a8a,0.0,21,203,61
f1e144d99bbe1a1f73f4ad9e1faa2de7,53193a5ec10b49e2b2fb0c11b549cb5b,150,evaluation,Train,Hurricane Ida,20210902-LA-DIV-01.geo.tif,major damage,2,False,True,38502,18518,38841,18835,orthomosaic::20210902-LA-DIV-01.geo.tif,orthomosaic_surrogate::20210902-LA-DIV-01.geo.tif,orthomosaic_surrogate::20210902-LA-DIV-01.geo.tif,exact_group_0517,phash_group_0517,7d1180565060dcc24f5a4580e60402af0f1780fd9ca8981cb6380c2c3a48f75c,d6e9662569721593,0.0,5,116,35
f25bd4ffffc1d6c6ef906e3836a083c7,f9176098f25c499db5ef5411e3a23955,136,evaluation,Train,Hurricane Ida,20210902-LA-DIV-01.geo.tif,major damage,2,False,True,36898,27084,39118,29040,orthomosaic::20210902-LA-DIV-01.geo.tif,orthomosaic_surrogate::20210902-LA-DIV-01.geo.tif,orthomosaic_surrogate::20210902-LA-DIV-01.geo.tif,exact_group_0518,phash_group_0518,08307953af554ba3bed0d104840739468f5a07875fc0d5a2078eb41f525980af,96961d4d6a6e52a9,0.0,19,116,35
f2f63ff69e86137233976858bf254f0f,213ad05a28124dbea0cfb16493437e81,756,evaluation,Train,Hurricane Ian,1002-Ft-Myers-Beach-TFD.geo.tif,no damage,0,False,True,9979,15559,10733,16301,orthomosaic::1002-Ft-Myers-Beach-TFD.geo.tif,orthomosaic_surrogate::1002-Ft-Myers-Beach-TFD.geo.tif,orthomosaic_surrogate::1002-Ft-Myers-Beach-TFD.geo.tif,exact_group_0519,phash_group_0519,5ea1e4d4083dae9d5e42048a19c24ff803376270e67b5586a1d7bca65b1f8f21,dc713fe221cb1625,0.0,53,359,108
f3700c8117d0aa2f4fbc98f098192bea,842410e768964217879cb6ef8da1ace5,100,evaluation,Train,Hurricane Ian,1002-Ft-Myers-Beach-TFD.geo.tif,destroyed,3,False,True,16957,18613,17484,19127,orthomosaic::1002-Ft-Myers-Beach-TFD.geo.tif,orthomosaic_surrogate::1002-Ft-Myers-Beach-TFD.geo.tif,orthomosaic_surrogate::1002-Ft-Myers-Beach-TFD.geo.tif,exact_group_0520,phash_group_0520,edea787bf61fbabf1636fabed426b206abff7141bf64948498c5112e3f95ab8d,f21ce5510c3bc1f5,0.0,15,148,44
f38d61ad38c0efeec3018c8c53d0c0a0,f82697e0bb0b40859c3b70a258ad54ca,122,evaluation,Train,Hurricane Ian,1002-Ft-Myers-Beach-TFD.geo.tif,destroyed,3,False,True,17755,16246,18309,16813,orthomosaic::1002-Ft-Myers-Beach-TFD.geo.tif,orthomosaic_surrogate::1002-Ft-Myers-Beach-TFD.geo.tif,orthomosaic_surrogate::1002-Ft-Myers-Beach-TFD.geo.tif,exact_group_0521,phash_group_0521,ca4e5dafee4100d0079e30c6a06956725be398a2056115a78a91435109728ae7,81f31e8fd99cd015,0.0,19,148,44
f3cc052c25948f3ce27cfef798598053,a5ca02a321e0409ea9c82479a1fd5710,409,evaluation,Train,Hurricane Ian,1002-Ft-Myers-Beach-TFD.geo.tif,no damage,0,False,True,43171,43353,43900,44393,orthomosaic::1002-Ft-Myers-Beach-TFD.geo.tif,orthomosaic_surrogate::1002-Ft-Myers-Beach-TFD.geo.tif,orthomosaic_surrogate::1002-Ft-Myers-Beach-TFD.geo.tif,exact_group_0522,phash_group_0522,81a59c5461a5fb26d483146490aea9bc749eb624df506df164abc6f92f1aeea5,9032333dc3e42fe6,0.0,38,359,108
f4b977242ec1088e514f9d00d175e4d7,e2f80a50c92f4539bfd640c09a6f63f1,583,evaluation,Train,Hurricane Ian,1002-Ft-Myers-Beach-TFD.geo.tif,no damage,0,False,True,53239,38472,53586,38615,orthomosaic::1002-Ft-Myers-Beach-TFD.geo.tif,orthomosaic_surrogate::1002-Ft-Myers-Beach-TFD.geo.tif,orthomosaic_surrogate::1002-Ft-Myers-Beach-TFD.geo.tif,exact_group_0523,phash_group_0523,5e5b8e39e2f6d73455cde80d877decee239ef35347a4732c171c48c24d03272a,87af7c5683899067,0.0,74,359,108
f6a97f7d36108c6c724737cd84c7eed7,ff547161a83647f093cb2e7d75f4c2ed,197,evaluation,Train,Hurricane Ida,20210902-LA-DIV-01.geo.tif,no damage,0,False,True,46874,17038,47454,17583,orthomosaic::20210902-LA-DIV-01.geo.tif,orthomosaic_surrogate::20210902-LA-DIV-01.geo.tif,orthomosaic_surrogate::20210902-LA-DIV-01.geo.tif,exact_group_0524,phash_group_0524,bf92329aba3508e9d47460f640dba9af90fbd7a1fbe96ea3ba78c5b45ecae1fb,cc842e5626da15fb,0.0,17,57,17
f7a8816a9de6b19cea7460e04be1b544,740f3ffd86124756af4e0226fb11fdd7,249,train,Train,Hurricane Ian,1001-San-Carlos-Island.geo.tif,minor damage,1,True,False,23766,18956,24390,19372,orthomosaic::1001-San-Carlos-Island.geo.tif,orthomosaic_surrogate::1001-San-Carlos-Island.geo.tif,orthomosaic_surrogate::1001-San-Carlos-Island.geo.tif,exact_group_0525,phash_group_0525,1583fd562fa72142d92cc6022a16c93c49abffc8b955b16dde18500e21c500da,b41d6d6a4ab06d5a,0.0,,,
f7b307d1c58bd2b4fc0b23717174f5e7,116bfa72879747c1beacd825c29dc57a,319,train,Train,Hurricane Ian,1001-San-Carlos-Island.geo.tif,no damage,0,True,False,25971,19309,26417,19665,orthomosaic::1001-San-Carlos-Island.geo.tif,orthomosaic_surrogate::1001-San-Carlos-Island.geo.tif,orthomosaic_surrogate::1001-San-Carlos-Island.geo.tif,exact_group_0526,phash_group_0526,d9b7d43114b741d3784bfe5ef9cd894aabb2a62eb4e098b6176027b35057c7c6,857362c01b3f1f3a,0.0,,,
f90c640ea9be23d95e702d1dda8588ac,72b5605bc36e49288f62c2af690daee4,284,evaluation,Train,Hurricane Ida,20210902-LA-DIV-01.geo.tif,major damage,2,False,True,54414,10146,54844,10578,orthomosaic::20210902-LA-DIV-01.geo.tif,orthomosaic_surrogate::20210902-LA-DIV-01.geo.tif,orthomosaic_surrogate::20210902-LA-DIV-01.geo.tif,exact_group_0527,phash_group_0527,a9a78309087ecd1052a8658aad710588d7549dcf67e9d1c8c491583b571f9c6a,93924c6b5a99c96d,0.0,28,116,35
f95a80c3a32f6fb3e4979a4798ff36c1,fe82612f6e1942ac97036fe771509425,70,train,Train,Hurricane Ian,1001-San-Carlos-Island.geo.tif,minor damage,1,True,False,14415,17119,14935,17490,orthomosaic::1001-San-Carlos-Island.geo.tif,orthomosaic_surrogate::1001-San-Carlos-Island.geo.tif,orthomosaic_surrogate::1001-San-Carlos-Island.geo.tif,exact_group_0528,phash_group_0528,50eb8a7a663a91bfb820d832d1b07b41c7b73ca74bb94115251ce3b1ab251eff,975250af6b8f48e8,0.0,,,
fb5c37638c8f6de98f7d797e16ba34a4,81a4b0bed5244b00a31120387cfdd081,769,evaluation,Train,Hurricane Ian,1002-Ft-Myers-Beach-TFD.geo.tif,no damage,0,False,True,10783,9000,11527,9740,orthomosaic::1002-Ft-Myers-Beach-TFD.geo.tif,orthomosaic_surrogate::1002-Ft-Myers-Beach-TFD.geo.tif,orthomosaic_surrogate::1002-Ft-Myers-Beach-TFD.geo.tif,exact_group_0529,phash_group_0529,7f30eca51738efde4117d2c17c448484748a2311b174bcc3ed73509e67042be9,9a235a8bea8b215f,0.0,105,359,108
fb7e61c9ffa7f06fbaf0178e91db5ecc,0195b3c3142c4e82b6fbd48e773e685f,684,evaluation,Train,Hurricane Ian,1002-Ft-Myers-Beach-TFD.geo.tif,no damage,0,False,True,59240,42364,60055,42938,orthomosaic::1002-Ft-Myers-Beach-TFD.geo.tif,orthomosaic_surrogate::1002-Ft-Myers-Beach-TFD.geo.tif,orthomosaic_surrogate::1002-Ft-Myers-Beach-TFD.geo.tif,exact_group_0530,phash_group_0530,df1b0032764006635a122ef8ae540c870d8500f68893e27bc91b2f44c2e146f5,870d5b923cec198f,0.0,25,359,108
fba191b0cb3d5fffb4823ae16f28e1c2,152e4ca5d0634d139a02f179191d558e,51,evaluation,Train,Hurricane Ian,1002-Ft-Myers-Beach-TFD.geo.tif,no damage,0,False,True,11790,10060,12582,10689,orthomosaic::1002-Ft-Myers-Beach-TFD.geo.tif,orthomosaic_surrogate::1002-Ft-Myers-Beach-TFD.geo.tif,orthomosaic_surrogate::1002-Ft-Myers-Beach-TFD.geo.tif,exact_group_0531,phash_group_0531,3ee2342a7ccc19488cabca735f98aee8fe3e3445994c0ac6a3feab63e5309b58,900b7ba72b5d05dc,0.0,19,359,108
fbc14480c2e1d3085d573fb41667e1c8,e3f3a61b74a04833b24eec164d743450,72,train,Train,Hurricane Ian,1001-San-Carlos-Island.geo.tif,major damage,2,True,False,15157,17184,15374,17561,orthomosaic::1001-San-Carlos-Island.geo.tif,orthomosaic_surrogate::1001-San-Carlos-Island.geo.tif,orthomosaic_surrogate::1001-San-Carlos-Island.geo.tif,exact_group_0532,phash_group_0532,37e4a92405d21aef63e60ba2c3851800039b3b5005c3a77d86ee5ff157ff34dc,923669c3e338b61b,0.0,,,
fcf332664e36ee00604cbdf23a110288,3da185b0afe24f08902b2f1bbe636bea,411,evaluation,Train,Hurricane Ian,1002-Ft-Myers-Beach-TFD.geo.tif,no damage,0,False,True,45208,28782,45927,29468,orthomosaic::1002-Ft-Myers-Beach-TFD.geo.tif,orthomosaic_surrogate::1002-Ft-Myers-Beach-TFD.geo.tif,orthomosaic_surrogate::1002-Ft-Myers-Beach-TFD.geo.tif,exact_group_0533,phash_group_0533,64fc990a7ed7a8beb50c9437bdc4d97f7220ca5d1d3b5ef11dd111115b64d0f8,8d4f5c784a1837b6,0.0,31,359,108
fd5329374c939fdcb6705a7bfd801949,47994f4ffd7f44388562046d84046b74,378,evaluation,Train,Hurricane Ian,1002-Ft-Myers-Beach-TFD.geo.tif,destroyed,3,False,True,42102,39240,42733,39789,orthomosaic::1002-Ft-Myers-Beach-TFD.geo.tif,orthomosaic_surrogate::1002-Ft-Myers-Beach-TFD.geo.tif,orthomosaic_surrogate::1002-Ft-Myers-Beach-TFD.geo.tif,exact_group_0534,phash_group_0534,ccbd066b20c589be516020978d668728e670cfd88b51ff79ccdaeabfa12abafc,dfb6285b36652a42,0.0,17,148,44
fe6469589283da33e6d0f8625c73c1c1,a032a37f79db4f8aab76fada7d57fd86,243,evaluation,Train,Hurricane Ian,1002-Ft-Myers-Beach-TFD.geo.tif,no damage,0,False,True,30227,32181,30741,32813,orthomosaic::1002-Ft-Myers-Beach-TFD.geo.tif,orthomosaic_surrogate::1002-Ft-Myers-Beach-TFD.geo.tif,orthomosaic_surrogate::1002-Ft-Myers-Beach-TFD.geo.tif,exact_group_0535,phash_group_0535,728c5e19dd314ef8e622b04b46c5133b8a485de1058430649dc667ef44bf7775,d0b461dac20fe16f,0.0,36,359,108
fed1c23f4498520a0af993da030d6cea,0b7d8f022c834f42b8089d90d48a2425,11,train,Train,Hurricane Ian,1001-San-Carlos-Island.geo.tif,no damage,0,True,False,11586,13417,12086,13931,orthomosaic::1001-San-Carlos-Island.geo.tif,orthomosaic_surrogate::1001-San-Carlos-Island.geo.tif,orthomosaic_surrogate::1001-San-Carlos-Island.geo.tif,exact_group_0536,phash_group_0536,cc35341e8fac5ebbf33549c61f4a1760f7a6524c977c48cab1f6c68e595b8ffa,92254f5a729e39e1,0.0,,,
ff7110d544078b4c7ff943c0cd0b25e6,7af8f4d639e8455281e474ee5d9e3a44,10,train,Train,Hurricane Ian,1001-San-Carlos-Island.geo.tif,minor damage,1,True,False,12645,13702,13187,14150,orthomosaic::1001-San-Carlos-Island.geo.tif,orthomosaic_surrogate::1001-San-Carlos-Island.geo.tif,orthomosaic_surrogate::1001-San-Carlos-Island.geo.tif,exact_group_0537,phash_group_0537,93e481bb22f926f0ce12e8a37fedaeeae86399f2d53a5af797d31f8ba9dcee0d,e0181bff4ee52cc2,0.0,,,
ffde7a3cec18cffea04f1e2ae6db3743,bcbc32be3d4f4c039717ed69851f6e74,420,evaluation,Train,Hurricane Ian,1002-Ft-Myers-Beach-TFD.geo.tif,no damage,0,False,True,44425,37699,45104,38269,orthomosaic::1002-Ft-Myers-Beach-TFD.geo.tif,orthomosaic_surrogate::1002-Ft-Myers-Beach-TFD.geo.tif,orthomosaic_surrogate::1002-Ft-Myers-Beach-TFD.geo.tif,exact_group_0538,phash_group_0538,9317781990748c0e7f752891791d4df81fc3547542517f8637c937a0bf86965d,8fa6635834e351cb,0.0,77,359,108
